# Blender 5.1.0
# www.blender.org
mtllib bush001.mtl
o bush.001
v -1.503141 1.653862 -0.708334
v -1.506576 1.667780 -0.692830
v -1.520236 1.663223 -0.677386
v -1.530461 1.644748 -0.677445
v -1.527026 1.630829 -0.692949
v -1.513366 1.635386 -0.708393
v -1.411116 1.708523 -0.862483
v -1.426301 1.835347 -0.702003
v -1.519610 1.772853 -0.530373
v -1.597734 1.583536 -0.519223
v -1.582549 1.456712 -0.679704
v -1.489241 1.519206 -0.851333
v -1.456274 1.716762 -0.860892
v -1.470025 1.831612 -0.715563
v -1.554524 1.775019 -0.560137
v -1.625273 1.603575 -0.550040
v -1.611522 1.488725 -0.695369
v -1.527022 1.545319 -0.850795
v -1.567209 1.670452 -0.716094
v -1.457620 1.625455 -0.613190
v -1.462027 1.643312 -0.593298
v -1.479553 1.637466 -0.573483
v -1.492671 1.613762 -0.573559
v -1.488264 1.595904 -0.593450
v -1.470739 1.601751 -0.613266
v -1.518413 1.506775 -0.738945
v -1.422560 1.653306 -0.735506
v -1.461895 1.434800 -1.007525
v -1.328210 1.639166 -1.002729
v -1.474367 1.547259 -0.734434
v -1.442406 1.596005 -0.733188
v -1.339072 1.561183 -1.155822
v -1.391570 1.481004 -1.157715
v -1.473684 1.435780 -0.968552
v -1.485839 1.447375 -0.907271
v -1.504904 1.479733 -0.809247
v -1.390867 1.654064 -0.805155
v -1.351481 1.652771 -0.902450
v -1.334671 1.648291 -0.963564
v -1.448979 1.525315 -0.803361
v -1.418113 1.499327 -0.899891
v -1.406380 1.490781 -0.961653
v -1.410553 1.584008 -0.801872
v -1.372178 1.569600 -0.898123
v -1.358246 1.564477 -0.959806
v -1.454504 1.569071 -0.732841
v -1.362172 1.519573 -1.179747
v -1.424797 1.551383 -0.801339
v -1.389062 1.530449 -0.897393
v -1.375900 1.523397 -0.959028
v -1.392237 1.479715 -1.057608
v -1.438385 1.442997 -1.062196
v -1.325488 1.615147 -1.059051
v -1.340566 1.558848 -1.056058
v -1.359986 1.515042 -1.055131
v -1.369589 1.520273 -0.998855
v -1.398547 1.488005 -1.001218
v -1.351664 1.559822 -0.999422
v -1.528656 1.513552 -0.742211
v -1.432803 1.660083 -0.738772
v -1.472138 1.441577 -1.010791
v -1.338453 1.645943 -1.005995
v -1.497004 1.562196 -0.740439
v -1.465039 1.610940 -0.739192
v -1.349315 1.567960 -1.159088
v -1.401813 1.487781 -1.160981
v -1.483927 1.442557 -0.971818
v -1.496082 1.454152 -0.910537
v -1.515147 1.486511 -0.812513
v -1.401110 1.660841 -0.808421
v -1.361724 1.659548 -0.905717
v -1.344914 1.655068 -0.966831
v -1.471765 1.540351 -0.809405
v -1.440993 1.514426 -0.905960
v -1.429194 1.505835 -0.967704
v -1.433334 1.599041 -0.807915
v -1.395055 1.584696 -0.904191
v -1.381056 1.579529 -0.965856
v -1.477126 1.583999 -0.738841
v -1.372415 1.526350 -1.183014
v -1.447525 1.566382 -0.807368
v -1.411837 1.545478 -0.903435
v -1.398622 1.538391 -0.965055
v -1.414998 1.494735 -1.063646
v -1.448628 1.449774 -1.065462
v -1.335731 1.621924 -1.062317
v -1.363322 1.573865 -1.062095
v -1.382680 1.530018 -1.061151
v -1.392204 1.535197 -1.004854
v -1.421323 1.503035 -1.007259
v -1.374437 1.574850 -1.005463
v -1.456648 1.583664 -0.743593
v -1.450575 1.733518 -0.653160
v -1.297832 1.669049 -0.962675
v -1.289363 1.878047 -0.836549
v -1.441535 1.629109 -0.707459
v -1.439483 1.678937 -0.677255
v -1.216175 1.882365 -0.992311
v -1.219535 1.800357 -1.041827
v -1.319191 1.647723 -0.935328
v -1.352452 1.624519 -0.886412
v -1.412114 1.598864 -0.803940
v -1.404889 1.777146 -0.696351
v -1.343940 1.834571 -0.759650
v -1.310384 1.865051 -0.804176
v -1.390118 1.651713 -0.759635
v -1.324293 1.685736 -0.833498
v -1.292737 1.711530 -0.882119
v -1.387690 1.711694 -0.723304
v -1.321443 1.757535 -0.790044
v -1.289777 1.786818 -0.836573
v -1.436337 1.652729 -0.690490
v -1.207929 1.851924 -1.035239
v -1.383573 1.680030 -0.739050
v -1.316356 1.719562 -0.808768
v -1.284392 1.746988 -0.856181
v -1.248157 1.752091 -0.958914
v -1.266824 1.709089 -0.994987
v -1.259197 1.885656 -0.889357
v -1.244866 1.833132 -0.910376
v -1.239640 1.790420 -0.931479
v -1.266246 1.765173 -0.887419
v -1.273584 1.730372 -0.912328
v -1.270718 1.803735 -0.867958
v -1.467464 1.587428 -0.749103
v -1.461391 1.737281 -0.658670
v -1.308649 1.672812 -0.968185
v -1.300179 1.881811 -0.842059
v -1.465768 1.636824 -0.718633
v -1.463712 1.686651 -0.688428
v -1.226992 1.886128 -0.997821
v -1.230352 1.804121 -1.047336
v -1.330008 1.651486 -0.940838
v -1.363269 1.628283 -0.891921
v -1.422931 1.602627 -0.809450
v -1.415706 1.780909 -0.701861
v -1.354756 1.838334 -0.765160
v -1.321200 1.868814 -0.809685
v -1.414510 1.659478 -0.770882
v -1.348787 1.693534 -0.844792
v -1.317159 1.719305 -0.893381
v -1.412078 1.719459 -0.734549
v -1.345932 1.765332 -0.801337
v -1.314196 1.794592 -0.847833
v -1.460553 1.660439 -0.701656
v -1.218746 1.855687 -1.040749
v -1.407904 1.687776 -0.750269
v -1.340737 1.727324 -0.820010
v -1.308716 1.754732 -0.867397
v -1.272523 1.759848 -0.970149
v -1.277641 1.712852 -1.000497
v -1.270014 1.889419 -0.894867
v -1.269227 1.840887 -0.921609
v -1.263935 1.798154 -0.942682
v -1.290456 1.772880 -0.898582
v -1.297967 1.738135 -0.923571
v -1.295097 1.811496 -0.879200
v -1.419135 1.717966 -0.731070
v -1.505349 1.740800 -0.580349
v -1.317738 1.982044 -0.753236
v -1.437979 2.013890 -0.543027
v -1.435050 1.722721 -0.673421
v -1.463701 1.730224 -0.623201
v -1.367148 2.155687 -0.610209
v -1.319996 2.143198 -0.692726
v -1.325698 1.942321 -0.757427
v -1.344210 1.881639 -0.753882
v -1.385905 1.786077 -0.741683
v -1.488474 1.813243 -0.562369
v -1.465058 1.913646 -0.542615
v -1.450732 1.975436 -0.538841
v -1.400953 1.791342 -0.671074
v -1.359561 1.887421 -0.669792
v -1.343928 1.948854 -0.672413
v -1.435475 1.800381 -0.610657
v -1.400928 1.898250 -0.597522
v -1.387327 1.960214 -0.596657
v -1.445364 1.725677 -0.645894
v -1.339786 2.172339 -0.652771
v -1.413079 1.794808 -0.637767
v -1.373961 1.891497 -0.629857
v -1.359003 1.953122 -0.630529
v -1.323478 2.044075 -0.679094
v -1.311866 2.039559 -0.736919
v -1.412984 2.067302 -0.559726
v -1.370066 2.056699 -0.597826
v -1.340139 2.048973 -0.634455
v -1.351617 1.992849 -0.632254
v -1.336163 1.988529 -0.672602
v -1.378466 1.999601 -0.598799
v -1.429708 1.720765 -0.737542
v -1.515922 1.743599 -0.586821
v -1.328311 1.984843 -0.759708
v -1.448553 2.016690 -0.549499
v -1.458434 1.727703 -0.687562
v -1.487081 1.735207 -0.637340
v -1.377721 2.158486 -0.616681
v -1.330569 2.145998 -0.699198
v -1.336271 1.945120 -0.763899
v -1.354784 1.884438 -0.760354
v -1.396478 1.788876 -0.748155
v -1.499047 1.816042 -0.568841
v -1.475631 1.916445 -0.549087
v -1.461305 1.978236 -0.545313
v -1.424490 1.796357 -0.685308
v -1.383197 1.892457 -0.684085
v -1.367495 1.953875 -0.686665
v -1.459008 1.805396 -0.624889
v -1.424560 1.903286 -0.611813
v -1.410891 1.965235 -0.610907
v -1.468732 1.730656 -0.660025
v -1.350359 2.175138 -0.659243
v -1.436558 1.799811 -0.651965
v -1.397487 1.896510 -0.644084
v -1.382475 1.958123 -0.644723
v -1.346990 2.049085 -0.693313
v -1.322439 2.042359 -0.743391
v -1.423557 2.070101 -0.566198
v -1.393574 2.061708 -0.612042
v -1.363583 2.053969 -0.648632
v -1.374979 1.997827 -0.646382
v -1.359692 1.993542 -0.686830
v -1.401992 2.004614 -0.613026
v -1.464977 1.811206 -0.602356
v -1.511853 1.644186 -0.578310
v -1.583113 1.914628 -0.366013
v -1.648489 1.681687 -0.332477
v -1.468336 1.753648 -0.585770
v -1.483829 1.698011 -0.577786
v -1.711101 1.793599 -0.217619
v -1.685480 1.885021 -0.230803
v -1.561731 1.908810 -0.400187
v -1.531569 1.888391 -0.452252
v -1.491483 1.845169 -0.539111
v -1.547252 1.646464 -0.510504
v -1.597275 1.654277 -0.418547
v -1.629713 1.666586 -0.365314
v -1.492134 1.776395 -0.516537
v -1.530226 1.807457 -0.424177
v -1.562727 1.825991 -0.372939
v -1.510819 1.709442 -0.506956
v -1.552639 1.727341 -0.412748
v -1.586252 1.741998 -0.360974
v -1.472295 1.725166 -0.578989
v -1.711877 1.845679 -0.206460
v -1.496603 1.742060 -0.508199
v -1.535431 1.766333 -0.414153
v -1.568163 1.782870 -0.362414
v -1.616216 1.855531 -0.296806
v -1.616033 1.911530 -0.315859
v -1.671603 1.715417 -0.286820
v -1.641779 1.765484 -0.283683
v -1.622664 1.809387 -0.285698
v -1.591069 1.793773 -0.330914
v -1.585043 1.835658 -0.340644
v -1.607981 1.753822 -0.328998
v -1.475470 1.813157 -0.609256
v -1.522346 1.646138 -0.585210
v -1.593605 1.916579 -0.372913
v -1.658982 1.683638 -0.339377
v -1.490667 1.757616 -0.601807
v -1.506157 1.701979 -0.593820
v -1.721594 1.795550 -0.224519
v -1.695972 1.886972 -0.237703
v -1.572223 1.910762 -0.407087
v -1.542061 1.890342 -0.459152
v -1.501976 1.847121 -0.546011
v -1.557744 1.648416 -0.517404
v -1.607767 1.656228 -0.425447
v -1.640206 1.668538 -0.372214
v -1.514612 1.780389 -0.532679
v -1.552798 1.811467 -0.440387
v -1.585232 1.829990 -0.389101
v -1.533293 1.713436 -0.523095
v -1.575206 1.731351 -0.428955
v -1.608754 1.745996 -0.377134
v -1.494610 1.729131 -0.595015
v -1.722369 1.847630 -0.213360
v -1.519025 1.746044 -0.524301
v -1.557899 1.770325 -0.430288
v -1.590578 1.786853 -0.378511
v -1.638669 1.859521 -0.312931
v -1.626526 1.913482 -0.322759
v -1.682095 1.717368 -0.293720
v -1.664228 1.769473 -0.299805
v -1.645053 1.813365 -0.301776
v -1.613379 1.797737 -0.346936
v -1.607512 1.839651 -0.356780
v -1.630447 1.757814 -0.345132
v -1.489340 1.718818 -0.577468
v -1.514996 1.575242 -0.674417
v -1.626613 1.629139 -0.345900
v -1.662395 1.428897 -0.481113
v -1.485739 1.664798 -0.603318
v -1.494164 1.616997 -0.635619
v -1.742200 1.430671 -0.328585
v -1.728192 1.509272 -0.275538
v -1.603678 1.649218 -0.372913
v -1.569640 1.671047 -0.421928
v -1.521822 1.699880 -0.510818
v -1.552345 1.529067 -0.626158
v -1.605603 1.469795 -0.557822
v -1.640886 1.440995 -0.513514
v -1.514265 1.633757 -0.539289
v -1.558702 1.592391 -0.454082
v -1.594791 1.569534 -0.407174
v -1.524444 1.576249 -0.578184
v -1.570934 1.523596 -0.500656
v -1.607641 1.497419 -0.456019
v -1.486192 1.638840 -0.617419
v -1.749999 1.461835 -0.286095
v -1.514515 1.602379 -0.556134
v -1.558857 1.554795 -0.474213
v -1.594932 1.530104 -0.428270
v -1.653824 1.536656 -0.336717
v -1.660301 1.590917 -0.314073
v -1.690973 1.421756 -0.427366
v -1.667948 1.459121 -0.388899
v -1.654596 1.494517 -0.359476
v -1.619955 1.515462 -0.400070
v -1.619093 1.553491 -0.379130
v -1.631630 1.483235 -0.426731
v -1.499792 1.724053 -0.582455
v -1.525448 1.580477 -0.679403
v -1.637065 1.634374 -0.350887
v -1.672847 1.434132 -0.486100
v -1.507920 1.676702 -0.615061
v -1.516342 1.628899 -0.647360
v -1.752652 1.435906 -0.333572
v -1.738644 1.514507 -0.280525
v -1.614130 1.654453 -0.377899
v -1.580092 1.676282 -0.426915
v -1.532274 1.705114 -0.515804
v -1.562797 1.534302 -0.631145
v -1.616055 1.475030 -0.562809
v -1.651338 1.446230 -0.518501
v -1.536592 1.645739 -0.551109
v -1.581122 1.604422 -0.465951
v -1.617146 1.581531 -0.419008
v -1.546767 1.588229 -0.590002
v -1.593350 1.535626 -0.512523
v -1.629993 1.509414 -0.467851
v -1.508358 1.650736 -0.629154
v -1.760451 1.467070 -0.291081
v -1.536787 1.614331 -0.567925
v -1.581174 1.566771 -0.486027
v -1.617197 1.542053 -0.440057
v -1.676127 1.548625 -0.348524
v -1.670753 1.596152 -0.319060
v -1.701425 1.426991 -0.432352
v -1.690248 1.471087 -0.400704
v -1.676834 1.506452 -0.371248
v -1.642116 1.527355 -0.411801
v -1.641412 1.565468 -0.390945
v -1.653946 1.495210 -0.438544
v -1.494518 1.593013 -0.562898
v -1.446774 1.555476 -0.727162
v -1.704660 1.403316 -0.543780
v -1.638072 1.350964 -0.772877
v -1.469918 1.569409 -0.612264
v -1.453910 1.556906 -0.666914
v -1.778031 1.268668 -0.715642
v -1.804188 1.289243 -0.625749
v -1.675829 1.431168 -0.536575
v -1.627519 1.472444 -0.536500
v -1.550105 1.542099 -0.549709
v -1.493304 1.497441 -0.745135
v -1.560597 1.419829 -0.766751
v -1.606588 1.376729 -0.774802
v -1.518714 1.510537 -0.606790
v -1.589272 1.433407 -0.602481
v -1.638213 1.393142 -0.605434
v -1.499476 1.495524 -0.672579
v -1.566286 1.415488 -0.681233
v -1.614132 1.374379 -0.688014
v -1.459223 1.559583 -0.637992
v -1.809896 1.265477 -0.673076
v -1.505619 1.498471 -0.637635
v -1.573480 1.418888 -0.639340
v -1.621641 1.377900 -0.644071
v -1.716180 1.334670 -0.611107
v -1.741848 1.361092 -0.564825
v -1.686413 1.316346 -0.758000
v -1.690711 1.314339 -0.699832
v -1.698911 1.318640 -0.652809
v -1.653798 1.353678 -0.647944
v -1.669423 1.367852 -0.609993
v -1.645972 1.349585 -0.690462
v -1.502241 1.602130 -0.567226
v -1.454498 1.564594 -0.731490
v -1.712383 1.412434 -0.548108
v -1.645795 1.360082 -0.777205
v -1.485914 1.590097 -0.621631
v -1.469905 1.577590 -0.676280
v -1.785753 1.277786 -0.719970
v -1.811911 1.298361 -0.630077
v -1.683552 1.440285 -0.540904
v -1.635243 1.481562 -0.540828
v -1.557828 1.551217 -0.554037
v -1.501027 1.506559 -0.749463
v -1.568320 1.428946 -0.771079
v -1.614311 1.385847 -0.779131
v -1.534816 1.531360 -0.616219
v -1.605441 1.454316 -0.611949
v -1.654335 1.413991 -0.614875
v -1.515576 1.516344 -0.682006
v -1.582453 1.436394 -0.690700
v -1.630252 1.395225 -0.697453
v -1.475209 1.580257 -0.647353
v -1.817619 1.274595 -0.677404
v -1.521681 1.519243 -0.647040
v -1.589575 1.439701 -0.648764
v -1.637698 1.398665 -0.653473
v -1.732265 1.355471 -0.620525
v -1.749572 1.370210 -0.569154
v -1.694136 1.325464 -0.762328
v -1.706793 1.335135 -0.709249
v -1.714949 1.339380 -0.662200
v -1.669780 1.374346 -0.657303
v -1.685519 1.388667 -0.619418
v -1.662065 1.370398 -0.699886
v -1.526028 1.527883 -0.639677
v -1.412353 1.575857 -0.763964
v -1.674375 1.344533 -0.797430
v -1.515832 1.411443 -0.970772
v -1.479680 1.531899 -0.677559
v -1.441747 1.547851 -0.718860
v -1.642194 1.306493 -1.022301
v -1.704438 1.280268 -0.954285
v -1.658168 1.366559 -0.767246
v -1.625174 1.404516 -0.728410
v -1.568148 1.474827 -0.675272
v -1.432907 1.531903 -0.823138
v -1.465833 1.471762 -0.902625
v -1.493307 1.436135 -0.947497
v -1.510876 1.475844 -0.719530
v -1.556593 1.403528 -0.779751
v -1.589316 1.367818 -0.820728
v -1.465250 1.495080 -0.769247
v -1.502026 1.426599 -0.839262
v -1.532124 1.392033 -0.883131
v -1.458033 1.536079 -0.697225
v -1.685894 1.282005 -1.004188
v -1.484609 1.480615 -0.743103
v -1.525051 1.409147 -0.807899
v -1.556231 1.373689 -0.850235
v -1.642478 1.316364 -0.884418
v -1.689311 1.316260 -0.848285
v -1.556115 1.372123 -0.995016
v -1.581348 1.342215 -0.951717
v -1.607422 1.323046 -0.916367
v -1.577554 1.353113 -0.877762
v -1.609273 1.346672 -0.848818
v -1.553560 1.370282 -0.909624
v -1.533539 1.537657 -0.642773
v -1.419863 1.585631 -0.767060
v -1.681885 1.354307 -0.800526
v -1.523342 1.421216 -0.973868
v -1.495528 1.553915 -0.683542
v -1.457591 1.569864 -0.724843
v -1.649704 1.316267 -1.025398
v -1.711948 1.290042 -0.957381
v -1.665678 1.376333 -0.770343
v -1.632684 1.414289 -0.731506
v -1.575659 1.484601 -0.678368
v -1.440417 1.541676 -0.826234
v -1.473343 1.481535 -0.905722
v -1.500817 1.445909 -0.950593
v -1.526828 1.498004 -0.725553
v -1.572610 1.425780 -0.785798
v -1.605287 1.390006 -0.826759
v -1.481198 1.517237 -0.775269
v -1.518041 1.448848 -0.845309
v -1.548093 1.414218 -0.889161
v -1.473869 1.558080 -0.703204
v -1.693404 1.291778 -1.007285
v -1.500521 1.502720 -0.749111
v -1.540994 1.431297 -0.813919
v -1.572137 1.395787 -0.856241
v -1.658411 1.338500 -0.890434
v -1.696821 1.326034 -0.851382
v -1.563625 1.381897 -0.998112
v -1.597279 1.364347 -0.957732
v -1.623310 1.345118 -0.922366
v -1.593386 1.375108 -0.883740
v -1.625218 1.368824 -0.854838
v -1.569503 1.392431 -0.915644
v -0.859764 0.266354 1.401811
v -0.839102 1.258693 1.360525
v -1.626273 0.266354 0.646222
v -1.585289 1.258693 0.624967
v -1.802267 0.266354 -0.415605
v -1.756618 1.258693 -0.408710
v -1.320523 0.266354 -1.378087
v -1.287645 1.258693 -1.345676
v -0.365051 0.266354 -1.873590
v -0.357503 1.258693 -1.828043
v 0.699191 0.266354 -1.712848
v 0.678525 1.258693 -1.671562
v 1.465699 0.266354 -0.957258
v 1.424713 1.258693 -0.936004
v 1.641693 0.266354 0.104568
v 1.596042 1.258693 0.097673
v 1.159950 0.266354 1.067051
v 1.127069 1.258693 1.034640
v 0.204477 0.266354 1.562554
v 0.196927 1.258693 1.517007
v -0.673820 2.126911 1.030308
v -1.257476 2.126911 0.454965
v -1.391487 2.126911 -0.353561
v -1.024664 2.126911 -1.086442
v -0.297121 2.126911 -1.463742
v 0.513244 2.126911 -1.341345
v 1.096901 2.126910 -0.766002
v 1.230911 2.126911 0.042523
v 0.864088 2.126911 0.775404
v 0.136545 2.126911 1.152704
v -0.537307 2.490260 0.757565
v -0.986722 2.490260 0.314552
v -1.089909 2.490260 -0.308011
v -0.807456 2.490260 -0.872328
v -0.247249 2.490260 -1.162848
v 0.376730 2.490260 -1.068603
v 0.826145 2.490260 -0.625590
v 0.929333 2.490260 -0.003027
v 0.646879 2.490260 0.561291
v 0.086673 2.490260 0.851811
v -0.698742 -0.129628 1.080103
v -1.306908 -0.129628 0.480601
v -1.446545 -0.129628 -0.361877
v -1.064319 -0.129628 -1.125533
v -0.306225 -0.129628 -1.518676
v 0.538169 -0.129628 -1.391140
v 1.146334 -0.129628 -0.791637
v 1.285972 -0.129628 0.050840
v 0.903746 -0.129628 0.814496
v 0.145652 -0.129628 1.207640
v -0.415082 -0.377116 0.513375
v -0.744308 -0.377116 0.188840
v -0.819900 -0.377116 -0.267229
v -0.612984 -0.377116 -0.680627
v -0.202597 -0.377116 -0.893452
v 0.254509 -0.377117 -0.824412
v 0.583734 -0.377116 -0.499876
v 0.659326 -0.377116 -0.043808
v 0.452411 -0.377117 0.369591
v 0.042023 -0.377116 0.582416
v -0.266122 -0.401865 0.215765
v -0.448866 -0.401865 0.035625
v -0.490825 -0.401865 -0.217526
v -0.375972 -0.401865 -0.446991
v -0.148177 -0.401865 -0.565124
v 0.105549 -0.401865 -0.526802
v 0.288292 -0.401865 -0.346662
v 0.330251 -0.401865 -0.093511
v 0.215399 -0.401865 0.135955
v -0.012396 -0.401865 0.254088
v -0.276812 2.782475 0.237123
v -0.470068 2.782475 0.046620
v -0.514440 2.782475 -0.221092
v -0.392981 2.782475 -0.463758
v -0.152083 2.782475 -0.588687
v 0.116239 2.782475 -0.548160
v 0.309495 2.782475 -0.357657
v 0.353867 2.782475 -0.089944
v 0.232408 2.782475 0.152722
v -0.008491 2.782475 0.277650
v -0.080283 2.900852 -0.155517
v -0.854921 0.498966 1.392133
v -1.616666 0.498966 0.641240
v -1.791566 0.498966 -0.413988
v -1.312816 0.498966 -1.370490
v -0.363282 0.498966 -1.862914
v 0.694346 0.498966 -1.703170
v 1.456092 0.498966 -0.952276
v 1.630992 0.498966 0.102951
v 1.152242 0.498966 1.059453
v 0.202708 0.498966 1.551877
v -1.051703 1.378463 1.199840
v -1.039069 1.369286 1.214054
v -1.042695 1.349385 1.220113
v -1.058955 1.338662 1.211958
v -1.071589 1.347839 1.197744
v -1.067964 1.367740 1.191685
v -1.041682 1.564058 1.173908
v -0.905319 1.470142 1.294961
v -0.910943 1.266290 1.316904
v -1.052929 1.156354 1.217794
v -1.189292 1.250270 1.096742
v -1.183668 1.454122 1.074798
v -1.068067 1.549011 1.208361
v -0.944579 1.463962 1.317986
v -0.949672 1.279356 1.337857
v -1.078253 1.179799 1.248104
v -1.201741 1.264849 1.138481
v -1.196648 1.449454 1.118609
v -1.091963 1.367459 1.251783
v -0.984337 1.303999 1.156845
v -0.968127 1.292225 1.175082
v -0.972779 1.266693 1.182856
v -0.993641 1.252934 1.172393
v -1.009851 1.264709 1.154156
v -1.005199 1.290241 1.146382
v -1.151122 1.343263 1.091758
v -1.010375 1.431286 1.147555
v -1.288362 1.564926 0.979775
v -1.092064 1.687692 1.057593
v -1.098198 1.371098 1.096605
v -1.051271 1.400322 1.115129
v -1.218436 1.784071 0.991427
v -1.295490 1.735898 0.960926
v -1.275618 1.527856 0.990831
v -1.246180 1.475735 1.012146
v -1.191995 1.397712 1.056819
v -1.024547 1.502434 1.123200
v -1.048893 1.599118 1.090356
v -1.071496 1.655514 1.071751
v -1.127594 1.430726 1.058428
v -1.169665 1.514275 1.011572
v -1.198138 1.567797 0.992866
v -1.071137 1.465901 1.080765
v -1.102127 1.556376 1.038360
v -1.127341 1.611940 1.020983
v -1.072802 1.385366 1.101541
v -1.267579 1.780071 0.971267
v -1.096874 1.447842 1.064061
v -1.132821 1.534707 1.018192
v -1.159498 1.589216 0.999784
v -1.244114 1.650265 0.968061
v -1.296672 1.623132 0.967453
v -1.131588 1.727411 1.032760
v -1.168330 1.698027 0.998226
v -1.202981 1.673490 0.975995
v -1.177548 1.624164 0.990366
v -1.214823 1.603220 0.982801
v -1.145850 1.646232 1.010215
v -1.156580 1.344777 1.103135
v -1.015833 1.432800 1.158932
v -1.293820 1.566440 0.991152
v -1.097521 1.689206 1.068970
v -1.109642 1.373401 1.121811
v -1.062713 1.402624 1.140331
v -1.223893 1.785585 1.002804
v -1.300947 1.737412 0.972303
v -1.281075 1.529370 1.002208
v -1.251638 1.477249 1.023523
v -1.197452 1.399226 1.068196
v -1.030004 1.503949 1.134578
v -1.054350 1.600633 1.101734
v -1.076954 1.657028 1.083128
v -1.139113 1.433043 1.083800
v -1.181232 1.516603 1.037049
v -1.209672 1.570118 1.018270
v -1.082654 1.468218 1.106133
v -1.113692 1.558702 1.063833
v -1.138873 1.614260 1.046383
v -1.084238 1.387667 1.126730
v -1.273036 1.781585 0.982644
v -1.108364 1.450154 1.089370
v -1.144334 1.537023 1.043552
v -1.170985 1.591527 1.025085
v -1.255620 1.652580 0.993405
v -1.302129 1.624646 0.978831
v -1.137045 1.728925 1.044137
v -1.179834 1.700341 1.023566
v -1.214454 1.675799 1.001266
v -1.188980 1.626464 1.015549
v -1.226338 1.605536 1.008163
v -1.157363 1.648549 1.035574
v -1.072703 1.399192 1.113457
v -0.946930 1.381278 1.234004
v -1.035227 1.676299 1.065325
v -0.859814 1.651315 1.233450
v -1.020798 1.391312 1.142494
v -0.978885 1.385254 1.182567
v -0.888606 1.812279 1.179612
v -0.957475 1.822091 1.113664
v -1.046248 1.637114 1.063929
v -1.055139 1.574499 1.070078
v -1.065952 1.472677 1.093199
v -0.916319 1.451365 1.236615
v -0.878842 1.549390 1.239051
v -0.863843 1.611135 1.238755
v -1.001328 1.463222 1.124413
v -0.977592 1.563193 1.104703
v -0.968445 1.625900 1.101657
v -0.950918 1.455937 1.172676
v -0.917306 1.554482 1.162506
v -0.905260 1.616772 1.162285
v -0.996611 1.387764 1.159086
v -0.920459 1.840273 1.147375
v -0.971988 1.458880 1.144130
v -0.942387 1.557932 1.128193
v -0.931517 1.620382 1.126266
v -0.957732 1.722917 1.099955
v -1.010860 1.730344 1.075029
v -0.862825 1.710197 1.216703
v -0.889903 1.713545 1.165113
v -0.918481 1.717277 1.126820
v -0.926317 1.660486 1.126885
v -0.961682 1.665755 1.102249
v -0.900132 1.656863 1.161337
v -1.081225 1.401258 1.122656
v -0.955453 1.383345 1.243203
v -1.043749 1.678366 1.074523
v -0.868336 1.653382 1.242649
v -1.039632 1.394680 1.162632
v -0.997716 1.388622 1.202702
v -0.897128 1.814346 1.188811
v -0.965997 1.824158 1.122863
v -1.054770 1.639181 1.073128
v -1.063661 1.576566 1.079277
v -1.074474 1.474743 1.102398
v -0.924841 1.453432 1.245814
v -0.887364 1.551456 1.248249
v -0.872366 1.613202 1.247953
v -1.020286 1.466612 1.144684
v -0.996628 1.566597 1.125057
v -0.987426 1.629295 1.121952
v -0.969872 1.459327 1.192943
v -0.936340 1.557886 1.182858
v -0.924239 1.620166 1.182578
v -1.015433 1.391130 1.179210
v -0.928981 1.842340 1.156574
v -0.990899 1.462262 1.164350
v -0.961337 1.561321 1.148454
v -0.950422 1.623763 1.146480
v -0.976670 1.726304 1.120203
v -1.019382 1.732411 1.084228
v -0.871347 1.712263 1.225902
v -0.908837 1.716931 1.185358
v -0.937363 1.720653 1.147010
v -0.945134 1.663851 1.147005
v -0.980632 1.669143 1.122511
v -0.919080 1.660251 1.181597
v -0.973679 1.453187 1.196401
v -0.943120 1.301891 1.279147
v -0.784341 1.609325 1.338816
v -0.741721 1.398314 1.454221
v -0.952135 1.400167 1.214402
v -0.941952 1.349743 1.241844
v -0.657678 1.535133 1.516305
v -0.674435 1.617951 1.471042
v -0.811712 1.594934 1.312310
v -0.852714 1.562150 1.276510
v -0.922506 1.500244 1.228385
v -0.886150 1.320247 1.326828
v -0.809879 1.350077 1.392496
v -0.767394 1.375514 1.432315
v -0.893315 1.436747 1.247250
v -0.816411 1.487303 1.297009
v -0.776549 1.518515 1.335246
v -0.881096 1.376072 1.280308
v -0.801836 1.414702 1.336609
v -0.761293 1.442402 1.376785
v -0.943390 1.374098 1.225210
v -0.652786 1.587692 1.509159
v -0.882544 1.405295 1.260023
v -0.803438 1.449613 1.312174
v -0.762929 1.478993 1.351130
v -0.718756 1.567707 1.396647
v -0.743255 1.619365 1.381477
v -0.706720 1.441925 1.479312
v -0.702195 1.486209 1.441571
v -0.704478 1.525496 1.414217
v -0.739054 1.498190 1.377536
v -0.751632 1.536529 1.361497
v -0.736783 1.462372 1.401983
v -0.983014 1.455797 1.204620
v -0.952455 1.304501 1.287366
v -0.793676 1.611935 1.347036
v -0.751056 1.400924 1.462440
v -0.973288 1.405336 1.231648
v -0.963102 1.354913 1.259087
v -0.667013 1.537743 1.524524
v -0.683771 1.620561 1.479262
v -0.821048 1.597544 1.320530
v -0.862049 1.564760 1.284729
v -0.931841 1.502854 1.236604
v -0.895485 1.322856 1.335048
v -0.819214 1.352687 1.400715
v -0.776729 1.378124 1.440534
v -0.914607 1.441951 1.264610
v -0.837791 1.492528 1.314440
v -0.797867 1.523725 1.352627
v -0.902385 1.381275 1.297664
v -0.823213 1.419927 1.354037
v -0.782609 1.447611 1.394163
v -0.964529 1.379264 1.242444
v -0.662121 1.590302 1.517379
v -0.903784 1.410486 1.277339
v -0.824721 1.454815 1.329525
v -0.784161 1.484183 1.368441
v -0.740025 1.572905 1.413988
v -0.752590 1.621975 1.389696
v -0.716055 1.444534 1.487531
v -0.723460 1.491406 1.458908
v -0.725686 1.530679 1.431507
v -0.760187 1.503355 1.394766
v -0.772916 1.541731 1.378850
v -0.758065 1.467573 1.419333
v -0.891835 1.362135 1.307638
v -0.994370 1.261301 1.207687
v -0.798635 1.156741 1.479792
v -0.941640 1.016110 1.340392
v -0.913951 1.325109 1.265934
v -0.948037 1.291587 1.232561
v -0.869441 0.937611 1.475529
v -0.813354 0.992809 1.530261
v -0.804609 1.191486 1.459398
v -0.821104 1.239165 1.420768
v -0.860243 1.311444 1.355476
v -0.982230 1.191481 1.236562
v -0.964828 1.097825 1.280665
v -0.953313 1.045250 1.314441
v -0.882895 1.266117 1.303782
v -0.845508 1.185328 1.358750
v -0.832001 1.136769 1.397283
v -0.923955 1.225784 1.263645
v -0.894696 1.137077 1.310753
v -0.883598 1.086187 1.346978
v -0.927235 1.307142 1.246605
v -0.838356 0.947501 1.517640
v -0.898613 1.244432 1.280305
v -0.864211 1.159379 1.330544
v -0.851590 1.109556 1.367696
v -0.814543 1.063438 1.459314
v -0.796692 1.100787 1.501567
v -0.917032 0.981510 1.384593
v -0.869943 1.008832 1.405617
v -0.836025 1.034214 1.428029
v -0.845557 1.078429 1.392806
v -0.825753 1.104722 1.421124
v -0.876044 1.055442 1.372120
v -0.901758 1.364818 1.315111
v -1.004293 1.263984 1.215160
v -0.808558 1.159425 1.487265
v -0.951563 1.018793 1.347864
v -0.935871 1.331896 1.281589
v -0.969953 1.298373 1.248214
v -0.879364 0.940294 1.483002
v -0.823277 0.995493 1.537734
v -0.814533 1.194169 1.466871
v -0.831027 1.241848 1.428241
v -0.870167 1.314127 1.362949
v -0.992154 1.194164 1.244036
v -0.974752 1.100508 1.288138
v -0.963236 1.047933 1.321914
v -0.904959 1.272949 1.319540
v -0.867663 1.192188 1.374573
v -0.854092 1.143610 1.413061
v -0.946015 1.232615 1.279400
v -0.916848 1.143935 1.326573
v -0.905686 1.093026 1.362753
v -0.949140 1.313924 1.262249
v -0.848279 0.950184 1.525113
v -0.920622 1.251247 1.296024
v -0.886265 1.166207 1.346295
v -0.873592 1.116368 1.383410
v -0.836582 1.070263 1.475054
v -0.806615 1.103470 1.509040
v -0.926956 0.984193 1.392067
v -0.891978 1.015655 1.421355
v -0.858000 1.041018 1.443724
v -0.867456 1.085210 1.408446
v -0.847809 1.111551 1.436875
v -0.898096 1.062270 1.387870
v -0.941393 1.297115 1.252277
v -1.081046 1.315634 1.148232
v -0.959518 1.015815 1.284712
v -1.154291 1.041644 1.139602
v -0.979180 1.300002 1.205767
v -1.025607 1.306232 1.171054
v -1.128765 0.883257 1.202044
v -1.052352 0.873129 1.259025
v -0.947848 1.054833 1.284184
v -0.939150 1.117302 1.276471
v -0.938337 1.221358 1.262653
v -1.104483 1.243390 1.138870
v -1.134903 1.143260 1.130630
v -1.150382 1.081690 1.133291
v -0.980747 1.223377 1.204026
v -0.987349 1.118974 1.205659
v -0.999082 1.057141 1.213670
v -1.036649 1.230884 1.162286
v -1.054285 1.127973 1.155758
v -1.069280 1.066583 1.161377
v -0.999732 1.302002 1.184637
v -1.096474 0.856074 1.234537
v -1.005279 1.225735 1.178314
v -1.016614 1.121809 1.174768
v -1.029751 1.060108 1.181261
v -1.019330 0.963018 1.229822
v -0.985097 0.961870 1.278047
v -1.149456 0.982733 1.155808
v -1.094844 0.972772 1.173814
v -1.052649 0.966138 1.195552
v -1.039556 1.021357 1.187426
v -1.009163 1.018262 1.218282
v -1.077572 1.027467 1.167346
v -0.948660 1.299428 1.262443
v -1.088313 1.317947 1.158398
v -0.966786 1.018129 1.294878
v -1.161558 1.043957 1.149768
v -0.994818 1.306196 1.227874
v -1.041242 1.312424 1.193158
v -1.136032 0.885571 1.212210
v -1.059620 0.875443 1.269192
v -0.955115 1.057147 1.294350
v -0.946417 1.119616 1.286637
v -0.945604 1.223672 1.272819
v -1.111751 1.245704 1.149036
v -1.142170 1.145574 1.140796
v -1.157649 1.084004 1.143457
v -0.996487 1.229611 1.226278
v -1.003155 1.125234 1.228004
v -1.014842 1.063383 1.235950
v -1.052387 1.237118 1.184534
v -1.070087 1.134232 1.178099
v -1.085037 1.072824 1.183654
v -1.015359 1.308192 1.206729
v -1.103741 0.858388 1.244704
v -1.020980 1.231954 1.200511
v -1.032347 1.128041 1.197010
v -1.045447 1.066325 1.203451
v -1.035053 0.969246 1.252049
v -0.992364 0.964184 1.288213
v -1.156723 0.985046 1.165974
v -1.110564 0.978998 1.196038
v -1.068326 0.972348 1.217716
v -1.055179 1.027544 1.209512
v -1.024897 1.024494 1.240525
v -1.093303 1.033698 1.189587
v -0.999601 1.235379 1.158113
v -1.071196 1.378299 1.086564
v -1.229092 1.069413 1.140831
v -1.328945 1.268740 1.041042
v -1.020110 1.277499 1.120635
v -1.043852 1.325088 1.096742
v -1.436666 1.137074 1.067448
v -1.397489 1.058864 1.106649
v -1.191551 1.084537 1.145391
v -1.137604 1.118020 1.147883
v -1.056407 1.184304 1.153595
v -1.141585 1.354336 1.068471
v -1.237961 1.318351 1.047590
v -1.295384 1.291808 1.041624
v -1.080193 1.232492 1.105097
v -1.165003 1.173487 1.088612
v -1.220396 1.142591 1.087080
v -1.108777 1.289783 1.076385
v -1.199224 1.242071 1.054310
v -1.256281 1.214510 1.051145
v -1.031047 1.299592 1.104352
v -1.438015 1.087913 1.087912
v -1.093258 1.258972 1.085184
v -1.180566 1.205147 1.064649
v -1.236707 1.175776 1.061931
v -1.306340 1.096332 1.089005
v -1.286793 1.057495 1.129111
v -1.371780 1.225076 1.044936
v -1.345261 1.173389 1.050511
v -1.324165 1.132079 1.062572
v -1.273010 1.157959 1.062525
v -1.256931 1.125304 1.086199
v -1.291900 1.195386 1.051205
v -1.002710 1.239615 1.169685
v -1.074306 1.382534 1.098135
v -1.232201 1.073648 1.152403
v -1.332055 1.272976 1.052613
v -1.025870 1.287292 1.145983
v -1.049611 1.334880 1.122086
v -1.439775 1.141310 1.079020
v -1.400598 1.063100 1.118221
v -1.194660 1.088773 1.156962
v -1.140714 1.122256 1.159455
v -1.059516 1.188540 1.165166
v -1.144694 1.358572 1.080043
v -1.241070 1.322587 1.059162
v -1.298493 1.296044 1.053196
v -1.085990 1.242350 1.130612
v -1.170825 1.183386 1.114233
v -1.226200 1.152462 1.112626
v -1.114573 1.299639 1.101896
v -1.205044 1.251968 1.079926
v -1.262085 1.224379 1.076688
v -1.036803 1.309379 1.129683
v -1.441124 1.092148 1.099484
v -1.099041 1.268806 1.110635
v -1.186360 1.215000 1.090152
v -1.242488 1.185607 1.087375
v -1.312131 1.106180 1.114492
v -1.289902 1.061731 1.140683
v -1.374889 1.229312 1.056508
v -1.351051 1.183234 1.075993
v -1.329939 1.141898 1.087985
v -1.278764 1.167743 1.087849
v -1.262726 1.135158 1.111704
v -1.297694 1.205239 1.076706
v -1.093918 1.264202 1.120652
v -1.056546 1.430007 1.078424
v -1.370158 1.273627 1.056524
v -1.318036 1.504874 0.997630
v -1.079667 1.315093 1.092255
v -1.067133 1.370253 1.078132
v -1.484559 1.461965 0.989508
v -1.505020 1.371226 1.012661
v -1.332203 1.262368 1.066092
v -1.270195 1.256027 1.078435
v -1.168024 1.258704 1.102373
v -1.123563 1.455963 1.052135
v -1.217811 1.488438 1.019243
v -1.278005 1.502831 1.004850
v -1.151029 1.317935 1.064391
v -1.250067 1.324718 1.031353
v -1.311899 1.333823 1.020437
v -1.135950 1.384335 1.047440
v -1.232029 1.404198 1.011128
v -1.292991 1.417164 0.999263
v -1.072904 1.341404 1.080642
v -1.517468 1.421104 0.998717
v -1.142821 1.349502 1.050088
v -1.240182 1.362448 1.014104
v -1.301531 1.373374 1.002327
v -1.407591 1.348646 1.008060
v -1.421160 1.300535 1.039685
v -1.378121 1.495613 0.989847
v -1.387711 1.438221 0.985358
v -1.396738 1.391308 0.989180
v -1.340921 1.381023 0.997258
v -1.350919 1.342243 1.014035
v -1.332498 1.423451 0.993424
v -1.095909 1.267720 1.132701
v -1.058538 1.433525 1.090473
v -1.372149 1.277145 1.068573
v -1.320028 1.508391 1.009678
v -1.082891 1.322573 1.118811
v -1.070357 1.377733 1.104685
v -1.486550 1.465483 1.001557
v -1.507012 1.374743 1.024710
v -1.334195 1.265886 1.078141
v -1.272187 1.259544 1.090484
v -1.170015 1.262221 1.114422
v -1.125554 1.459481 1.064184
v -1.219803 1.491956 1.031292
v -1.279996 1.506348 1.016899
v -1.154274 1.325465 1.091122
v -1.253326 1.332279 1.058195
v -1.315148 1.341363 1.047202
v -1.139195 1.391863 1.074167
v -1.235288 1.411758 1.037966
v -1.296240 1.424702 1.026024
v -1.076127 1.348880 1.107181
v -1.519460 1.424622 1.010766
v -1.146058 1.357013 1.076752
v -1.243426 1.369974 1.040823
v -1.304768 1.380883 1.028984
v -1.410833 1.356168 1.034762
v -1.423151 1.304052 1.051733
v -1.380113 1.499130 1.001896
v -1.390953 1.445741 1.012055
v -1.399971 1.398808 1.015804
v -1.344143 1.388497 1.023790
v -1.354163 1.349770 1.040756
v -1.335742 1.430977 1.020141
v -0.377927 2.882503 -0.146309
v -0.367052 2.886150 -0.128580
v -0.376975 2.886258 -0.109940
v -0.397772 2.882719 -0.109030
v -0.408647 2.879072 -0.126760
v -0.398725 2.878964 -0.145399
v -0.297767 2.917377 -0.312371
v -0.186918 2.931096 -0.140344
v -0.272060 2.884992 0.040470
v -0.468052 2.825170 0.049259
v -0.578901 2.811451 -0.122768
v -0.493759 2.857555 -0.303582
v -0.317708 2.952682 -0.290792
v -0.217325 2.965105 -0.135008
v -0.294429 2.923354 0.028736
v -0.471916 2.869179 0.036694
v -0.572300 2.856756 -0.119090
v -0.495196 2.898507 -0.282834
v -0.403468 2.939772 -0.123771
v -0.362649 2.793237 -0.085237
v -0.348696 2.797916 -0.062491
v -0.361426 2.798054 -0.038576
v -0.388110 2.793514 -0.037409
v -0.402063 2.788835 -0.060155
v -0.389332 2.788696 -0.084070
v -0.507895 2.821677 -0.193357
v -0.333876 2.838241 -0.204035
v -0.563067 2.857984 -0.469305
v -0.320364 2.881085 -0.484199
v -0.449019 2.812550 -0.200400
v -0.391073 2.817964 -0.203893
v -0.406778 2.910307 -0.630197
v -0.502028 2.901283 -0.624344
v -0.564735 2.849748 -0.429453
v -0.555562 2.838172 -0.367652
v -0.529642 2.827346 -0.266507
v -0.322609 2.847052 -0.279212
v -0.311637 2.861389 -0.382620
v -0.312360 2.873769 -0.444940
v -0.459514 2.812335 -0.276340
v -0.473199 2.818012 -0.379909
v -0.480245 2.831846 -0.441425
v -0.389779 2.818898 -0.280531
v -0.389750 2.825927 -0.384910
v -0.392754 2.840176 -0.446660
v -0.419681 2.810673 -0.203341
v -0.456420 2.912739 -0.649361
v -0.424177 2.809734 -0.279933
v -0.430894 2.814746 -0.384199
v -0.435888 2.828396 -0.445928
v -0.491842 2.857441 -0.534915
v -0.548965 2.870225 -0.526402
v -0.344455 2.889876 -0.539866
v -0.397956 2.866583 -0.540918
v -0.444291 2.854389 -0.539803
v -0.439268 2.839560 -0.484655
v -0.482417 2.842043 -0.480486
v -0.397172 2.850179 -0.485582
v -0.508922 2.834090 -0.190832
v -0.334902 2.850654 -0.201510
v -0.564093 2.870397 -0.466780
v -0.321390 2.893498 -0.481674
v -0.451178 2.839432 -0.193744
v -0.393232 2.844842 -0.197237
v -0.407805 2.922720 -0.627672
v -0.503055 2.913696 -0.621819
v -0.565762 2.862161 -0.426928
v -0.556589 2.850585 -0.365127
v -0.530668 2.839759 -0.263982
v -0.323636 2.859465 -0.276687
v -0.312663 2.873802 -0.380095
v -0.313387 2.886183 -0.442415
v -0.461688 2.839394 -0.269639
v -0.475382 2.845183 -0.373181
v -0.482421 2.858938 -0.434716
v -0.391952 2.845952 -0.273832
v -0.391932 2.853094 -0.378183
v -0.394930 2.867265 -0.439953
v -0.421839 2.837537 -0.196688
v -0.457446 2.925153 -0.646836
v -0.426345 2.836725 -0.273249
v -0.433067 2.841792 -0.377501
v -0.438055 2.855379 -0.439246
v -0.494013 2.884470 -0.528222
v -0.549991 2.882638 -0.523878
v -0.345482 2.902289 -0.537341
v -0.400126 2.893608 -0.534226
v -0.446456 2.881340 -0.533130
v -0.441425 2.866416 -0.478004
v -0.484590 2.869091 -0.473788
v -0.399344 2.877224 -0.478885
v -0.410549 2.825240 -0.209470
v -0.276875 2.867993 -0.104711
v -0.273909 2.859844 -0.455726
v -0.087475 2.919470 -0.309619
v -0.361154 2.825232 -0.175420
v -0.316671 2.839366 -0.140481
v -0.058819 2.939088 -0.478234
v -0.131997 2.915728 -0.535571
v -0.300386 2.850442 -0.426240
v -0.332898 2.838810 -0.372899
v -0.379086 2.829435 -0.279101
v -0.220052 2.880298 -0.154468
v -0.145524 2.898737 -0.226057
v -0.106522 2.912445 -0.274311
v -0.318763 2.825371 -0.239295
v -0.261256 2.831555 -0.326477
v -0.227650 2.845730 -0.378390
v -0.265244 2.842427 -0.197243
v -0.197229 2.852026 -0.276149
v -0.160532 2.867224 -0.325621
v -0.337262 2.827854 -0.158240
v -0.083216 2.934529 -0.525366
v -0.289907 2.828193 -0.218612
v -0.226698 2.834783 -0.301695
v -0.191409 2.849090 -0.352408
v -0.177825 2.871657 -0.458235
v -0.227366 2.875506 -0.490327
v -0.069691 2.925956 -0.367913
v -0.105573 2.894933 -0.401913
v -0.139019 2.875900 -0.430481
v -0.169789 2.860599 -0.384594
v -0.204790 2.856473 -0.409957
v -0.139401 2.877434 -0.358540
v -0.414580 2.837291 -0.209244
v -0.280906 2.880043 -0.104485
v -0.277940 2.871894 -0.455500
v -0.091505 2.931520 -0.309394
v -0.370621 2.851308 -0.173996
v -0.326137 2.865438 -0.139057
v -0.062850 2.951138 -0.478008
v -0.136028 2.927778 -0.535345
v -0.304417 2.862493 -0.426014
v -0.336929 2.850861 -0.372673
v -0.383117 2.841486 -0.278875
v -0.224083 2.892349 -0.154243
v -0.149556 2.910788 -0.225831
v -0.110553 2.924495 -0.274085
v -0.328293 2.851619 -0.237862
v -0.270824 2.857911 -0.325038
v -0.237191 2.872010 -0.376955
v -0.274772 2.868670 -0.195810
v -0.206796 2.878378 -0.274710
v -0.170071 2.893500 -0.324186
v -0.346723 2.853912 -0.156817
v -0.087247 2.946580 -0.525140
v -0.299412 2.854375 -0.217183
v -0.236223 2.861018 -0.300263
v -0.200911 2.875264 -0.350979
v -0.187344 2.897876 -0.456804
v -0.231397 2.887557 -0.490101
v -0.073722 2.938006 -0.367687
v -0.115090 2.921147 -0.400482
v -0.148510 2.902043 -0.429053
v -0.179248 2.886650 -0.383172
v -0.214316 2.882710 -0.408525
v -0.148925 2.903668 -0.357108
v -0.279732 2.871181 -0.190046
v -0.295006 2.878409 -0.015731
v -0.011592 2.962749 -0.205072
v -0.032893 2.972831 0.038043
v -0.278662 2.859847 -0.131141
v -0.283790 2.862143 -0.073110
v 0.114362 3.034714 -0.026168
v 0.122706 3.030797 -0.121580
v -0.048487 2.947204 -0.212550
v -0.107451 2.923523 -0.212462
v -0.206956 2.892030 -0.201224
v -0.225127 2.900630 0.006160
v -0.128860 2.933655 0.031877
v -0.070638 2.957687 0.040254
v -0.203463 2.874751 -0.131016
v -0.102161 2.900885 -0.130001
v -0.044193 2.926588 -0.127939
v -0.209654 2.877557 -0.061178
v -0.109597 2.904301 -0.046428
v -0.052002 2.930200 -0.040318
v -0.279209 2.856709 -0.101769
v 0.138895 3.043890 -0.072552
v -0.204005 2.870646 -0.095643
v -0.102791 2.895819 -0.087661
v -0.044843 2.921253 -0.083545
v 0.043119 2.970185 -0.125515
v 0.039675 2.984711 -0.182752
v 0.022577 2.993562 0.022239
v 0.035072 2.974333 -0.031428
v 0.042354 2.965111 -0.077892
v -0.008970 2.939773 -0.081111
v -0.007960 2.944147 -0.124299
v -0.015577 2.947684 -0.038927
v -0.284501 2.882926 -0.190951
v -0.299774 2.890155 -0.016636
v -0.016360 2.974495 -0.205977
v -0.037662 2.984577 0.037138
v -0.290152 2.885053 -0.133203
v -0.295278 2.887345 -0.075170
v 0.109594 3.046460 -0.027073
v 0.117938 3.042543 -0.122484
v -0.053255 2.958949 -0.213455
v -0.112220 2.935268 -0.213367
v -0.211724 2.903776 -0.202128
v -0.229895 2.912376 0.005255
v -0.133628 2.945401 0.030972
v -0.075406 2.969433 0.039349
v -0.215028 2.900123 -0.133091
v -0.113774 2.926362 -0.132085
v -0.055773 2.951991 -0.130016
v -0.221218 2.902925 -0.063252
v -0.121208 2.929774 -0.048511
v -0.063580 2.955599 -0.042395
v -0.290691 2.881897 -0.103829
v 0.134126 3.055635 -0.073456
v -0.215541 2.895954 -0.097712
v -0.114351 2.921179 -0.089735
v -0.056376 2.946554 -0.085614
v 0.031566 2.995529 -0.127587
v 0.034907 2.996457 -0.183657
v 0.017809 3.005307 0.021334
v 0.023522 2.999673 -0.033500
v 0.030835 2.990382 -0.079958
v -0.020449 2.964955 -0.083170
v -0.019520 2.969509 -0.126373
v -0.027136 2.973043 -0.041001
v -0.217497 2.900596 -0.039633
v -0.375721 2.826379 -0.028322
v -0.177399 2.939072 0.238615
v -0.398073 2.835561 0.254390
v -0.263496 2.862553 -0.033623
v -0.316134 2.837757 -0.029929
v -0.332458 2.893365 0.402681
v -0.245875 2.934026 0.396485
v -0.173362 2.935795 0.198219
v -0.177863 2.925817 0.135627
v -0.198729 2.910980 0.033825
v -0.386970 2.822682 0.047281
v -0.399648 2.821784 0.151482
v -0.402830 2.828159 0.214623
v -0.251383 2.861996 0.042074
v -0.238406 2.866058 0.145810
v -0.236888 2.876927 0.208298
v -0.314755 2.832197 0.046512
v -0.314271 2.830452 0.151112
v -0.316444 2.839626 0.213852
v -0.287781 2.845938 -0.030972
v -0.290058 2.919041 0.422186
v -0.280462 2.841685 0.045290
v -0.273141 2.841612 0.149635
v -0.273296 2.851274 0.212312
v -0.236110 2.897829 0.303652
v -0.193520 2.938246 0.296479
v -0.379525 2.851115 0.310697
v -0.321569 2.857947 0.310012
v -0.275462 2.870881 0.308071
v -0.274486 2.859699 0.251852
v -0.238623 2.883886 0.248085
v -0.316147 2.847559 0.253493
v -0.222944 2.911984 -0.041103
v -0.381168 2.837767 -0.029793
v -0.182846 2.950459 0.237144
v -0.403519 2.846949 0.252919
v -0.275392 2.887271 -0.037993
v -0.328029 2.862472 -0.034297
v -0.337905 2.904753 0.401210
v -0.251321 2.945413 0.395014
v -0.178809 2.947183 0.196748
v -0.183310 2.937205 0.134157
v -0.204176 2.922368 0.032354
v -0.392417 2.834070 0.045811
v -0.405095 2.833173 0.150011
v -0.408277 2.839547 0.213152
v -0.263358 2.886877 0.037675
v -0.250431 2.891041 0.141393
v -0.248878 2.901839 0.203894
v -0.326728 2.857074 0.042115
v -0.326294 2.855432 0.146696
v -0.328432 2.864534 0.209449
v -0.299670 2.870639 -0.035338
v -0.295505 2.930429 0.420715
v -0.292407 2.866504 0.040902
v -0.285111 2.866481 0.145239
v -0.285238 2.876086 0.207926
v -0.248072 2.922682 0.299259
v -0.198967 2.949634 0.295008
v -0.384971 2.862503 0.309227
v -0.333529 2.882796 0.305620
v -0.287389 2.895662 0.303690
v -0.286371 2.884393 0.247487
v -0.250593 2.908757 0.243688
v -0.328116 2.872427 0.249097
v -0.302750 2.853416 -0.023680
v -0.443748 2.830667 -0.125036
v -0.428631 2.795998 0.224043
v -0.625281 2.764270 0.082683
v -0.346731 2.831060 -0.057815
v -0.393607 2.823416 -0.091629
v -0.653363 2.754148 0.252229
v -0.576198 2.766641 0.307707
v -0.402179 2.803445 0.193983
v -0.370317 2.813790 0.139989
v -0.329340 2.835984 0.045927
v -0.497087 2.808919 -0.074657
v -0.567956 2.781903 -0.002083
v -0.606665 2.770452 0.046989
v -0.380945 2.805061 0.005671
v -0.430352 2.774911 0.092826
v -0.464493 2.766309 0.145605
v -0.437371 2.795909 -0.035024
v -0.497890 2.764020 0.044128
v -0.535309 2.754923 0.094548
v -0.369350 2.822559 -0.074813
v -0.628175 2.759004 0.298914
v -0.408089 2.794492 -0.014821
v -0.462784 2.762125 0.068260
v -0.498491 2.752878 0.119847
v -0.517465 2.757568 0.227137
v -0.475364 2.783448 0.259643
v -0.641644 2.756546 0.141242
v -0.593749 2.745394 0.172668
v -0.554192 2.743735 0.199676
v -0.521702 2.749491 0.152796
v -0.488413 2.761684 0.177867
v -0.557417 2.750610 0.128120
v -0.305330 2.865834 -0.022877
v -0.446329 2.843085 -0.124233
v -0.431212 2.808416 0.224846
v -0.627861 2.776688 0.083486
v -0.351707 2.858376 -0.057007
v -0.398583 2.850728 -0.090821
v -0.655943 2.766566 0.253032
v -0.578778 2.779059 0.308510
v -0.404759 2.815863 0.194785
v -0.372897 2.826209 0.140791
v -0.331920 2.848403 0.046729
v -0.499668 2.821337 -0.073854
v -0.570536 2.794321 -0.001280
v -0.609245 2.782870 0.047792
v -0.385955 2.832557 0.006484
v -0.435383 2.802521 0.093643
v -0.469509 2.793839 0.146420
v -0.442380 2.823400 -0.034210
v -0.502919 2.791626 0.044944
v -0.540324 2.782449 0.095362
v -0.374324 2.849857 -0.074006
v -0.630755 2.771422 0.299716
v -0.413087 2.821920 -0.014010
v -0.467791 2.789608 0.069073
v -0.503486 2.780297 0.120658
v -0.522470 2.785033 0.227950
v -0.477945 2.795866 0.260445
v -0.644225 2.768965 0.142044
v -0.598752 2.772854 0.173480
v -0.559182 2.771122 0.200486
v -0.526674 2.776782 0.153603
v -0.493421 2.789170 0.178680
v -0.562424 2.778092 0.128933
v -0.404525 2.778202 -0.030799
v -0.425303 2.795022 -0.203878
v -0.677954 2.806056 0.039704
v -0.706933 2.829515 -0.201688
v -0.414542 2.769065 -0.089241
v -0.421394 2.774567 -0.146878
v -0.848729 2.854068 -0.107201
v -0.837349 2.844903 -0.012465
v -0.637843 2.799009 0.039129
v -0.576328 2.789317 0.026500
v -0.476496 2.781608 -0.005019
v -0.501216 2.801619 -0.210933
v -0.605453 2.812894 -0.216108
v -0.667977 2.823403 -0.211883
v -0.489744 2.766545 -0.074571
v -0.592521 2.769077 -0.055161
v -0.653936 2.781041 -0.044661
v -0.497981 2.773213 -0.143934
v -0.602364 2.777118 -0.138166
v -0.664249 2.789504 -0.131686
v -0.419044 2.767200 -0.118380
v -0.865180 2.855760 -0.056565
v -0.495209 2.763956 -0.109669
v -0.599045 2.765825 -0.097180
v -0.660782 2.777606 -0.088718
v -0.747359 2.803790 -0.027792
v -0.736082 2.816631 0.028837
v -0.761418 2.836556 -0.174517
v -0.758816 2.813063 -0.121157
v -0.754778 2.800752 -0.075015
v -0.699576 2.787596 -0.083149
v -0.693102 2.790058 -0.040284
v -0.703146 2.798324 -0.125077
v -0.402317 2.790682 -0.029851
v -0.423094 2.807502 -0.202930
v -0.675746 2.818535 0.040651
v -0.704724 2.841994 -0.200741
v -0.408576 2.796127 -0.087318
v -0.415429 2.801625 -0.144955
v -0.846520 2.866547 -0.106253
v -0.835140 2.857383 -0.011518
v -0.635635 2.811489 0.040076
v -0.574120 2.801797 0.027447
v -0.474288 2.794088 -0.004071
v -0.499007 2.814099 -0.209985
v -0.603244 2.825374 -0.215161
v -0.665768 2.835883 -0.210936
v -0.483740 2.793785 -0.072635
v -0.586491 2.796429 -0.053217
v -0.647924 2.808314 -0.042723
v -0.491977 2.800448 -0.141999
v -0.596335 2.804466 -0.136223
v -0.658238 2.816773 -0.129748
v -0.413082 2.794243 -0.116459
v -0.862971 2.868239 -0.055618
v -0.489219 2.791127 -0.107738
v -0.593044 2.793052 -0.095246
v -0.654794 2.804770 -0.086788
v -0.741361 2.830999 -0.025859
v -0.733874 2.829111 0.029785
v -0.759209 2.849036 -0.173569
v -0.752819 2.840268 -0.119224
v -0.748798 2.827883 -0.073087
v -0.693616 2.814632 -0.081228
v -0.687100 2.817287 -0.038350
v -0.697145 2.825549 -0.123142
v -0.484040 2.795908 -0.097834
v -0.392952 2.798954 -0.247383
v -0.736377 2.861618 -0.209717
v -0.609338 2.865866 -0.418291
v -0.457823 2.782631 -0.150138
v -0.427452 2.783539 -0.199898
v -0.773787 2.915292 -0.430555
v -0.823632 2.913665 -0.348695
v -0.705715 2.849953 -0.185579
v -0.651410 2.832081 -0.157846
v -0.555415 2.809989 -0.121567
v -0.447047 2.813612 -0.299486
v -0.523731 2.836350 -0.367471
v -0.573613 2.854370 -0.402465
v -0.525873 2.790199 -0.184618
v -0.617602 2.806392 -0.232259
v -0.670203 2.826303 -0.261618
v -0.489309 2.791337 -0.244496
v -0.573827 2.807814 -0.303905
v -0.624297 2.827825 -0.336730
v -0.443968 2.778615 -0.175921
v -0.817069 2.923548 -0.400623
v -0.509268 2.785027 -0.215698
v -0.597732 2.800048 -0.269458
v -0.649376 2.819628 -0.300624
v -0.750087 2.861173 -0.305580
v -0.773671 2.877800 -0.253944
v -0.667348 2.881647 -0.430218
v -0.701115 2.863043 -0.386404
v -0.727732 2.854664 -0.347439
v -0.681598 2.834512 -0.320015
v -0.702137 2.840158 -0.282178
v -0.657403 2.841660 -0.355359
v -0.481039 2.808082 -0.095758
v -0.389951 2.811128 -0.245307
v -0.733377 2.873792 -0.207641
v -0.606337 2.878040 -0.416215
v -0.450316 2.808881 -0.145021
v -0.419947 2.809785 -0.194781
v -0.770787 2.927465 -0.428480
v -0.820632 2.925839 -0.346619
v -0.702715 2.862127 -0.183503
v -0.648410 2.844255 -0.155770
v -0.552415 2.822163 -0.119491
v -0.444047 2.825787 -0.297411
v -0.520731 2.848524 -0.365395
v -0.570613 2.866544 -0.400390
v -0.518317 2.816622 -0.179467
v -0.610015 2.832924 -0.227087
v -0.662638 2.852758 -0.256461
v -0.481754 2.817756 -0.239346
v -0.566241 2.834342 -0.298734
v -0.616733 2.854277 -0.331574
v -0.436467 2.804847 -0.170807
v -0.814068 2.935722 -0.398547
v -0.501731 2.811384 -0.210560
v -0.590180 2.826459 -0.264309
v -0.641842 2.845976 -0.295487
v -0.742539 2.887567 -0.300435
v -0.770670 2.889975 -0.251869
v -0.664348 2.893821 -0.428142
v -0.693569 2.889432 -0.381260
v -0.720206 2.880982 -0.342308
v -0.674099 2.860737 -0.314902
v -0.694584 2.866571 -0.277029
v -0.649851 2.868069 -0.350211
v 1.518623 1.027335 0.508719
v 1.519953 1.008602 0.518373
v 1.513569 1.006567 0.538398
v 1.505855 1.023266 0.548769
v 1.504525 1.041999 0.539115
v 1.510910 1.044033 0.519090
v 1.607893 1.053513 0.345735
v 1.601277 0.866591 0.429907
v 1.496779 0.836034 0.603732
v 1.398897 0.992401 0.693385
v 1.405514 1.179323 0.609213
v 1.510012 1.209879 0.435388
v 1.632231 1.059369 0.384245
v 1.626239 0.890094 0.460470
v 1.531607 0.862423 0.617884
v 1.442967 1.004026 0.699073
v 1.448960 1.173300 0.622848
v 1.543591 1.200972 0.465434
v 1.562475 1.038054 0.557731
v 1.422093 0.977891 0.521717
v 1.423799 0.953856 0.534103
v 1.415609 0.951246 0.559795
v 1.405712 0.972671 0.573101
v 1.404006 0.996705 0.560714
v 1.412197 0.999315 0.535022
v 1.446433 1.159543 0.519415
v 1.499325 1.021080 0.426133
v 1.536792 1.359195 0.339183
v 1.610560 1.166083 0.209083
v 1.451169 1.114102 0.480530
v 1.468670 1.067958 0.449488
v 1.656506 1.319701 0.146416
v 1.627593 1.395487 0.197495
v 1.518986 1.338287 0.369259
v 1.494845 1.296109 0.410196
v 1.465214 1.218267 0.474086
v 1.528140 1.053536 0.363107
v 1.568984 1.102023 0.279441
v 1.595693 1.137478 0.233975
v 1.467275 1.164803 0.425329
v 1.495034 1.233624 0.351579
v 1.521672 1.273948 0.310474
v 1.488378 1.109265 0.387995
v 1.520342 1.167158 0.306934
v 1.548234 1.204260 0.263682
v 1.455928 1.091234 0.462440
v 1.653594 1.371712 0.157545
v 1.472695 1.137274 0.403392
v 1.501376 1.200656 0.325279
v 1.528300 1.239383 0.282886
v 1.566320 1.336123 0.249887
v 1.565049 1.379414 0.290177
v 1.627606 1.217201 0.179880
v 1.595110 1.261560 0.199432
v 1.574054 1.299125 0.220466
v 1.547611 1.263971 0.257229
v 1.540386 1.297683 0.283624
v 1.566284 1.229781 0.238044
v 1.457406 1.159415 0.525826
v 1.510297 1.020952 0.432544
v 1.547765 1.359068 0.345594
v 1.621532 1.165955 0.215494
v 1.474656 1.113116 0.495328
v 1.492153 1.066971 0.464284
v 1.667478 1.319574 0.152827
v 1.638566 1.395359 0.203905
v 1.529958 1.338160 0.375670
v 1.505818 1.295981 0.416607
v 1.476187 1.218139 0.480497
v 1.539113 1.053409 0.369518
v 1.579957 1.101896 0.285852
v 1.606665 1.137351 0.240386
v 1.490916 1.163810 0.440225
v 1.518774 1.232627 0.366536
v 1.545343 1.272954 0.325388
v 1.512016 1.108272 0.402888
v 1.544078 1.166162 0.321889
v 1.571902 1.203266 0.278595
v 1.479399 1.090248 0.477229
v 1.664567 1.371585 0.163956
v 1.496278 1.136284 0.418251
v 1.525007 1.199664 0.340168
v 1.551875 1.238393 0.297740
v 1.589936 1.335131 0.264767
v 1.576022 1.379286 0.296588
v 1.638578 1.217074 0.186291
v 1.618722 1.260569 0.214309
v 1.597601 1.298136 0.235302
v 1.571076 1.262986 0.272013
v 1.564018 1.296690 0.298514
v 1.589913 1.228789 0.252932
v 1.473061 1.087501 0.457371
v 1.514845 0.919711 0.485151
v 1.592721 1.110955 0.201166
v 1.650997 0.876940 0.239910
v 1.474619 1.027549 0.458996
v 1.488417 0.971667 0.468274
v 1.716163 0.946913 0.096753
v 1.693329 1.038762 0.081568
v 1.571390 1.116396 0.235432
v 1.540963 1.113605 0.291146
v 1.500162 1.099920 0.386892
v 1.549874 0.900299 0.419942
v 1.599533 0.878412 0.330085
v 1.631988 0.873055 0.275721
v 1.498646 1.027552 0.386197
v 1.537063 1.028049 0.288883
v 1.569776 1.029224 0.234535
v 1.515291 0.960312 0.397388
v 1.557034 0.947598 0.302307
v 1.590741 0.944883 0.248627
v 1.477695 0.998246 0.461166
v 1.718404 0.993125 0.070355
v 1.502050 0.992186 0.388657
v 1.540991 0.985683 0.291792
v 1.573874 0.984797 0.237573
v 1.623638 1.032721 0.153193
v 1.625223 1.091839 0.154401
v 1.674810 0.894562 0.186254
v 1.646455 0.942201 0.168020
v 1.628655 0.985207 0.156593
v 1.596895 0.984964 0.204319
v 1.592166 1.027990 0.200896
v 1.612610 0.945819 0.214637
v 1.483649 1.091134 0.463388
v 1.525434 0.923344 0.491168
v 1.603309 1.114588 0.207183
v 1.661585 0.880573 0.245927
v 1.497157 1.035514 0.473146
v 1.510951 0.979631 0.482422
v 1.726752 0.950546 0.102770
v 1.703917 1.042395 0.087585
v 1.581978 1.120029 0.241450
v 1.551551 1.117238 0.297163
v 1.510751 1.103553 0.392909
v 1.560462 0.903932 0.425959
v 1.610121 0.882045 0.336102
v 1.642576 0.876688 0.281738
v 1.521332 1.035569 0.400440
v 1.559842 1.036099 0.303185
v 1.592490 1.037251 0.248796
v 1.537973 0.968327 0.411629
v 1.579810 0.955647 0.316608
v 1.613452 0.952909 0.262886
v 1.500217 1.006205 0.475307
v 1.728992 0.996758 0.076372
v 1.524679 1.000183 0.402865
v 1.563667 0.993696 0.306029
v 1.596496 0.992792 0.251776
v 1.646299 1.040729 0.167421
v 1.635812 1.095472 0.160418
v 1.685398 0.898195 0.192271
v 1.669112 0.950208 0.182245
v 1.651250 0.993192 0.170780
v 1.619411 0.992921 0.218457
v 1.614843 1.036004 0.215134
v 1.635284 0.953832 0.228873
v 1.537975 0.969356 0.419571
v 1.499582 0.885982 0.568722
v 1.681850 0.757411 0.297550
v 1.628303 0.641131 0.505568
v 1.513157 0.935535 0.462460
v 1.500261 0.907811 0.512102
v 1.731882 0.556047 0.397545
v 1.752931 0.601697 0.315928
v 1.661568 0.791752 0.305809
v 1.627343 0.840018 0.328973
v 1.574943 0.915622 0.379545
v 1.529266 0.816432 0.556990
v 1.573526 0.723152 0.538039
v 1.605887 0.670837 0.522118
v 1.542221 0.873339 0.428343
v 1.586921 0.789288 0.384945
v 1.622348 0.740730 0.364641
v 1.526739 0.839993 0.488109
v 1.568444 0.749408 0.456496
v 1.603002 0.698931 0.439674
v 1.502953 0.919654 0.485187
v 1.756706 0.561556 0.350738
v 1.529646 0.854105 0.455552
v 1.571729 0.766245 0.417456
v 1.606399 0.716560 0.398716
v 1.680511 0.668131 0.335036
v 1.707486 0.703114 0.295698
v 1.662840 0.604361 0.470758
v 1.660061 0.622974 0.415515
v 1.664005 0.642281 0.371827
v 1.630525 0.685957 0.387889
v 1.645341 0.709129 0.354289
v 1.626507 0.668410 0.427407
v 1.548402 0.974218 0.424972
v 1.510008 0.890844 0.574123
v 1.692276 0.762273 0.302951
v 1.638729 0.645992 0.510969
v 1.535310 0.947080 0.474606
v 1.522411 0.919355 0.524246
v 1.742308 0.560908 0.402947
v 1.763358 0.606558 0.321330
v 1.671994 0.796613 0.311211
v 1.637769 0.844880 0.334374
v 1.585369 0.920484 0.384946
v 1.539692 0.821293 0.562392
v 1.583952 0.728013 0.543440
v 1.616313 0.675698 0.527520
v 1.564520 0.884961 0.440569
v 1.609313 0.800958 0.397221
v 1.644675 0.752366 0.376882
v 1.549035 0.851612 0.500333
v 1.590832 0.761076 0.468771
v 1.625326 0.710565 0.451913
v 1.525091 0.931192 0.497325
v 1.767132 0.566418 0.356140
v 1.551890 0.865697 0.467748
v 1.594018 0.777861 0.429676
v 1.628636 0.728149 0.410908
v 1.702786 0.679740 0.347248
v 1.717912 0.707976 0.301099
v 1.673266 0.609223 0.476160
v 1.682332 0.634581 0.427725
v 1.686216 0.653857 0.384004
v 1.652657 0.697492 0.400023
v 1.667632 0.720746 0.366510
v 1.648795 0.680026 0.439627
v 1.541842 0.835384 0.516519
v 1.437183 0.958426 0.584183
v 1.518948 0.649501 0.729671
v 1.372982 0.821107 0.824040
v 1.495118 0.869102 0.533231
v 1.460217 0.910070 0.555654
v 1.404993 0.686437 0.926394
v 1.462310 0.619111 0.889377
v 1.526423 0.668355 0.694351
v 1.531214 0.706362 0.643655
v 1.537638 0.779504 0.568634
v 1.413125 0.925889 0.649133
v 1.384513 0.878831 0.738500
v 1.374640 0.846799 0.792481
v 1.478660 0.817164 0.587162
v 1.459968 0.749164 0.664445
v 1.455456 0.713728 0.716877
v 1.436695 0.866493 0.614167
v 1.409797 0.808226 0.696785
v 1.402880 0.775669 0.750797
v 1.473872 0.887308 0.542719
v 1.433076 0.641203 0.928036
v 1.452815 0.838926 0.598426
v 1.428925 0.775162 0.677830
v 1.422888 0.740975 0.730901
v 1.452362 0.661079 0.799026
v 1.500944 0.630920 0.783887
v 1.377799 0.775060 0.864203
v 1.395967 0.727404 0.835836
v 1.417882 0.690510 0.814490
v 1.421074 0.720394 0.765671
v 1.452082 0.693416 0.751669
v 1.400871 0.753777 0.784727
v 1.551930 0.841111 0.521709
v 1.447272 0.964153 0.589373
v 1.529036 0.655229 0.734860
v 1.383071 0.826834 0.829230
v 1.517286 0.882246 0.543595
v 1.482382 0.923213 0.566016
v 1.415081 0.692165 0.931583
v 1.472399 0.624839 0.894566
v 1.536511 0.674082 0.699540
v 1.541303 0.712089 0.648844
v 1.547726 0.785232 0.573823
v 1.423213 0.931616 0.654323
v 1.394602 0.884559 0.743689
v 1.384728 0.852527 0.797671
v 1.500975 0.830395 0.597594
v 1.482375 0.762449 0.674920
v 1.477798 0.726975 0.727322
v 1.459005 0.879721 0.624597
v 1.432200 0.821509 0.707259
v 1.425219 0.788913 0.761241
v 1.496026 0.900443 0.553075
v 1.443165 0.646931 0.933226
v 1.475074 0.852124 0.608832
v 1.451229 0.788387 0.688257
v 1.445140 0.754168 0.741304
v 1.474652 0.674295 0.809447
v 1.511033 0.636648 0.789077
v 1.387888 0.780788 0.869392
v 1.418253 0.740617 0.846254
v 1.440107 0.703688 0.824881
v 1.443222 0.733526 0.776025
v 1.474388 0.706642 0.762097
v 1.423173 0.767001 0.795153
v 1.476234 0.895992 0.558599
v 1.451166 1.068666 0.543549
v 1.336689 0.862009 0.803308
v 1.301728 1.102835 0.782318
v 1.454533 0.950738 0.547141
v 1.446150 1.008208 0.542019
v 1.245467 1.032186 0.928879
v 1.259225 0.937683 0.937136
v 1.356299 0.856841 0.767986
v 1.385533 0.860491 0.711687
v 1.437535 0.879088 0.622417
v 1.407712 1.084520 0.604512
v 1.350396 1.102530 0.690592
v 1.319944 1.107265 0.746160
v 1.407667 0.943281 0.607349
v 1.348107 0.935257 0.692990
v 1.320370 0.934233 0.750041
v 1.397622 1.012455 0.601205
v 1.336142 1.018049 0.685664
v 1.307854 1.021043 0.742374
v 1.446083 0.978686 0.542627
v 1.243775 0.985573 0.954604
v 1.397201 0.976859 0.601743
v 1.335471 0.975415 0.686176
v 1.307099 0.976333 0.742885
v 1.281794 0.932998 0.839709
v 1.306863 0.880835 0.851936
v 1.276958 1.083844 0.835065
v 1.268270 1.026220 0.831901
v 1.268013 0.978298 0.832480
v 1.291290 0.977341 0.780099
v 1.303411 0.936170 0.786689
v 1.291234 1.020757 0.779227
v 1.487320 0.898111 0.564441
v 1.462252 1.070785 0.549391
v 1.347775 0.864128 0.809150
v 1.312814 1.104954 0.788160
v 1.479289 0.955345 0.558867
v 1.470903 1.012814 0.553743
v 1.256553 1.034305 0.934721
v 1.270311 0.939802 0.942978
v 1.367385 0.858960 0.773828
v 1.396619 0.862609 0.717529
v 1.448621 0.881207 0.628259
v 1.418798 1.086638 0.610354
v 1.361481 1.104648 0.696434
v 1.331030 1.109383 0.752002
v 1.432586 0.947918 0.619152
v 1.373129 0.939913 0.704842
v 1.345320 0.938876 0.761858
v 1.422537 1.017091 0.613006
v 1.361160 1.022705 0.697514
v 1.332801 1.025685 0.754189
v 1.470823 0.983290 0.554345
v 1.254861 0.987691 0.960446
v 1.422058 0.981484 0.613516
v 1.360379 0.980050 0.697973
v 1.331949 0.980957 0.754655
v 1.306686 0.937630 0.851499
v 1.317949 0.882953 0.857778
v 1.288044 1.085962 0.840907
v 1.293158 1.030851 0.843688
v 1.292833 0.982916 0.844236
v 1.316023 0.981943 0.791814
v 1.328320 0.940805 0.798487
v 1.316140 1.025392 0.791023
v 1.386309 0.982178 0.582085
v 1.440078 1.095691 0.460041
v 1.341356 1.171842 0.788281
v 1.416347 1.330157 0.618067
v 1.389798 1.022513 0.537811
v 1.407622 1.060255 0.497103
v 1.388604 1.396838 0.774339
v 1.359215 1.334702 0.841150
v 1.342773 1.138523 0.764899
v 1.348850 1.093953 0.720021
v 1.368999 1.027979 0.640896
v 1.432969 1.163026 0.495699
v 1.424219 1.253066 0.548950
v 1.420753 1.303148 0.587902
v 1.368910 1.076948 0.587586
v 1.346192 1.151893 0.656963
v 1.342807 1.197632 0.700801
v 1.390407 1.122362 0.538606
v 1.371979 1.206229 0.598363
v 1.369876 1.254595 0.639369
v 1.394191 1.042304 0.516319
v 1.374677 1.382611 0.823746
v 1.373866 1.100808 0.561614
v 1.351985 1.180439 0.625814
v 1.348857 1.227566 0.668135
v 1.341763 1.266865 0.769616
v 1.342482 1.226606 0.812948
v 1.405627 1.360749 0.670084
v 1.370909 1.328312 0.703973
v 1.348843 1.299040 0.734847
v 1.349287 1.257128 0.695735
v 1.342529 1.228129 0.727339
v 1.368922 1.283628 0.667488
v 1.398369 0.980231 0.585587
v 1.452139 1.093744 0.463543
v 1.353416 1.169894 0.791783
v 1.428408 1.328210 0.621570
v 1.416217 1.017383 0.544691
v 1.434037 1.055126 0.503983
v 1.400664 1.394891 0.777841
v 1.371275 1.332754 0.844652
v 1.354833 1.136576 0.768401
v 1.360911 1.092005 0.723523
v 1.381059 1.026031 0.644398
v 1.445030 1.161079 0.499201
v 1.436280 1.251118 0.552452
v 1.432814 1.301200 0.591405
v 1.395502 1.071784 0.594512
v 1.372894 1.146707 0.663918
v 1.369433 1.192461 0.707735
v 1.416995 1.117199 0.545531
v 1.398677 1.201045 0.605317
v 1.396497 1.249426 0.646302
v 1.420592 1.037178 0.523195
v 1.386737 1.380663 0.827248
v 1.400393 1.095657 0.568523
v 1.378565 1.175278 0.632737
v 1.375376 1.222417 0.675042
v 1.368326 1.261707 0.776535
v 1.354542 1.224658 0.816450
v 1.417688 1.358801 0.673586
v 1.397467 1.323154 0.710890
v 1.375330 1.293896 0.741745
v 1.375681 1.252002 0.702610
v 1.369111 1.222967 0.734262
v 1.395500 1.278467 0.674410
v 1.403563 1.086030 0.575234
v 1.460778 1.092924 0.409856
v 1.442929 1.360182 0.636882
v 1.522726 1.369798 0.406230
v 1.408832 1.092661 0.515841
v 1.427782 1.094900 0.460749
v 1.539960 1.515166 0.496828
v 1.508684 1.511381 0.587358
v 1.432097 1.320921 0.636652
v 1.419196 1.259778 0.625137
v 1.408502 1.159053 0.597579
v 1.476571 1.167255 0.400827
v 1.499396 1.269441 0.393324
v 1.515074 1.330920 0.396808
v 1.410850 1.168638 0.525868
v 1.419543 1.271893 0.540323
v 1.435112 1.332583 0.550296
v 1.433700 1.171317 0.459578
v 1.446945 1.275081 0.461011
v 1.463872 1.335916 0.467150
v 1.414016 1.095239 0.486869
v 1.531952 1.534942 0.545636
v 1.416767 1.171814 0.490891
v 1.426477 1.275692 0.498415
v 1.442358 1.336574 0.506349
v 1.463003 1.424562 0.567382
v 1.461600 1.416219 0.625926
v 1.529076 1.425222 0.431613
v 1.494087 1.428510 0.478205
v 1.471403 1.428862 0.520423
v 1.454788 1.374618 0.512174
v 1.446905 1.370999 0.554719
v 1.474946 1.374241 0.473712
v 1.415217 1.082789 0.579131
v 1.472432 1.089683 0.413753
v 1.454583 1.356942 0.640779
v 1.534381 1.366557 0.410127
v 1.434013 1.084456 0.524220
v 1.452959 1.086695 0.469127
v 1.551615 1.511925 0.500725
v 1.520338 1.508141 0.591256
v 1.443751 1.317680 0.640549
v 1.430851 1.256537 0.629034
v 1.420157 1.155812 0.601476
v 1.488226 1.164014 0.404724
v 1.511050 1.266200 0.397221
v 1.526729 1.327679 0.400705
v 1.436197 1.160378 0.534302
v 1.444994 1.263599 0.548792
v 1.460489 1.324313 0.558740
v 1.459042 1.163059 0.468011
v 1.472392 1.266788 0.469479
v 1.489246 1.327647 0.475594
v 1.439180 1.087039 0.495243
v 1.543606 1.531701 0.549533
v 1.442050 1.163574 0.499305
v 1.451811 1.267436 0.506846
v 1.467634 1.328337 0.514760
v 1.488321 1.416312 0.575807
v 1.473255 1.412979 0.629823
v 1.540731 1.421982 0.435510
v 1.519401 1.420261 0.486629
v 1.496648 1.420636 0.528823
v 1.479945 1.366420 0.520545
v 1.472241 1.362743 0.563150
v 1.500279 1.365985 0.482142
v -0.035894 2.386124 1.007819
v -0.018928 2.379348 1.018408
v -0.021180 2.365584 1.034263
v -0.040398 2.358596 1.039529
v -0.057364 2.365371 1.028939
v -0.055112 2.379135 1.013084
v -0.019985 2.533821 0.893142
v 0.147467 2.452980 0.979706
v 0.131336 2.286521 1.098450
v -0.052248 2.200904 1.130630
v -0.219700 2.281745 1.044066
v -0.203568 2.448204 0.925322
v -0.027007 2.542432 0.937709
v 0.124636 2.469223 1.016100
v 0.110027 2.318481 1.123633
v -0.056223 2.240947 1.152775
v -0.207866 2.314156 1.074384
v -0.193257 2.464898 0.966851
v -0.045614 2.409383 1.069501
v -0.007774 2.283262 0.984145
v 0.013994 2.274569 0.997731
v 0.011104 2.256910 1.018073
v -0.013552 2.247944 1.024829
v -0.035320 2.256638 1.011242
v -0.032430 2.274297 0.990901
v -0.179262 2.347826 0.979821
v -0.020853 2.398603 0.925054
v -0.328942 2.543005 0.838363
v -0.108012 2.613823 0.761980
v -0.128360 2.356300 0.949219
v -0.075598 2.373092 0.930957
v -0.239103 2.714120 0.713070
v -0.325802 2.686353 0.743080
v -0.316517 2.510848 0.860052
v -0.286268 2.464004 0.890517
v -0.225901 2.395339 0.942095
v -0.037441 2.455750 0.876938
v -0.064224 2.535180 0.813750
v -0.086781 2.584489 0.780625
v -0.166206 2.403297 0.901933
v -0.216664 2.471933 0.841195
v -0.244624 2.520653 0.811701
v -0.102701 2.423533 0.879995
v -0.140659 2.496185 0.814993
v -0.164932 2.546098 0.784258
v -0.102527 2.362136 0.936124
v -0.291828 2.719291 0.718624
v -0.135141 2.410106 0.885899
v -0.179485 2.479964 0.821907
v -0.205647 2.529059 0.791458
v -0.287498 2.597923 0.770214
v -0.335883 2.591529 0.803635
v -0.150039 2.651931 0.738785
v -0.202103 2.625627 0.740643
v -0.245674 2.607453 0.748902
v -0.222037 2.561741 0.774166
v -0.260115 2.553054 0.793137
v -0.182465 2.577857 0.766414
v -0.178077 2.355210 0.990096
v -0.019668 2.405988 0.935329
v -0.327757 2.550390 0.848637
v -0.106826 2.621208 0.772255
v -0.125294 2.371537 0.972242
v -0.072533 2.388326 0.953977
v -0.237918 2.721506 0.723345
v -0.324617 2.693738 0.753355
v -0.315332 2.518233 0.870326
v -0.285082 2.471389 0.900792
v -0.224716 2.402724 0.952370
v -0.036255 2.463135 0.887213
v -0.063039 2.542565 0.824025
v -0.085596 2.591874 0.790900
v -0.163120 2.418634 0.925107
v -0.213565 2.487334 0.864465
v -0.241535 2.536009 0.834904
v -0.099615 2.438868 0.903165
v -0.137561 2.511583 0.838260
v -0.161843 2.561451 0.807457
v -0.099463 2.377362 0.959131
v -0.290643 2.726676 0.728899
v -0.132063 2.425405 0.909015
v -0.176401 2.495294 0.845070
v -0.202569 2.544353 0.814567
v -0.284415 2.613243 0.793363
v -0.334698 2.598914 0.813910
v -0.148854 2.659316 0.749060
v -0.199021 2.640944 0.763787
v -0.242600 2.622729 0.771984
v -0.218974 2.576964 0.797167
v -0.257031 2.568385 0.816303
v -0.179381 2.593186 0.789576
v -0.094955 2.378553 0.938630
v 0.071470 2.366841 0.991892
v -0.056598 2.588115 0.751221
v 0.175512 2.571780 0.825504
v -0.036710 2.365518 0.944704
v 0.018692 2.361501 0.962419
v 0.141422 2.700463 0.716347
v 0.050324 2.706901 0.687227
v -0.071044 2.557288 0.773578
v -0.082444 2.508300 0.812407
v -0.091275 2.432363 0.884344
v 0.106722 2.418428 0.947709
v 0.150835 2.491881 0.887064
v 0.170316 2.540301 0.850822
v -0.021194 2.414586 0.887883
v 0.000237 2.485938 0.814428
v 0.013422 2.536088 0.777872
v 0.045472 2.409780 0.909240
v 0.080005 2.480225 0.840036
v 0.097049 2.530118 0.804746
v -0.008020 2.360701 0.949860
v 0.100985 2.723104 0.690086
v 0.013398 2.408555 0.893836
v 0.041653 2.478595 0.821465
v 0.056851 2.528374 0.785231
v 0.032378 2.615942 0.725014
v -0.024904 2.630533 0.722847
v 0.170975 2.617479 0.784915
v 0.122237 2.609930 0.753713
v 0.078920 2.608203 0.733278
v 0.066013 2.561626 0.764108
v 0.023884 2.568598 0.756236
v 0.105363 2.562793 0.782437
v -0.097432 2.386610 0.948142
v 0.068993 2.374897 1.001404
v -0.059075 2.596171 0.760733
v 0.173035 2.579836 0.835016
v -0.042411 2.382211 0.966162
v 0.012991 2.378192 0.983874
v 0.138945 2.708519 0.725859
v 0.047846 2.714957 0.696739
v -0.073521 2.565344 0.783090
v -0.084921 2.516356 0.821919
v -0.093752 2.440419 0.893856
v 0.104244 2.426484 0.957221
v 0.148358 2.499938 0.896576
v 0.167839 2.548357 0.860334
v -0.026934 2.431389 0.909482
v -0.005526 2.502810 0.836116
v 0.007676 2.552912 0.799498
v 0.039734 2.426580 0.930836
v 0.074243 2.497095 0.861720
v 0.091304 2.546939 0.826369
v -0.013718 2.377383 0.971303
v 0.098507 2.731160 0.699598
v 0.007673 2.425317 0.915381
v 0.035917 2.495390 0.843054
v 0.051128 2.545130 0.806769
v 0.026645 2.632727 0.746589
v -0.027382 2.638589 0.732359
v 0.168498 2.625535 0.794427
v 0.116505 2.626712 0.775284
v 0.073203 2.624939 0.754791
v 0.060316 2.578304 0.785546
v 0.018147 2.585394 0.777827
v 0.099626 2.579587 0.804025
v 0.037528 2.423817 0.938022
v 0.088685 2.313784 1.064303
v 0.288519 2.550100 0.898449
v 0.359866 2.396639 1.074572
v 0.059242 2.377553 0.969445
v 0.076222 2.340831 1.011427
v 0.478095 2.510740 1.023195
v 0.450083 2.570993 0.954107
v 0.250163 2.536707 0.895567
v 0.193437 2.508388 0.899768
v 0.102634 2.459711 0.919885
v 0.163495 2.328804 1.070122
v 0.265143 2.354153 1.076778
v 0.324354 2.377130 1.078709
v 0.130199 2.402176 0.954087
v 0.226684 2.439290 0.937984
v 0.283482 2.467539 0.936896
v 0.150619 2.358012 1.004645
v 0.251101 2.386479 0.998533
v 0.309072 2.412190 1.000402
v 0.069314 2.356150 0.987147
v 0.484464 2.551965 0.990067
v 0.142405 2.376180 0.975150
v 0.241296 2.408065 0.963089
v 0.298810 2.434784 0.963200
v 0.369250 2.514148 0.938046
v 0.346269 2.561271 0.910655
v 0.407259 2.432291 1.059100
v 0.397068 2.454977 1.006304
v 0.385694 2.479481 0.966717
v 0.334641 2.453455 0.965035
v 0.319999 2.484784 0.938777
v 0.344926 2.430868 1.000669
v 0.033922 2.432244 0.946825
v 0.085078 2.322211 1.073106
v 0.284912 2.558527 0.907252
v 0.356260 2.405066 1.083375
v 0.050297 2.395485 0.988681
v 0.067279 2.358761 1.030660
v 0.474489 2.519167 1.031999
v 0.446477 2.579420 0.962910
v 0.246557 2.545134 0.904370
v 0.189830 2.516814 0.908572
v 0.099027 2.468137 0.928688
v 0.159889 2.337230 1.078926
v 0.261537 2.362580 1.085582
v 0.320747 2.385556 1.087512
v 0.121195 2.420226 0.973449
v 0.217642 2.457415 0.957427
v 0.274467 2.485611 0.956283
v 0.141617 2.376059 1.024005
v 0.242061 2.404601 1.017972
v 0.300058 2.430260 1.019786
v 0.060375 2.374071 1.006371
v 0.480857 2.560391 0.998870
v 0.133424 2.394186 0.994464
v 0.232297 2.426107 0.982442
v 0.289832 2.452784 0.982508
v 0.360256 2.532179 0.957387
v 0.342662 2.569697 0.919458
v 0.403652 2.440718 1.067904
v 0.388075 2.473004 1.025642
v 0.376726 2.497459 0.986002
v 0.325704 2.471371 0.984253
v 0.310998 2.502828 0.958132
v 0.335927 2.448909 1.020021
v 0.153578 2.359749 1.036968
v 0.004431 2.268688 1.048544
v 0.297403 2.215789 1.234704
v 0.089389 2.088787 1.250850
v 0.109637 2.319310 1.031213
v 0.059983 2.288982 1.034949
v 0.210515 2.047750 1.366095
v 0.292133 2.097620 1.359787
v 0.285853 2.240191 1.204208
v 0.257547 2.272414 1.157326
v 0.199129 2.323397 1.086563
v 0.021687 2.215061 1.100336
v 0.048485 2.144773 1.173553
v 0.069548 2.108128 1.220998
v 0.148812 2.272192 1.077281
v 0.199619 2.210539 1.144836
v 0.225216 2.178502 1.193246
v 0.089035 2.235724 1.081807
v 0.128059 2.166941 1.150293
v 0.150176 2.132813 1.198989
v 0.086580 2.300869 1.030132
v 0.259389 2.061884 1.381876
v 0.121179 2.249776 1.075737
v 0.166586 2.183637 1.142859
v 0.190592 2.150279 1.191157
v 0.263273 2.132533 1.270503
v 0.303864 2.174866 1.278205
v 0.128882 2.067309 1.292508
v 0.182830 2.083339 1.277059
v 0.225955 2.102555 1.268816
v 0.204953 2.130763 1.223541
v 0.239024 2.157640 1.225005
v 0.165900 2.113138 1.230613
v 0.149101 2.368153 1.045385
v -0.000047 2.277092 1.056961
v 0.292926 2.224193 1.243121
v 0.084911 2.097191 1.259267
v 0.099414 2.338298 1.048722
v 0.049761 2.307967 1.052456
v 0.206037 2.056154 1.374512
v 0.287656 2.106023 1.368203
v 0.281375 2.248594 1.212625
v 0.253069 2.280818 1.165743
v 0.194651 2.331800 1.094980
v 0.017209 2.223464 1.108753
v 0.044007 2.153177 1.181970
v 0.065071 2.116531 1.229415
v 0.138522 2.291305 1.094904
v 0.189286 2.229731 1.162533
v 0.214913 2.197638 1.210892
v 0.078746 2.254834 1.099428
v 0.117727 2.186130 1.167987
v 0.139875 2.151947 1.216632
v 0.076363 2.319844 1.047629
v 0.254911 2.070287 1.390293
v 0.110914 2.268841 1.093317
v 0.156300 2.202741 1.160475
v 0.180331 2.169338 1.208732
v 0.252994 2.151625 1.288107
v 0.299387 2.183269 1.286622
v 0.124405 2.075712 1.300925
v 0.172552 2.102427 1.294660
v 0.215705 2.121592 1.286369
v 0.194739 2.149733 1.241033
v 0.228737 2.176746 1.242622
v 0.155615 2.132241 1.248227
v 0.076174 2.298984 1.045009
v -0.093826 2.321998 1.009771
v 0.046098 2.073513 1.214620
v -0.190999 2.105611 1.165475
v 0.020741 2.296477 1.022201
v -0.035829 2.304144 1.010354
v -0.155116 1.983470 1.281367
v -0.062073 1.970901 1.300686
v 0.060119 2.103259 1.190590
v 0.070554 2.151597 1.150690
v 0.075709 2.236262 1.088846
v -0.126540 2.263642 1.046924
v -0.167737 2.183856 1.101297
v -0.186426 2.136635 1.139486
v 0.010138 2.229974 1.058834
v -0.006133 2.142342 1.113625
v -0.018953 2.095667 1.154640
v -0.057947 2.239234 1.044611
v -0.087616 2.153467 1.096650
v -0.104387 2.107353 1.136867
v -0.007273 2.297050 1.012834
v -0.114085 1.961482 1.307260
v -0.023549 2.230449 1.047286
v -0.046428 2.142845 1.099667
v -0.061199 2.096177 1.139987
v -0.038534 2.026893 1.221098
v 0.014900 2.032723 1.245792
v -0.185171 2.059081 1.204940
v -0.130359 2.039206 1.202367
v -0.083970 2.027711 1.205961
v -0.070764 2.068165 1.167547
v -0.029548 2.067051 1.181161
v -0.112792 2.078452 1.163858
v 0.075286 2.307204 1.054661
v -0.094714 2.330218 1.019423
v 0.045210 2.081733 1.224272
v -0.191887 2.113830 1.175127
v 0.019079 2.315303 1.042559
v -0.037491 2.322967 1.030709
v -0.156004 1.991689 1.291019
v -0.062961 1.979120 1.310338
v 0.059231 2.111478 1.200243
v 0.069666 2.159817 1.160342
v 0.074822 2.244482 1.098499
v -0.127428 2.271861 1.056576
v -0.168625 2.192076 1.110949
v -0.187314 2.144855 1.149138
v 0.008466 2.248924 1.079325
v -0.007812 2.161371 1.134201
v -0.020628 2.114640 1.175157
v -0.059619 2.258181 1.065099
v -0.089295 2.172492 1.117224
v -0.106061 2.126324 1.157381
v -0.008934 2.315863 1.033178
v -0.114973 1.969702 1.316912
v -0.025218 2.249352 1.067726
v -0.048100 2.161786 1.120149
v -0.062867 2.115074 1.160421
v -0.040205 2.045822 1.241567
v 0.014012 2.040943 1.255444
v -0.186059 2.067300 1.214592
v -0.132029 2.058132 1.222832
v -0.085636 2.046585 1.226371
v -0.072425 2.086973 1.187886
v -0.031220 2.085994 1.201644
v -0.114464 2.097391 1.184339
v -0.027747 2.229342 1.024603
v -0.109430 2.349859 0.927266
v -0.251547 2.154793 1.182292
v -0.365470 2.322877 1.046536
v -0.059531 2.258506 0.982907
v -0.086680 2.298578 0.950404
v -0.459096 2.254287 1.173683
v -0.414376 2.188354 1.226987
v -0.215385 2.157223 1.163712
v -0.164168 2.169367 1.128118
v -0.084358 2.202142 1.068322
v -0.181537 2.345523 0.952519
v -0.278664 2.338298 0.991679
v -0.333847 2.332006 1.022546
v -0.123815 2.233505 1.016366
v -0.211329 2.204179 1.065634
v -0.263023 2.195113 1.101282
v -0.156474 2.281766 0.977278
v -0.250393 2.261980 1.018895
v -0.303969 2.255739 1.052299
v -0.074664 2.275132 0.963739
v -0.455375 2.219841 1.214144
v -0.142114 2.253268 0.993064
v -0.233236 2.227731 1.037630
v -0.285998 2.219788 1.071905
v -0.340887 2.184117 1.159129
v -0.308253 2.159099 1.201650
v -0.405061 2.300650 1.087707
v -0.385159 2.249231 1.106839
v -0.365526 2.211027 1.128097
v -0.318811 2.216552 1.095329
v -0.296714 2.191859 1.123389
v -0.336604 2.250945 1.075675
v -0.024151 2.238382 1.032779
v -0.105834 2.358900 0.935442
v -0.247952 2.163833 1.190468
v -0.361874 2.331918 1.054713
v -0.050695 2.278410 1.000152
v -0.077845 2.318479 0.967647
v -0.455501 2.263328 1.181859
v -0.410781 2.197395 1.235163
v -0.211789 2.166264 1.171888
v -0.160572 2.178408 1.136294
v -0.080763 2.211183 1.076499
v -0.177942 2.354564 0.960695
v -0.275068 2.347339 0.999855
v -0.330251 2.341047 1.030722
v -0.114921 2.253539 1.033724
v -0.202399 2.224297 1.083064
v -0.254118 2.215173 1.118662
v -0.147582 2.301797 0.994634
v -0.241464 2.282094 1.036323
v -0.295066 2.275795 1.069677
v -0.065834 2.295022 0.980972
v -0.451779 2.228882 1.222320
v -0.133242 2.273253 1.010379
v -0.224346 2.247756 1.054981
v -0.277130 2.239766 1.089216
v -0.332003 2.204129 1.176468
v -0.304657 2.168139 1.209827
v -0.401465 2.309690 1.095883
v -0.376277 2.269240 1.124175
v -0.356668 2.230981 1.145386
v -0.309984 2.236437 1.112558
v -0.287824 2.211886 1.140741
v -0.327715 2.270969 1.093024
v -0.124327 2.271339 1.018419
v -0.095278 2.386755 0.889941
v -0.392547 2.346518 1.072421
v -0.352032 2.507487 0.893235
v -0.120763 2.300048 0.965860
v -0.111050 2.338384 0.923020
v -0.503729 2.522192 0.973290
v -0.519612 2.459049 1.043639
v -0.356405 2.327843 1.070451
v -0.297689 2.306536 1.058791
v -0.197699 2.284151 1.035983
v -0.163139 2.421462 0.883132
v -0.256970 2.468317 0.878702
v -0.314276 2.495227 0.884124
v -0.195672 2.315578 0.970806
v -0.296499 2.341706 0.980676
v -0.354046 2.365884 0.992031
v -0.183962 2.361746 0.919279
v -0.282459 2.396997 0.919054
v -0.339313 2.423875 0.927444
v -0.117901 2.316244 0.941317
v -0.531830 2.501116 1.013335
v -0.192343 2.334838 0.941033
v -0.292533 2.364644 0.944942
v -0.349899 2.389916 0.954548
v -0.440764 2.405632 1.012768
v -0.441821 2.380317 1.066219
v -0.408519 2.516359 0.915304
v -0.425281 2.468128 0.943567
v -0.436245 2.431910 0.972977
v -0.385412 2.407628 0.962350
v -0.389826 2.383640 0.998272
v -0.375462 2.440156 0.935356
v -0.119611 2.279568 1.026878
v -0.090562 2.394984 0.898400
v -0.387831 2.354747 1.080880
v -0.347316 2.515716 0.901694
v -0.109399 2.317566 0.984179
v -0.099687 2.355899 0.941336
v -0.499013 2.530422 0.981749
v -0.514896 2.467278 1.052098
v -0.351689 2.336072 1.078910
v -0.292973 2.314766 1.067250
v -0.192983 2.292380 1.044442
v -0.158423 2.429691 0.891591
v -0.252254 2.476546 0.887161
v -0.309560 2.503457 0.892583
v -0.184233 2.333212 0.989245
v -0.285013 2.359412 0.999191
v -0.342593 2.383539 1.010493
v -0.172525 2.379377 0.937715
v -0.270975 2.414700 0.937567
v -0.327862 2.441527 0.945904
v -0.106545 2.333750 0.959623
v -0.527114 2.509346 1.021794
v -0.180933 2.352428 0.959427
v -0.281100 2.382269 0.963372
v -0.338492 2.407501 0.972936
v -0.429338 2.423246 1.031187
v -0.437105 2.388546 1.074678
v -0.403803 2.524588 0.923763
v -0.413857 2.485739 0.961983
v -0.424852 2.449472 0.991343
v -0.374059 2.425130 0.980651
v -0.378392 2.401266 1.016704
v -0.364030 2.457780 0.953785
v 0.953139 2.588156 -0.305804
v 0.943496 2.594240 -0.323578
v 0.951438 2.588676 -0.342336
v 0.969023 2.577027 -0.343320
v 0.978666 2.570943 -0.325547
v 0.970724 2.576508 -0.306789
v 0.904141 2.667097 -0.142753
v 0.797102 2.708513 -0.312742
v 0.845271 2.616005 -0.489351
v 1.000477 2.482081 -0.495971
v 1.107516 2.440664 -0.325983
v 1.059348 2.533173 -0.149373
v 0.935027 2.689334 -0.168466
v 0.838095 2.726840 -0.322406
v 0.881715 2.643066 -0.482341
v 1.022268 2.521786 -0.488336
v 1.119201 2.484280 -0.334397
v 1.075581 2.568054 -0.174462
v 0.997803 2.628085 -0.334975
v 0.899857 2.507390 -0.356495
v 0.887485 2.515196 -0.379298
v 0.897675 2.508057 -0.403364
v 0.920236 2.493112 -0.404627
v 0.932608 2.485306 -0.381824
v 0.922419 2.492445 -0.357758
v 1.051042 2.484839 -0.255353
v 0.898924 2.570688 -0.242658
v 1.133552 2.520743 0.013744
v 0.921394 2.640475 0.031449
v 0.993953 2.500765 -0.246052
v 0.943255 2.529253 -0.241878
v 1.021424 2.645651 0.171463
v 1.104703 2.598699 0.164502
v 1.129274 2.508965 -0.025010
v 1.112344 2.496507 -0.084974
v 1.077868 2.487895 -0.183749
v 0.896891 2.590030 -0.168646
v 0.899118 2.616843 -0.067180
v 0.908661 2.633469 -0.006599
v 1.008319 2.503222 -0.170789
v 1.029703 2.512266 -0.068774
v 1.045561 2.527609 -0.009291
v 0.947325 2.537548 -0.165781
v 0.956738 2.553398 -0.062803
v 0.969075 2.570761 -0.003041
v 0.966529 2.511085 -0.242274
v 1.069072 2.629693 0.189140
v 0.975154 2.515346 -0.166149
v 0.989938 2.526641 -0.063215
v 1.003858 2.542659 -0.003453
v 1.072289 2.554737 0.080596
v 1.129130 2.542716 0.069479
v 0.950490 2.643857 0.085286
v 0.990316 2.601264 0.087663
v 1.027844 2.571465 0.086844
v 1.013849 2.554979 0.033751
v 1.054083 2.539563 0.028378
v 0.979567 2.581625 0.034460
v 1.056744 2.495515 -0.259229
v 0.904625 2.581364 -0.246534
v 1.139253 2.531419 0.009867
v 0.927095 2.651151 0.027573
v 1.006166 2.523803 -0.255628
v 0.955467 2.552288 -0.251451
v 1.027126 2.656327 0.167587
v 1.110404 2.609375 0.160626
v 1.134976 2.519641 -0.028886
v 1.118045 2.507184 -0.088851
v 1.083569 2.498571 -0.187625
v 0.902593 2.600706 -0.172523
v 0.904819 2.627519 -0.071056
v 0.914363 2.644145 -0.010475
v 1.020612 2.526412 -0.180427
v 1.042047 2.535552 -0.078452
v 1.057870 2.550828 -0.018941
v 0.959616 2.560734 -0.175418
v 0.969080 2.576680 -0.072479
v 0.981381 2.593976 -0.012690
v 0.978734 2.534108 -0.251842
v 1.074773 2.640369 0.185264
v 0.987417 2.538478 -0.175763
v 1.002226 2.549820 -0.072849
v 1.016117 2.565784 -0.013065
v 1.084569 2.577902 0.070969
v 1.134831 2.553392 0.065603
v 0.956192 2.654534 0.081410
v 1.002594 2.624424 0.078037
v 1.040089 2.594563 0.077244
v 1.026050 2.577996 0.024185
v 1.066372 2.562744 0.018744
v 0.991854 2.604803 0.024827
v 0.964333 2.528580 -0.237556
v 0.852191 2.611695 -0.343326
v 0.868612 2.637168 0.006485
v 0.712209 2.753087 -0.141031
v 0.916923 2.545304 -0.270296
v 0.879564 2.572871 -0.305562
v 0.704491 2.797695 0.025063
v 0.765899 2.752235 0.082950
v 0.887253 2.615316 -0.022391
v 0.909015 2.586855 -0.074869
v 0.941619 2.551312 -0.168105
v 0.808203 2.650194 -0.293941
v 0.751824 2.703358 -0.223128
v 0.724617 2.735854 -0.175786
v 0.882227 2.568202 -0.205884
v 0.837570 2.604777 -0.118626
v 0.815723 2.635866 -0.067818
v 0.837298 2.601413 -0.248334
v 0.783845 2.644567 -0.169437
v 0.759417 2.677608 -0.121097
v 0.894987 2.555723 -0.287123
v 0.728030 2.788015 0.071857
v 0.855601 2.580477 -0.226103
v 0.805623 2.619339 -0.142835
v 0.782210 2.651114 -0.093197
v 0.785464 2.686695 0.009839
v 0.834404 2.673236 0.040214
v 0.702210 2.771397 -0.083401
v 0.724936 2.731799 -0.047049
v 0.749838 2.703618 -0.017340
v 0.769026 2.673183 -0.061973
v 0.801060 2.657678 -0.037099
v 0.746212 2.698364 -0.089014
v 0.972788 2.537929 -0.239175
v 0.860646 2.621043 -0.344945
v 0.877068 2.646516 0.004866
v 0.720665 2.762435 -0.142650
v 0.935842 2.565150 -0.274746
v 0.898481 2.592714 -0.310010
v 0.712947 2.807044 0.023444
v 0.774355 2.761584 0.081330
v 0.895709 2.624664 -0.024010
v 0.917471 2.596204 -0.076488
v 0.950075 2.560661 -0.169725
v 0.816659 2.659543 -0.295560
v 0.760280 2.712706 -0.224748
v 0.733073 2.745203 -0.177406
v 0.901272 2.588178 -0.210363
v 0.856693 2.624836 -0.123123
v 0.834791 2.655867 -0.072302
v 0.856339 2.621386 -0.252812
v 0.802964 2.664623 -0.173933
v 0.778481 2.697606 -0.125580
v 0.913894 2.575556 -0.291570
v 0.736486 2.797363 0.070238
v 0.874598 2.600404 -0.230571
v 0.824658 2.639306 -0.147312
v 0.801201 2.671035 -0.097663
v 0.804487 2.706650 0.005366
v 0.842860 2.682585 0.038595
v 0.710665 2.780746 -0.085020
v 0.743955 2.751750 -0.051522
v 0.768806 2.723514 -0.021801
v 0.787928 2.693011 -0.066419
v 0.820097 2.677647 -0.041576
v 0.765246 2.718329 -0.093491
v 0.861510 2.621165 -0.258923
v 0.867255 2.605881 -0.433292
v 0.653216 2.813525 -0.247935
v 0.661228 2.792209 -0.491125
v 0.852281 2.605940 -0.316215
v 0.854189 2.600734 -0.374254
v 0.555003 2.913475 -0.430730
v 0.551889 2.921870 -0.335294
v 0.681316 2.785233 -0.239640
v 0.725920 2.739993 -0.238476
v 0.803842 2.670366 -0.248451
v 0.810677 2.652182 -0.455899
v 0.733972 2.718569 -0.482891
v 0.689648 2.763068 -0.492523
v 0.789316 2.649671 -0.316279
v 0.706843 2.714027 -0.317862
v 0.663817 2.760518 -0.321404
v 0.791648 2.643437 -0.386131
v 0.709681 2.706609 -0.401458
v 0.666816 2.752762 -0.409053
v 0.849666 2.600206 -0.345079
v 0.539131 2.935868 -0.385078
v 0.785930 2.642516 -0.351003
v 0.702712 2.705331 -0.359408
v 0.659467 2.751383 -0.364963
v 0.600990 2.835056 -0.326591
v 0.613552 2.852087 -0.271355
v 0.619656 2.834779 -0.476427
v 0.604008 2.827110 -0.420729
v 0.596644 2.825821 -0.373389
v 0.633803 2.782431 -0.368589
v 0.637365 2.790726 -0.326117
v 0.640303 2.783183 -0.411518
v 0.870592 2.630042 -0.259402
v 0.876337 2.614758 -0.433771
v 0.662298 2.822402 -0.248413
v 0.670310 2.801086 -0.491604
v 0.872930 2.624496 -0.317152
v 0.874836 2.619287 -0.375191
v 0.564085 2.922352 -0.431209
v 0.560971 2.930747 -0.335772
v 0.690398 2.794110 -0.240119
v 0.735002 2.748869 -0.238955
v 0.812924 2.679242 -0.248930
v 0.819759 2.661059 -0.456378
v 0.743055 2.727446 -0.483370
v 0.698730 2.771945 -0.493002
v 0.810101 2.668350 -0.317222
v 0.727714 2.732783 -0.318809
v 0.684627 2.779220 -0.322349
v 0.812430 2.662113 -0.387074
v 0.730548 2.725362 -0.402405
v 0.687624 2.771461 -0.409997
v 0.870301 2.618750 -0.346016
v 0.548213 2.944745 -0.385557
v 0.806663 2.661148 -0.351944
v 0.723487 2.724001 -0.360351
v 0.680194 2.770010 -0.365904
v 0.621752 2.853714 -0.327533
v 0.622634 2.860965 -0.271834
v 0.628738 2.843656 -0.476906
v 0.624766 2.845765 -0.421671
v 0.617346 2.844425 -0.374329
v 0.654432 2.800971 -0.369525
v 0.658142 2.809398 -0.327060
v 0.661077 2.801852 -0.412461
v 0.806594 2.659348 -0.410214
v 0.921344 2.527219 -0.416941
v 0.767397 2.685364 -0.690029
v 0.927438 2.501084 -0.699412
v 0.833250 2.605678 -0.413091
v 0.871388 2.561632 -0.415250
v 0.880820 2.566694 -0.851592
v 0.818045 2.639041 -0.847910
v 0.764975 2.687644 -0.649436
v 0.769129 2.682399 -0.586248
v 0.788842 2.669703 -0.483927
v 0.925362 2.512507 -0.491931
v 0.929976 2.497191 -0.595678
v 0.931394 2.496021 -0.659193
v 0.817113 2.603189 -0.487994
v 0.800228 2.602724 -0.591245
v 0.799166 2.607595 -0.654493
v 0.863049 2.550210 -0.490589
v 0.855248 2.539363 -0.594348
v 0.856878 2.541186 -0.657745
v 0.848733 2.580554 -0.414468
v 0.850928 2.605341 -0.872814
v 0.835484 2.572722 -0.489638
v 0.822101 2.566164 -0.593173
v 0.822080 2.569247 -0.656516
v 0.800665 2.618346 -0.751509
v 0.778145 2.672918 -0.747808
v 0.913031 2.517614 -0.756646
v 0.862708 2.547144 -0.755414
v 0.825736 2.577601 -0.753859
v 0.823990 2.572877 -0.696752
v 0.800979 2.609649 -0.694828
v 0.857225 2.544956 -0.697996
v 0.816192 2.667678 -0.410107
v 0.930942 2.535548 -0.416834
v 0.776995 2.693693 -0.689922
v 0.937036 2.509414 -0.699305
v 0.854226 2.623835 -0.411690
v 0.892361 2.579786 -0.413849
v 0.890417 2.575023 -0.851485
v 0.827643 2.647370 -0.847803
v 0.774573 2.695974 -0.649329
v 0.778727 2.690729 -0.586141
v 0.798440 2.678033 -0.483820
v 0.934959 2.520837 -0.491824
v 0.939574 2.505521 -0.595571
v 0.940992 2.504351 -0.659086
v 0.838227 2.621466 -0.486584
v 0.821429 2.621076 -0.589829
v 0.820306 2.625895 -0.653081
v 0.884159 2.568484 -0.489179
v 0.876446 2.557713 -0.592932
v 0.878015 2.559483 -0.656333
v 0.869694 2.598698 -0.413067
v 0.860526 2.613671 -0.872707
v 0.856545 2.590953 -0.488231
v 0.843205 2.584432 -0.591763
v 0.843134 2.587473 -0.655109
v 0.821756 2.636603 -0.750101
v 0.787743 2.681248 -0.747701
v 0.922629 2.525944 -0.756539
v 0.883795 2.565398 -0.754006
v 0.846765 2.595804 -0.752454
v 0.844946 2.591017 -0.695352
v 0.822084 2.627918 -0.693419
v 0.878328 2.563223 -0.696586
v 0.864942 2.580709 -0.422858
v 0.991507 2.512585 -0.322800
v 0.941669 2.455505 -0.665647
v 1.118188 2.360493 -0.526097
v 0.898530 2.545776 -0.387491
v 0.940584 2.523065 -0.354100
v 1.129086 2.324687 -0.694133
v 1.059837 2.362008 -0.748906
v 0.922313 2.475617 -0.635988
v 0.900676 2.502704 -0.582737
v 0.877945 2.547866 -0.490742
v 1.028521 2.466819 -0.371702
v 1.078084 2.407214 -0.442484
v 1.105866 2.376819 -0.490877
v 0.915509 2.502619 -0.448533
v 0.943246 2.447447 -0.532989
v 0.967737 2.421146 -0.585274
v 0.966147 2.475325 -0.408354
v 1.003881 2.414835 -0.484914
v 1.031329 2.386981 -0.534873
v 0.916958 2.530492 -0.370180
v 1.104970 2.334997 -0.740496
v 0.937482 2.483951 -0.427627
v 0.969441 2.425005 -0.507911
v 0.995188 2.397596 -0.558976
v 1.007587 2.384569 -0.666539
v 0.977222 2.422107 -0.700711
v 1.126379 2.341600 -0.583825
v 1.076091 2.347801 -0.612784
v 1.037486 2.359712 -0.638566
v 1.013001 2.382223 -0.591873
v 0.985753 2.404423 -0.617370
v 1.047726 2.371151 -0.568265
v 0.872179 2.590923 -0.425058
v 0.998744 2.522799 -0.325000
v 0.948906 2.465718 -0.667847
v 1.125424 2.370707 -0.528297
v 0.913869 2.568609 -0.391363
v 0.955920 2.545894 -0.357971
v 1.136323 2.334900 -0.696333
v 1.067074 2.372221 -0.751105
v 0.929549 2.485831 -0.638188
v 0.907913 2.512917 -0.584936
v 0.885182 2.558080 -0.492942
v 1.035757 2.477032 -0.373902
v 1.085320 2.417427 -0.444684
v 1.113102 2.387033 -0.493077
v 0.930948 2.525603 -0.452431
v 0.958749 2.470525 -0.536903
v 0.983195 2.444158 -0.589176
v 0.981584 2.498305 -0.412251
v 1.019382 2.437910 -0.488827
v 1.046785 2.409989 -0.538775
v 0.932286 2.553309 -0.374049
v 1.112206 2.345210 -0.742696
v 0.952883 2.506877 -0.431515
v 0.984874 2.447978 -0.511807
v 1.010584 2.420515 -0.562863
v 1.023009 2.407526 -0.670432
v 0.984458 2.432321 -0.702910
v 1.133615 2.351813 -0.586025
v 1.091511 2.370754 -0.616676
v 1.052864 2.382604 -0.642448
v 1.028325 2.405035 -0.595741
v 1.001187 2.427397 -0.621266
v 1.063157 2.394122 -0.572160
v 0.928776 2.471973 -0.409904
v 0.965505 2.494612 -0.240170
v 1.185735 2.381346 -0.489079
v 1.236960 2.412919 -0.252353
v 0.938051 2.464907 -0.351054
v 0.950181 2.472382 -0.294518
v 1.370531 2.369903 -0.352078
v 1.350438 2.357553 -0.444987
v 1.146244 2.391059 -0.486851
v 1.086870 2.408034 -0.471880
v 0.994395 2.443888 -0.437497
v 1.038091 2.470821 -0.235563
v 1.138352 2.439766 -0.233962
v 1.199510 2.423891 -0.240691
v 1.004987 2.431127 -0.367036
v 1.098877 2.390466 -0.388889
v 1.159196 2.375796 -0.401988
v 1.019595 2.440170 -0.299003
v 1.116370 2.401349 -0.307483
v 1.177543 2.387238 -0.316643
v 0.943292 2.464035 -0.321991
v 1.383041 2.360273 -0.402952
v 1.011201 2.429746 -0.331994
v 1.106241 2.388682 -0.346921
v 1.166912 2.373900 -0.357982
v 1.252699 2.357546 -0.423297
v 1.243855 2.368658 -0.480719
v 1.287918 2.395034 -0.281334
v 1.272819 2.369840 -0.331764
v 1.261299 2.356068 -0.376200
v 1.206046 2.366946 -0.365462
v 1.198361 2.367914 -0.408186
v 1.216241 2.379082 -0.325033
v 0.931642 2.484150 -0.412148
v 0.968370 2.506788 -0.242414
v 1.188601 2.393523 -0.491324
v 1.239826 2.425096 -0.254597
v 0.943197 2.491795 -0.355762
v 0.955326 2.499266 -0.299226
v 1.373397 2.382079 -0.354322
v 1.353304 2.369730 -0.447231
v 1.149110 2.403236 -0.489096
v 1.089736 2.420210 -0.474125
v 0.997261 2.456064 -0.439741
v 1.040957 2.482997 -0.237807
v 1.141218 2.451942 -0.236206
v 1.202376 2.436067 -0.242935
v 1.010167 2.458192 -0.371775
v 1.104078 2.417644 -0.393649
v 1.164382 2.402894 -0.406734
v 1.024773 2.467230 -0.303742
v 1.121570 2.428522 -0.312242
v 1.182728 2.414332 -0.321388
v 0.948433 2.490904 -0.326697
v 1.385907 2.372450 -0.405197
v 1.016367 2.456744 -0.336722
v 1.111418 2.415734 -0.351658
v 1.172076 2.400889 -0.362708
v 1.257873 2.384581 -0.428032
v 1.246721 2.380835 -0.482963
v 1.290784 2.407211 -0.283578
v 1.277991 2.396871 -0.336498
v 1.266457 2.383025 -0.380921
v 1.211186 2.393809 -0.370166
v 1.203538 2.394969 -0.412924
v 1.221418 2.406133 -0.329770
v 1.012889 2.462284 -0.346968
v 0.940209 2.515100 -0.196637
v 1.277167 2.431102 -0.248506
v 1.175801 2.504763 -0.038842
v 0.986948 2.465419 -0.292963
v 0.962666 2.482922 -0.242930
v 1.346785 2.484982 -0.035667
v 1.386571 2.456115 -0.117960
v 1.242923 2.430584 -0.270550
v 1.184336 2.433563 -0.294968
v 1.085351 2.448642 -0.326495
v 0.998883 2.511477 -0.147645
v 1.082459 2.507595 -0.084248
v 1.137517 2.507180 -0.052530
v 1.054467 2.448144 -0.261029
v 1.147930 2.430425 -0.217476
v 1.205868 2.430135 -0.191625
v 1.025248 2.469254 -0.200827
v 1.112970 2.455749 -0.145449
v 1.169218 2.456717 -0.116116
v 0.974310 2.469644 -0.266594
v 1.387789 2.472447 -0.067274
v 1.039190 2.452896 -0.229209
v 1.129588 2.435971 -0.179376
v 1.186634 2.435925 -0.151672
v 1.295655 2.433860 -0.153488
v 1.320556 2.434895 -0.207133
v 1.235945 2.496964 -0.029989
v 1.256699 2.462505 -0.072271
v 1.275269 2.440673 -0.110683
v 1.223281 2.438324 -0.134729
v 1.241918 2.431817 -0.173403
v 1.206210 2.457737 -0.099836
v 1.014836 2.474398 -0.350282
v 0.942156 2.527213 -0.199952
v 1.279114 2.443216 -0.251821
v 1.177748 2.516877 -0.042156
v 0.990157 2.491897 -0.300724
v 0.965874 2.509396 -0.250690
v 1.348732 2.497095 -0.038982
v 1.388519 2.468228 -0.121274
v 1.244870 2.442698 -0.273864
v 1.186283 2.445677 -0.298283
v 1.087299 2.460755 -0.329809
v 1.000830 2.523590 -0.150959
v 1.084407 2.519708 -0.087562
v 1.139465 2.519294 -0.055844
v 1.057697 2.474796 -0.268841
v 1.151173 2.457188 -0.225321
v 1.209102 2.456820 -0.199447
v 1.028478 2.495902 -0.208638
v 1.116213 2.482507 -0.153292
v 1.172452 2.483398 -0.123937
v 0.977517 2.496104 -0.274351
v 1.389736 2.484561 -0.070589
v 1.042412 2.479482 -0.237003
v 1.132816 2.462611 -0.187185
v 1.189855 2.462503 -0.159463
v 1.298881 2.460482 -0.161292
v 1.322504 2.447009 -0.210447
v 1.237892 2.509078 -0.033303
v 1.259925 2.489123 -0.080073
v 1.278486 2.467218 -0.118464
v 1.226486 2.464777 -0.142483
v 1.245146 2.458459 -0.181213
v 1.209438 2.484375 -0.107645
v 0.580146 1.939622 -1.548134
v 0.564564 1.947448 -1.560045
v 0.556654 1.936005 -1.575932
v 0.564325 1.916738 -1.579908
v 0.579907 1.908913 -1.567997
v 0.587817 1.920355 -1.552110
v 0.673824 2.053806 -1.432355
v 0.508436 2.122617 -1.532257
v 0.401038 1.995735 -1.652403
v 0.459027 1.800041 -1.672648
v 0.624416 1.731229 -1.572746
v 0.731814 1.858112 -1.452600
v 0.687627 2.052277 -1.476137
v 0.537853 2.114592 -1.566607
v 0.440594 1.999688 -1.675410
v 0.493109 1.822470 -1.693742
v 0.642882 1.760156 -1.603272
v 0.740141 1.875059 -1.494469
v 0.607780 1.944974 -1.608531
v 0.482875 1.894024 -1.528366
v 0.462883 1.904064 -1.543648
v 0.452735 1.889384 -1.564031
v 0.462577 1.864664 -1.569133
v 0.482569 1.854624 -1.553851
v 0.492717 1.869304 -1.533467
v 0.643680 1.807906 -1.510465
v 0.574619 1.962718 -1.466476
v 0.880076 1.830122 -1.355117
v 0.783758 2.046036 -1.293766
v 0.614796 1.853049 -1.483499
v 0.591702 1.904534 -1.468830
v 0.942225 2.015727 -1.233715
v 0.980043 1.931011 -1.257826
v 0.849057 1.817340 -1.378209
v 0.795831 1.807896 -1.411606
v 0.707719 1.805792 -1.468625
v 0.625557 1.989974 -1.416292
v 0.699027 2.024898 -1.349946
v 0.748900 2.041859 -1.314414
v 0.672095 1.857615 -1.432774
v 0.753127 1.867538 -1.367341
v 0.806321 1.879896 -1.335048
v 0.644320 1.919597 -1.415159
v 0.719912 1.941741 -1.346313
v 0.771509 1.957708 -1.313028
v 0.601441 1.876865 -1.472216
v 0.981042 1.979284 -1.235332
v 0.655861 1.886129 -1.418924
v 0.733602 1.901591 -1.350668
v 0.785840 1.915588 -1.317546
v 0.890045 1.900372 -1.289212
v 0.919015 1.858368 -1.319134
v 0.838582 2.040565 -1.266917
v 0.853062 1.984048 -1.265445
v 0.868478 1.938989 -1.270832
v 0.820124 1.925548 -1.298541
v 0.839726 1.890401 -1.314844
v 0.805815 1.966225 -1.293405
v 0.649085 1.813216 -1.520668
v 0.580024 1.968028 -1.476679
v 0.885481 1.835432 -1.365320
v 0.789162 2.051347 -1.303969
v 0.625651 1.864392 -1.506414
v 0.602556 1.915876 -1.491742
v 0.947630 2.021037 -1.243918
v 0.985448 1.936321 -1.268029
v 0.854462 1.822650 -1.388413
v 0.801235 1.813206 -1.421809
v 0.713124 1.811103 -1.478829
v 0.630962 1.995284 -1.426495
v 0.704432 2.030208 -1.360150
v 0.754305 2.047170 -1.324617
v 0.683022 1.869033 -1.455841
v 0.764098 1.879004 -1.390502
v 0.817261 1.891328 -1.358142
v 0.655244 1.931013 -1.438222
v 0.730881 1.953204 -1.369470
v 0.782447 1.969138 -1.336119
v 0.612288 1.888200 -1.495116
v 0.986447 1.984594 -1.245535
v 0.666760 1.897518 -1.441933
v 0.744523 1.913004 -1.373724
v 0.796736 1.926974 -1.340548
v 0.900959 1.911777 -1.312252
v 0.924420 1.863678 -1.329338
v 0.843986 2.045875 -1.277120
v 0.863974 1.995451 -1.288481
v 0.879360 1.950361 -1.293806
v 0.830969 1.936881 -1.321435
v 0.850648 1.901814 -1.337901
v 0.816735 1.977637 -1.316459
v 0.608977 1.893258 -1.474979
v 0.494235 2.008266 -1.540391
v 0.730034 2.068193 -1.287223
v 0.570005 2.228594 -1.378451
v 0.561331 1.928166 -1.485496
v 0.523045 1.966374 -1.507258
v 0.682517 2.292454 -1.264874
v 0.745347 2.229516 -1.229103
v 0.717683 2.036071 -1.309005
v 0.690677 1.993564 -1.347753
v 0.643732 1.933808 -1.420172
v 0.507223 2.070634 -1.497993
v 0.529842 2.154773 -1.439440
v 0.551277 2.202864 -1.403869
v 0.584600 1.974594 -1.429105
v 0.619738 2.040862 -1.356167
v 0.646585 2.085377 -1.319796
v 0.538553 2.020588 -1.455331
v 0.564671 2.095918 -1.387599
v 0.588871 2.143107 -1.352776
v 0.539200 1.946323 -1.492807
v 0.724476 2.278122 -1.235353
v 0.557733 1.996352 -1.437661
v 0.587473 2.066835 -1.366322
v 0.612740 2.112603 -1.330424
v 0.690998 2.154495 -1.267069
v 0.739421 2.121166 -1.260490
v 0.604885 2.257037 -1.336847
v 0.629277 2.216800 -1.302322
v 0.655148 2.184004 -1.278827
v 0.630457 2.142299 -1.309447
v 0.662859 2.115583 -1.298413
v 0.606638 2.171837 -1.330563
v 0.617242 1.896292 -1.484144
v 0.502501 2.011300 -1.549555
v 0.738299 2.071227 -1.296387
v 0.578270 2.231627 -1.387616
v 0.578938 1.933950 -1.506188
v 0.540649 1.972157 -1.527947
v 0.690783 2.295488 -1.274039
v 0.753613 2.232550 -1.238268
v 0.725949 2.039105 -1.318170
v 0.698943 1.996598 -1.356917
v 0.651997 1.936842 -1.429337
v 0.515488 2.073668 -1.507157
v 0.538108 2.157806 -1.448605
v 0.559542 2.205898 -1.413034
v 0.602323 1.980416 -1.449933
v 0.637534 2.046708 -1.377081
v 0.664330 2.091206 -1.340649
v 0.556272 2.026409 -1.476156
v 0.582465 2.101763 -1.408510
v 0.606613 2.148936 -1.373627
v 0.556795 1.952103 -1.513485
v 0.732742 2.281156 -1.244517
v 0.575411 2.002159 -1.458437
v 0.605187 2.072654 -1.387141
v 0.630414 2.118409 -1.351194
v 0.708701 2.160311 -1.287874
v 0.747687 2.124199 -1.269655
v 0.613150 2.260071 -1.346012
v 0.646977 2.222615 -1.323124
v 0.672800 2.189803 -1.299572
v 0.648047 2.148078 -1.330119
v 0.680574 2.121402 -1.319233
v 0.624351 2.177656 -1.351380
v 0.556078 2.022622 -1.483209
v 0.447444 1.983125 -1.614776
v 0.484009 2.296057 -1.459782
v 0.332498 2.240972 -1.643277
v 0.508946 2.007105 -1.516931
v 0.472742 1.993862 -1.560670
v 0.337640 2.407160 -1.598643
v 0.397131 2.428786 -1.526660
v 0.498920 2.258547 -1.454355
v 0.515086 2.197098 -1.454916
v 0.539264 2.095955 -1.469228
v 0.410021 2.048966 -1.625754
v 0.362813 2.141736 -1.639335
v 0.341371 2.201266 -1.645162
v 0.479984 2.077291 -1.506342
v 0.443626 2.174914 -1.496648
v 0.427550 2.236235 -1.499197
v 0.436448 2.061360 -1.559014
v 0.391571 2.155858 -1.559724
v 0.372997 2.216261 -1.565352
v 0.487318 1.999811 -1.535689
v 0.362454 2.440526 -1.565351
v 0.453705 2.068430 -1.528687
v 0.412081 2.164241 -1.523289
v 0.394457 2.225041 -1.527113
v 0.406417 2.331315 -1.505763
v 0.455272 2.346271 -1.475955
v 0.327285 2.300725 -1.630670
v 0.347816 2.310292 -1.576884
v 0.371298 2.319597 -1.536154
v 0.385109 2.264176 -1.531221
v 0.416681 2.274945 -1.503425
v 0.363543 2.255486 -1.567897
v 0.565320 2.025082 -1.491579
v 0.456686 1.985586 -1.623146
v 0.493251 2.298517 -1.468152
v 0.341740 2.243433 -1.651646
v 0.529477 2.011365 -1.535150
v 0.493271 1.998121 -1.578887
v 0.346882 2.409620 -1.607013
v 0.406372 2.431246 -1.535030
v 0.508162 2.261007 -1.462724
v 0.524328 2.199558 -1.463286
v 0.548505 2.098415 -1.477597
v 0.419263 2.051426 -1.634123
v 0.372055 2.144196 -1.647705
v 0.350613 2.203727 -1.653532
v 0.500650 2.081579 -1.524681
v 0.464377 2.179219 -1.515063
v 0.448241 2.240528 -1.517559
v 0.457110 2.065647 -1.577350
v 0.412319 2.160163 -1.578136
v 0.393685 2.220553 -1.583711
v 0.507836 2.004067 -1.553896
v 0.371696 2.442986 -1.573720
v 0.474320 2.072707 -1.546981
v 0.432737 2.168527 -1.541620
v 0.415065 2.229317 -1.545401
v 0.427060 2.335598 -1.524082
v 0.464513 2.348731 -1.484325
v 0.336526 2.303185 -1.639040
v 0.368456 2.314574 -1.595200
v 0.391882 2.323867 -1.554420
v 0.405621 2.268431 -1.549423
v 0.437340 2.279231 -1.521758
v 0.384198 2.259771 -1.586226
v 0.437784 2.063330 -1.591431
v 0.467832 1.890811 -1.593727
v 0.247192 2.068017 -1.801579
v 0.289099 1.827405 -1.804782
v 0.435838 2.003935 -1.583206
v 0.445825 1.946497 -1.583852
v 0.185794 1.886392 -1.929222
v 0.169381 1.980824 -1.927993
v 0.271266 2.076729 -1.769904
v 0.311218 2.078714 -1.720533
v 0.383579 2.071464 -1.644832
v 0.419327 1.866216 -1.647563
v 0.353336 1.836891 -1.723751
v 0.314843 1.826529 -1.773233
v 0.377502 2.000341 -1.632814
v 0.301911 1.994983 -1.704949
v 0.263970 1.991021 -1.755643
v 0.389560 1.931221 -1.633620
v 0.316391 1.912275 -1.705951
v 0.279178 1.904309 -1.756714
v 0.437026 1.974514 -1.580773
v 0.165326 1.931734 -1.948265
v 0.378672 1.964885 -1.629657
v 0.303223 1.952535 -1.701046
v 0.265325 1.946512 -1.751537
v 0.209134 1.985996 -1.836252
v 0.214821 2.044038 -1.846143
v 0.249572 1.841128 -1.849568
v 0.225299 1.892881 -1.837802
v 0.210961 1.938290 -1.832381
v 0.243198 1.943047 -1.785214
v 0.241155 1.986281 -1.788681
v 0.255989 1.901796 -1.789736
v 0.447557 2.065138 -1.599352
v 0.477604 1.892618 -1.601648
v 0.256965 2.069824 -1.809501
v 0.298871 1.829213 -1.812703
v 0.457896 2.008004 -1.599591
v 0.467881 1.950565 -1.600235
v 0.195567 1.888199 -1.937144
v 0.179153 1.982631 -1.935914
v 0.281039 2.078536 -1.777825
v 0.320990 2.080521 -1.728454
v 0.393352 2.073271 -1.652753
v 0.429099 1.868023 -1.655485
v 0.363108 1.838698 -1.731672
v 0.324616 1.828336 -1.781155
v 0.399705 2.004437 -1.649307
v 0.324207 1.999096 -1.721510
v 0.286201 1.995122 -1.772157
v 0.411759 1.935316 -1.650110
v 0.338683 1.916387 -1.722510
v 0.301405 1.908409 -1.773225
v 0.459070 1.978581 -1.597147
v 0.175099 1.933542 -1.956186
v 0.400821 1.968971 -1.646109
v 0.325416 1.956629 -1.717532
v 0.287467 1.950597 -1.767984
v 0.231313 1.990088 -1.852726
v 0.224593 2.045845 -1.854064
v 0.259345 1.842936 -1.857490
v 0.247474 1.896971 -1.854274
v 0.233076 1.942369 -1.848808
v 0.265235 1.947112 -1.801584
v 0.263350 1.990376 -1.805167
v 0.278181 1.905890 -1.806220
v 0.443342 1.964813 -1.594886
v 0.570029 1.853784 -1.546991
v 0.303799 1.786390 -1.765774
v 0.480489 1.631538 -1.698976
v 0.476430 1.922504 -1.568157
v 0.518587 1.885569 -1.552099
v 0.372133 1.573042 -1.819283
v 0.302817 1.633826 -1.845530
v 0.315512 1.817553 -1.742311
v 0.342598 1.858952 -1.702436
v 0.399135 1.921260 -1.639662
v 0.549856 1.789167 -1.582681
v 0.520177 1.703321 -1.635301
v 0.499243 1.656530 -1.672850
v 0.435591 1.869156 -1.605078
v 0.383683 1.796849 -1.660063
v 0.359482 1.754705 -1.700847
v 0.486355 1.824722 -1.585786
v 0.444472 1.743697 -1.637021
v 0.423236 1.698988 -1.676712
v 0.494668 1.902241 -1.556770
v 0.330254 1.588266 -1.848470
v 0.457344 1.844661 -1.591106
v 0.409645 1.767513 -1.643207
v 0.386687 1.723937 -1.683156
v 0.324643 1.691827 -1.766897
v 0.295482 1.734741 -1.795303
v 0.444069 1.603566 -1.739567
v 0.393003 1.631764 -1.741331
v 0.354143 1.658886 -1.748486
v 0.373569 1.697111 -1.710434
v 0.346523 1.726752 -1.727023
v 0.408654 1.672473 -1.703521
v 0.450696 1.969142 -1.604303
v 0.577384 1.858113 -1.556408
v 0.311154 1.790719 -1.775191
v 0.487843 1.635868 -1.708393
v 0.492924 1.932775 -1.588008
v 0.535078 1.895838 -1.571947
v 0.379487 1.577371 -1.828700
v 0.310172 1.638156 -1.854947
v 0.322866 1.821882 -1.751728
v 0.349952 1.863281 -1.711854
v 0.406490 1.925589 -1.649079
v 0.557211 1.793497 -1.592098
v 0.527532 1.707651 -1.644719
v 0.506597 1.660860 -1.682267
v 0.452193 1.879494 -1.625060
v 0.400354 1.807230 -1.680128
v 0.376105 1.765056 -1.720854
v 0.502955 1.835058 -1.605764
v 0.461140 1.754076 -1.657082
v 0.439857 1.709338 -1.696715
v 0.511150 1.912505 -1.576608
v 0.337609 1.592595 -1.857887
v 0.473905 1.854973 -1.611038
v 0.426239 1.777846 -1.663180
v 0.403243 1.734246 -1.703082
v 0.341227 1.702153 -1.786857
v 0.302836 1.739070 -1.804721
v 0.451423 1.607895 -1.748984
v 0.409584 1.642089 -1.761287
v 0.370679 1.669183 -1.768389
v 0.390048 1.707372 -1.730266
v 0.363119 1.737087 -1.746997
v 0.425247 1.682806 -1.723493
v 0.457881 1.841758 -1.568201
v 0.596194 1.863976 -1.463095
v 0.558234 1.617718 -1.710487
v 0.751137 1.648705 -1.563897
v 0.498130 1.838891 -1.523803
v 0.544103 1.846292 -1.488718
v 0.768713 1.527701 -1.685082
v 0.693027 1.515568 -1.742638
v 0.535206 1.647288 -1.694544
v 0.508572 1.695300 -1.662560
v 0.477225 1.779426 -1.608159
v 0.641776 1.805860 -1.483114
v 0.702446 1.726444 -1.515232
v 0.735797 1.679511 -1.542113
v 0.523533 1.772686 -1.552933
v 0.561889 1.685499 -1.596215
v 0.591154 1.639154 -1.628166
v 0.578881 1.781627 -1.510738
v 0.628147 1.696242 -1.545760
v 0.660636 1.650440 -1.575286
v 0.519395 1.839301 -1.503298
v 0.742826 1.506061 -1.726301
v 0.548985 1.772963 -1.528021
v 0.592269 1.685764 -1.566287
v 0.622998 1.639414 -1.596771
v 0.637490 1.570917 -1.680384
v 0.599854 1.577118 -1.725595
v 0.762899 1.602545 -1.602463
v 0.712329 1.582803 -1.623886
v 0.672005 1.571472 -1.647178
v 0.643517 1.611621 -1.617800
v 0.612157 1.610745 -1.647819
v 0.679864 1.621755 -1.596308
v 0.462822 1.850060 -1.576458
v 0.601134 1.872278 -1.471352
v 0.563175 1.626020 -1.718743
v 0.756077 1.657008 -1.572154
v 0.508358 1.857892 -1.541294
v 0.554329 1.865291 -1.506207
v 0.773654 1.536003 -1.693339
v 0.697968 1.523870 -1.750895
v 0.540147 1.655591 -1.702801
v 0.513513 1.703603 -1.670816
v 0.482165 1.787729 -1.616416
v 0.646717 1.814162 -1.491371
v 0.707387 1.734746 -1.523489
v 0.740737 1.687813 -1.550370
v 0.533829 1.791812 -1.570539
v 0.572227 1.704704 -1.613895
v 0.601463 1.658303 -1.645794
v 0.589175 1.800750 -1.528342
v 0.638484 1.715444 -1.563436
v 0.670943 1.669587 -1.592911
v 0.529617 1.858289 -1.520777
v 0.747767 1.514363 -1.734558
v 0.559254 1.792042 -1.545583
v 0.602560 1.704881 -1.583885
v 0.633264 1.658487 -1.614328
v 0.647774 1.590022 -1.697971
v 0.604795 1.585421 -1.733852
v 0.767840 1.610847 -1.610720
v 0.722612 1.601905 -1.641470
v 0.682260 1.590522 -1.664715
v 0.653736 1.630604 -1.635275
v 0.622449 1.629864 -1.665419
v 0.690155 1.640871 -1.613905
v 0.552456 1.797131 -1.554282
v 0.612389 1.900521 -1.426260
v 0.788263 1.642816 -1.587329
v 0.871850 1.787012 -1.408778
v 0.568510 1.820988 -1.501628
v 0.588365 1.855385 -1.458945
v 0.987311 1.679279 -1.477328
v 0.954520 1.622719 -1.547428
v 0.750384 1.657752 -1.588317
v 0.695125 1.688333 -1.581328
v 0.611299 1.749691 -1.566241
v 0.682602 1.872694 -1.413932
v 0.779135 1.833256 -1.401878
v 0.837303 1.807696 -1.402650
v 0.629637 1.774729 -1.500845
v 0.716039 1.715766 -1.502904
v 0.772672 1.687968 -1.509623
v 0.653544 1.816159 -1.449507
v 0.744665 1.765391 -1.441509
v 0.802693 1.740021 -1.445276
v 0.577320 1.834865 -1.477079
v 0.992333 1.642557 -1.515587
v 0.640127 1.791201 -1.471061
v 0.728514 1.735397 -1.467158
v 0.785744 1.708532 -1.472127
v 0.860727 1.648105 -1.523307
v 0.845636 1.628329 -1.576973
v 0.916927 1.749467 -1.426525
v 0.893364 1.703888 -1.454334
v 0.875104 1.670526 -1.483496
v 0.822842 1.693181 -1.477017
v 0.809882 1.672513 -1.512937
v 0.839139 1.723245 -1.450254
v 0.556069 1.805728 -1.562916
v 0.616002 1.909118 -1.434894
v 0.791875 1.651413 -1.595963
v 0.875463 1.795610 -1.417412
v 0.575351 1.840271 -1.520416
v 0.595204 1.874665 -1.477729
v 0.990924 1.687876 -1.485963
v 0.958132 1.631316 -1.556063
v 0.753997 1.666350 -1.596951
v 0.698738 1.696930 -1.589962
v 0.614912 1.758288 -1.574876
v 0.686215 1.881292 -1.422567
v 0.782747 1.841853 -1.410512
v 0.840916 1.816293 -1.411285
v 0.636522 1.794139 -1.519756
v 0.722953 1.735257 -1.521894
v 0.779566 1.707402 -1.528558
v 0.660428 1.835566 -1.468415
v 0.751578 1.784879 -1.460496
v 0.809586 1.759452 -1.464207
v 0.584156 1.854135 -1.495854
v 0.995945 1.651154 -1.524221
v 0.646995 1.810563 -1.489926
v 0.735396 1.754797 -1.486060
v 0.792611 1.727887 -1.490985
v 0.867605 1.667494 -1.542197
v 0.849248 1.636926 -1.585608
v 0.920540 1.758064 -1.435160
v 0.900241 1.723274 -1.473221
v 0.881962 1.689859 -1.502332
v 0.829676 1.712446 -1.495787
v 0.816765 1.691916 -1.531841
v 0.846020 1.742645 -1.469155
vn 0.8349 0.4885 -0.2536
vn -0.0357 0.9666 0.2536
vn -0.7947 0.4384 0.4198
vn -0.8815 -0.4314 0.1920
vn 0.8739 -0.2739 0.4015
vn -0.0416 -0.9477 -0.3164
vn 0.7630 -0.4207 -0.4907
vn 0.8445 -0.3710 0.3861
vn 0.8950 -0.3670 0.2536
vn 0.8499 -0.3399 0.4027
vn 0.9174 -0.2578 0.3032
vn 0.8462 -0.4138 0.3356
vn -0.0427 -0.0412 -0.9982
vn -0.7736 -0.5307 0.3462
vn -0.1616 0.9523 0.2589
vn -0.4903 -0.6987 -0.5210
vn -0.6093 0.2948 0.7361
vn 0.1217 0.7843 -0.6083
vn -0.8904 0.1689 -0.4226
vn -0.9142 0.3671 -0.1718
vn -0.7684 0.4648 -0.4400
vn -0.8011 0.3001 -0.5178
vn -0.9470 0.2024 -0.2496
vn -0.8249 0.4983 -0.2670
vn 0.9433 -0.2631 0.2022
vn 0.6147 -0.7655 0.1902
vn 0.9003 -0.3942 0.1847
vn 0.8211 -0.3566 0.4456
vn 0.8464 -0.3602 0.3924
vn 0.8946 -0.3807 0.2341
vn 0.5703 -0.7119 0.4098
vn 0.5517 -0.7493 0.3663
vn 0.5869 -0.7731 0.2405
vn 0.8715 -0.2520 0.4208
vn 0.8993 -0.2182 0.3790
vn 0.9380 -0.2364 0.2533
vn 0.7026 -0.6744 0.2270
vn 0.6600 -0.6448 0.3854
vn 0.6445 -0.6260 0.4389
vn 0.7188 -0.6721 0.1780
vn -0.8761 0.4287 -0.2206
vn 0.6230 -0.7822 -0.0059
vn 0.7648 -0.6439 -0.0218
vn 0.8968 -0.4421 -0.0163
vn 0.9660 -0.2583 0.0084
vn 0.6159 -0.7701 0.1660
vn 0.7223 -0.6671 0.1821
vn 0.8978 -0.3989 0.1865
vn 0.9494 -0.2616 0.1740
vn -0.7389 0.6384 -0.2157
vn -0.9013 0.3909 -0.1867
vn -0.8224 0.3559 -0.4439
vn -0.8476 0.3581 -0.3916
vn -0.8954 0.3782 -0.2352
vn -0.7311 0.5542 -0.3979
vn -0.6929 0.6224 -0.3639
vn -0.7157 0.6535 -0.2466
vn -0.7925 0.4602 -0.4002
vn -0.8401 0.3975 -0.3692
vn -0.8800 0.4023 -0.2524
vn -0.7005 0.6763 -0.2280
vn -0.6586 0.6468 -0.3845
vn -0.6443 0.6275 -0.4371
vn -0.7160 0.6745 -0.1799
vn -0.7889 0.5961 -0.1494
vn -0.7769 0.6193 -0.1131
vn -0.8764 0.4670 -0.1176
vn -0.8572 0.4914 -0.1537
vn -0.7616 0.6147 -0.2052
vn -0.7204 0.6694 -0.1814
vn -0.8991 0.3963 -0.1860
vn -0.8636 0.4595 -0.2075
vn -0.4502 -0.8341 -0.3187
vn -0.5612 -0.8265 0.0451
vn -0.3652 -0.7896 -0.4932
vn -0.2048 0.1053 0.9731
vn -0.5786 -0.8013 0.1520
vn 0.5908 0.7521 -0.2922
vn -0.1933 0.0994 0.9761
vn 0.4850 0.8438 0.2298
vn 0.5877 0.6687 -0.4554
vn 0.4987 0.8456 0.1906
vn -0.0345 -0.4758 -0.8789
vn -0.5833 -0.7893 0.1915
vn 0.5310 0.8432 0.0842
vn -0.1988 0.1146 0.9733
vn -0.1911 0.1027 0.9762
vn 0.5703 0.8158 -0.0960
vn 0.4408 0.2508 -0.8618
vn -0.5164 -0.8456 -0.1350
vn 0.8474 -0.0040 0.5309
vn 0.8267 -0.5176 0.2207
vn 0.8813 -0.1173 0.4578
vn 0.7229 -0.2347 0.6499
vn 0.7607 -0.2044 0.6161
vn 0.8558 -0.1313 0.5004
vn 0.7009 -0.5912 0.3991
vn 0.7164 -0.6075 0.3431
vn 0.7931 -0.5565 0.2475
vn 0.7201 -0.1208 0.6832
vn 0.7385 -0.0644 0.6712
vn 0.8153 -0.0078 0.5789
vn 0.8438 -0.4316 0.3190
vn 0.7489 -0.4954 0.4401
vn 0.7115 -0.5102 0.4831
vn 0.8700 -0.4014 0.2863
vn -0.8680 0.1704 -0.4664
vn 0.8979 -0.4366 0.0558
vn 0.9514 -0.2694 0.1491
vn 0.9595 -0.0634 0.2743
vn 0.9193 0.0984 0.3810
vn 0.8369 -0.5097 0.1997
vn 0.8694 -0.3981 0.2928
vn 0.8810 -0.1229 0.4568
vn 0.8597 0.0125 0.5106
vn -0.8593 0.3849 -0.3370
vn -0.8799 0.1153 -0.4609
vn -0.7241 0.2329 -0.6492
vn -0.7609 0.2020 -0.6166
vn -0.8549 0.1295 -0.5024
vn -0.7593 0.4038 -0.5102
vn -0.7711 0.4563 -0.4440
vn -0.8387 0.4193 -0.3475
vn -0.7632 0.3077 -0.5682
vn -0.7805 0.2262 -0.5828
vn -0.8492 0.1624 -0.5025
vn -0.8427 0.4342 -0.3183
vn -0.7489 0.4971 -0.4381
vn -0.7126 0.5106 -0.4811
vn -0.8684 0.4051 -0.2859
vn -0.8987 0.3028 -0.3173
vn -0.9107 0.3087 -0.2746
vn -0.9166 0.1534 -0.3693
vn -0.9024 0.1966 -0.3834
vn -0.8694 0.3531 -0.3458
vn -0.8691 0.4002 -0.2907
vn -0.8810 0.1200 -0.4577
vn -0.8766 0.1936 -0.4406
vn 0.1297 -0.6816 -0.7202
vn -0.0697 -0.8821 -0.4658
vn 0.2279 -0.5355 -0.8132
vn -0.4993 -0.4370 0.7482
vn -0.1270 -0.9174 -0.3773
vn 0.2013 0.9467 0.2514
vn -0.4877 -0.4395 0.7543
vn -0.0804 0.7425 0.6650
vn 0.2865 0.9539 0.0892
vn -0.0588 0.7669 0.6391
vn 0.4568 0.0108 -0.8895
vn -0.1481 -0.9276 -0.3429
vn -0.0005 0.8253 0.5646
vn -0.4989 -0.4275 0.7539
vn -0.4876 -0.4361 0.7564
vn 0.0970 0.9003 0.4244
vn 0.4870 0.7539 -0.4410
vn 0.0282 -0.7988 -0.6009
vn 0.6576 -0.1222 0.7434
vn 0.9532 -0.2002 0.2267
vn 0.7549 -0.1236 0.6441
vn 0.6740 -0.3862 0.6297
vn 0.6910 -0.3311 0.6425
vn 0.7382 -0.1716 0.6524
vn 0.8758 -0.4165 0.2440
vn 0.9023 -0.3795 0.2044
vn 0.9450 -0.2538 0.2062
vn 0.6053 -0.3450 0.7173
vn 0.5899 -0.2970 0.7509
vn 0.6293 -0.1704 0.7583
vn 0.9111 -0.2171 0.3504
vn 0.8585 -0.3752 0.3496
vn 0.8324 -0.4279 0.3522
vn 0.9186 -0.1666 0.3584
vn -0.7729 0.1654 -0.6126
vn 0.9803 -0.0073 0.1974
vn 0.9233 0.0390 0.3822
vn 0.8045 0.0696 0.5899
vn 0.6721 0.0724 0.7369
vn 0.9589 -0.1767 0.2221
vn 0.9156 -0.1698 0.3644
vn 0.7579 -0.1261 0.6401
vn 0.6602 -0.0935 0.7452
vn -0.8963 0.1981 -0.3968
vn -0.7524 0.1251 -0.6467
vn -0.6740 0.3843 -0.6309
vn -0.6898 0.3300 -0.6444
vn -0.7363 0.1723 -0.6544
vn -0.8101 0.3701 -0.4547
vn -0.8546 0.3480 -0.3854
vn -0.8977 0.2328 -0.3742
vn -0.7548 0.3555 -0.5513
vn -0.7223 0.3129 -0.6168
vn -0.7499 0.1936 -0.6326
vn -0.9117 0.2185 -0.3478
vn -0.8596 0.3747 -0.3473
vn -0.8337 0.4263 -0.3511
vn -0.9194 0.1691 -0.3552
vn -0.8845 0.1225 -0.4501
vn -0.9012 0.0905 -0.4238
vn -0.8115 0.0677 -0.5804
vn -0.8228 0.1080 -0.5579
vn -0.8861 0.1826 -0.4260
vn -0.9168 0.1695 -0.3616
vn -0.7562 0.1251 -0.6423
vn -0.7951 0.1571 -0.5858
vn 0.5474 0.1762 -0.8181
vn 0.4741 -0.1948 -0.8587
vn 0.5545 0.3628 -0.7489
vn -0.2295 -0.9733 0.0106
vn 0.4391 -0.2997 -0.8470
vn -0.3838 0.4344 0.8149
vn -0.2191 -0.9755 0.0185
vn -0.5362 -0.0836 0.8399
vn -0.3042 0.5865 0.7506
vn -0.5299 -0.0431 0.8470
vn 0.4443 0.8142 -0.3737
vn 0.4246 -0.3380 -0.8399
vn -0.5083 0.0654 0.8587
vn -0.2349 -0.9718 0.0201
vn -0.2210 -0.9750 0.0219
vn -0.4582 0.2450 0.8544
vn 0.0168 0.9274 0.3737
vn 0.5193 -0.0139 -0.8545
vn 0.6812 -0.4195 0.6000
vn 0.8417 0.1531 0.5177
vn 0.7306 -0.2907 0.6178
vn 0.8550 -0.3528 0.3802
vn 0.8308 -0.3485 0.4340
vn 0.7541 -0.3127 0.5776
vn 0.9423 0.0715 0.3272
vn 0.9273 0.1238 0.3532
vn 0.8696 0.1597 0.4673
vn 0.7954 -0.4530 0.4027
vn 0.7577 -0.4817 0.4403
vn 0.6981 -0.4521 0.5552
vn 0.8479 0.0221 0.5296
vn 0.9216 -0.0239 0.3874
vn 0.9408 -0.0453 0.3360
vn 0.8195 0.0259 0.5725
vn -0.7662 0.2618 -0.5869
vn 0.7205 0.2213 0.6572
vn 0.6839 0.0393 0.7285
vn 0.6199 -0.1910 0.7611
vn 0.5544 -0.3767 0.7421
vn 0.8284 0.1634 0.5357
vn 0.8207 0.0189 0.5710
vn 0.7337 -0.2863 0.6162
vn 0.6634 -0.4155 0.6223
vn -0.8333 0.0227 -0.5524
vn -0.7304 0.2944 -0.6163
vn -0.8538 0.3535 -0.3821
vn -0.8295 0.3505 -0.4348
vn -0.7536 0.3154 -0.5767
vn -0.9046 0.1373 -0.4036
vn -0.9067 0.0533 -0.4183
vn -0.8541 0.0073 -0.5201
vn -0.8745 0.2445 -0.4190
vn -0.8348 0.3097 -0.4552
vn -0.7738 0.2936 -0.5613
vn -0.8489 -0.0244 -0.5280
vn -0.9216 0.0213 -0.3875
vn -0.9403 0.0436 -0.3375
vn -0.8211 -0.0287 -0.5701
vn -0.7826 0.0633 -0.6193
vn -0.7668 0.0277 -0.6413
vn -0.7187 0.2015 -0.6655
vn -0.7503 0.1831 -0.6352
vn -0.8210 0.0506 -0.5687
vn -0.8209 -0.0219 -0.5707
vn -0.7322 0.2889 -0.6168
vn -0.7706 0.2274 -0.5953
vn 0.1002 0.9869 0.1267
vn 0.3003 0.9342 -0.1924
vn -0.0118 0.9573 0.2887
vn 0.5216 -0.2584 -0.8131
vn 0.3515 0.8927 -0.2820
vn -0.4132 -0.8198 0.3965
vn 0.5319 -0.2616 -0.8054
vn -0.1529 -0.9871 -0.0467
vn -0.4764 -0.7053 0.5249
vn -0.1754 -0.9844 -0.0118
vn -0.3312 0.6471 0.6867
vn 0.3695 0.8743 -0.3146
vn -0.2338 -0.9689 0.0816
vn 0.5186 -0.2689 -0.8116
vn 0.5308 -0.2654 -0.8048
vn -0.3251 -0.9159 0.2353
vn -0.5637 -0.1811 0.8059
vn 0.2064 0.9778 -0.0373
vn 0.7119 -0.6584 0.2445
vn 0.7996 -0.1662 0.5770
vn 0.7437 -0.5709 0.3478
vn 0.8819 -0.4492 0.1432
vn 0.8558 -0.4837 0.1835
vn 0.7710 -0.5586 0.3058
vn 0.9153 -0.0922 0.3920
vn 0.8930 -0.0719 0.4442
vn 0.8279 -0.1256 0.5467
vn 0.8351 -0.5431 0.0877
vn 0.8003 -0.5924 0.0927
vn 0.7341 -0.6515 0.1915
vn 0.8223 -0.2710 0.5004
vn 0.9054 -0.2047 0.3720
vn 0.9286 -0.1850 0.3216
vn 0.7924 -0.2989 0.5318
vn -0.7762 0.5261 -0.3476
vn 0.6666 -0.2179 0.7128
vn 0.6518 -0.4032 0.6424
vn 0.6170 -0.6007 0.5083
vn 0.5766 -0.7310 0.3650
vn 0.7846 -0.1717 0.5958
vn 0.7946 -0.3030 0.5261
vn 0.7463 -0.5663 0.3498
vn 0.6930 -0.6717 0.2619
vn -0.8129 0.3205 -0.4863
vn -0.7441 0.5726 -0.3442
vn -0.8808 0.4511 -0.1440
vn -0.8548 0.4858 -0.1826
vn -0.7709 0.5600 -0.3034
vn -0.9026 0.3010 -0.3076
vn -0.8936 0.2483 -0.3740
vn -0.8325 0.2860 -0.4745
vn -0.8861 0.3931 -0.2454
vn -0.8542 0.4687 -0.2252
vn -0.7885 0.5321 -0.3084
vn -0.8230 0.2681 -0.5008
vn -0.9051 0.2029 -0.3738
vn -0.9279 0.1847 -0.3239
vn -0.7937 0.2950 -0.5320
vn -0.7660 0.3991 -0.5040
vn -0.7451 0.3885 -0.5421
vn -0.7190 0.5373 -0.4408
vn -0.7489 0.5011 -0.4336
vn -0.8039 0.3530 -0.4788
vn -0.7943 0.3005 -0.5280
vn -0.7451 0.5687 -0.3484
vn -0.7759 0.5058 -0.3770
vn -0.0314 0.6558 0.7543
vn 0.1829 0.8446 0.5032
vn -0.1434 0.5174 0.8436
vn 0.5739 0.3897 -0.7203
vn 0.2416 0.8774 0.4146
vn -0.3155 -0.9042 -0.2879
vn 0.5843 0.3829 -0.7155
vn -0.0231 -0.7133 -0.7004
vn -0.3966 -0.9096 -0.1236
vn -0.0467 -0.7363 -0.6750
vn -0.4316 -0.0024 0.9021
vn 0.2628 0.8868 0.3801
vn -0.1094 -0.7914 -0.6015
vn 0.5723 0.3806 -0.7264
vn 0.5837 0.3797 -0.7177
vn -0.2111 -0.8615 -0.4618
vn -0.5588 -0.7143 0.4213
vn 0.0798 0.7664 0.6374
vn 0.6232 -0.7810 0.0397
vn 0.4594 -0.6524 0.6027
vn 0.5879 -0.7900 0.1738
vn 0.7808 -0.5945 0.1924
vn 0.7456 -0.6409 0.1824
vn 0.6288 -0.7590 0.1689
vn 0.6320 -0.5003 0.5918
vn 0.5850 -0.5150 0.6265
vn 0.4907 -0.6084 0.6238
vn 0.7822 -0.6183 0.0761
vn 0.7584 -0.6511 0.0311
vn 0.6658 -0.7458 0.0222
vn 0.5329 -0.6840 0.4981
vn 0.6526 -0.5680 0.5015
vn 0.6925 -0.5253 0.4945
vn 0.4973 -0.7191 0.4853
vn -0.6083 0.7632 -0.2178
vn 0.2903 -0.7528 0.5908
vn 0.3426 -0.8403 0.4201
vn 0.4091 -0.8916 0.1940
vn 0.4630 -0.8864 0.0036
vn 0.4386 -0.6657 0.6037
vn 0.5026 -0.7189 0.4802
vn 0.5884 -0.7885 0.1792
vn 0.6012 -0.7984 0.0329
vn -0.5400 0.7095 -0.4529
vn -0.5902 0.7890 -0.1707
vn -0.7798 0.5962 -0.1912
vn -0.7455 0.6417 -0.1800
vn -0.6301 0.7585 -0.1664
vn -0.6968 0.5965 -0.3983
vn -0.6490 0.5991 -0.4688
vn -0.5563 0.6802 -0.4773
vn -0.7275 0.6205 -0.2929
vn -0.7223 0.6567 -0.2167
vn -0.6381 0.7446 -0.1957
vn -0.5328 0.6823 -0.5005
vn -0.6511 0.5678 -0.5036
vn -0.6908 0.5264 -0.4957
vn -0.4977 0.7167 -0.4885
vn -0.5049 0.7696 -0.3909
vn -0.4673 0.7825 -0.4114
vn -0.5177 0.8210 -0.2408
vn -0.5406 0.7955 -0.2739
vn -0.5413 0.7267 -0.4230
vn -0.5011 0.7182 -0.4827
vn -0.5885 0.7891 -0.1763
vn -0.5909 0.7674 -0.2487
vn -0.4907 -0.0021 0.8713
vn -0.2221 0.2582 0.9402
vn -0.6048 -0.1401 0.7840
vn 0.7618 0.6429 0.0797
vn -0.1361 0.3285 0.9347
vn 0.0182 -0.4161 -0.9091
vn 0.7699 0.6328 0.0828
vn 0.4287 -0.0646 -0.9011
vn -0.1270 -0.5111 -0.8501
vn 0.4005 -0.0934 -0.9115
vn -0.7903 -0.5040 0.3484
vn -0.1034 0.3537 0.9296
vn 0.3219 -0.1695 -0.9315
vn 0.7648 0.6405 0.0693
vn 0.7709 0.6320 0.0791
vn 0.1815 -0.2920 -0.9390
vn -0.5536 -0.6902 -0.4661
vn -0.3598 0.1336 0.9234
vn 0.7337 -0.6794 -0.0141
vn 0.3438 -0.8439 0.4118
vn 0.6538 -0.7532 0.0726
vn 0.7711 -0.5835 0.2549
vn 0.7549 -0.6207 0.2119
vn 0.6846 -0.7221 0.0999
vn 0.4649 -0.6988 0.5436
vn 0.4134 -0.7302 0.5440
vn 0.3531 -0.8142 0.4608
vn 0.8220 -0.5484 0.1536
vn 0.8257 -0.5563 0.0936
vn 0.7696 -0.6385 0.0057
vn 0.4567 -0.8184 0.3488
vn 0.5338 -0.7139 0.4532
vn 0.5616 -0.6716 0.4833
vn 0.4383 -0.8444 0.3081
vn -0.6489 0.7501 -0.1276
vn 0.2219 -0.9325 0.2850
vn 0.3544 -0.9250 0.1369
vn 0.5114 -0.8587 -0.0337
vn 0.6299 -0.7604 -0.1581
vn 0.3282 -0.8568 0.3978
vn 0.4449 -0.8415 0.3065
vn 0.6518 -0.7544 0.0777
vn 0.7208 -0.6922 -0.0365
vn -0.4862 0.8187 -0.3056
vn -0.6568 0.7507 -0.0716
vn -0.7711 0.5844 -0.2528
vn -0.7559 0.6202 -0.2097
vn -0.6866 0.7203 -0.0987
vn -0.6192 0.6875 -0.3795
vn -0.5506 0.7255 -0.4129
vn -0.4845 0.8042 -0.3444
vn -0.6921 0.6566 -0.2998
vn -0.7250 0.6519 -0.2221
vn -0.6793 0.7220 -0.1313
vn -0.4552 0.8181 -0.3514
vn -0.5317 0.7148 -0.4544
vn -0.5599 0.6732 -0.4830
vn -0.4368 0.8438 -0.3118
vn -0.4930 0.8428 -0.2158
vn -0.4549 0.8655 -0.2098
vn -0.5735 0.8152 -0.0814
vn -0.5753 0.8078 -0.1283
vn -0.5029 0.8193 -0.2753
vn -0.4424 0.8422 -0.3082
vn -0.6531 0.7535 -0.0752
vn -0.6228 0.7693 -0.1427
vn -0.7657 -0.4397 0.4693
vn -0.6156 -0.2347 0.7523
vn -0.8009 -0.5229 0.2918
vn 0.4927 0.5538 0.6712
vn -0.5539 -0.1672 0.8156
vn 0.4605 0.0736 -0.8846
vn 0.5012 0.5437 0.6732
vn 0.7379 0.3933 -0.5485
vn 0.3319 -0.0435 -0.9423
vn 0.7237 0.3720 -0.5812
vn -0.7134 -0.6392 -0.2873
vn -0.5290 -0.1414 0.8367
vn 0.6797 0.3120 -0.6639
vn 0.4999 0.5568 0.6634
vn 0.5038 0.5448 0.6704
vn 0.5872 0.2030 -0.7836
vn -0.1497 -0.4013 -0.9036
vn -0.7017 -0.3410 0.6256
vn -0.7013 0.0442 0.7115
vn -0.9856 0.0442 0.1634
vn -0.8934 0.0442 -0.4471
vn -0.4599 0.0442 -0.8869
vn 0.1492 0.0442 -0.9878
vn 0.7013 0.0442 -0.7115
vn 0.9856 0.0442 -0.1634
vn 0.8934 0.0442 0.4471
vn 0.8290 0.3750 0.4149
vn 0.4599 0.0442 0.8869
vn -0.1492 0.0442 0.9878
vn 0.4268 0.3750 0.8229
vn 0.9146 0.3750 -0.1516
vn 0.6508 0.3750 -0.6602
vn 0.1384 0.3750 -0.9166
vn -0.4268 0.3750 -0.8229
vn -0.6508 0.3750 0.6602
vn -0.8290 0.3750 -0.4149
vn -0.9146 0.3750 0.1516
vn -0.1384 0.3750 0.9166
vn 0.7710 0.6239 -0.1278
vn -0.3598 0.6239 -0.6938
vn -0.5486 0.6239 0.5566
vn 0.6989 0.6239 0.3498
vn 0.1167 0.6239 -0.7727
vn -0.7710 0.6239 0.1278
vn 0.3598 0.6239 0.6938
vn 0.5486 0.6239 -0.5566
vn -0.6989 0.6239 -0.3498
vn -0.1167 0.6239 0.7727
vn 0.7465 -0.6538 -0.1237
vn 0.5312 -0.6538 -0.5389
vn 0.1130 -0.6538 -0.7482
vn -0.3483 -0.6538 -0.6717
vn -0.5312 -0.6538 0.5389
vn -0.6766 -0.6538 -0.3387
vn -0.7465 -0.6538 0.1237
vn -0.1130 -0.6538 0.7482
vn 0.3483 -0.6538 0.6717
vn 0.6766 -0.6538 0.3387
vn -0.2667 -0.9251 0.2705
vn 0.3397 -0.9251 0.1700
vn 0.0567 -0.9251 -0.3756
vn -0.3747 -0.9251 0.0621
vn 0.1749 -0.9251 0.3372
vn 0.2667 -0.9251 -0.2705
vn -0.3397 -0.9251 -0.1700
vn -0.0567 -0.9251 0.3756
vn 0.3747 -0.9251 -0.0621
vn -0.1749 -0.9251 -0.3372
vn 0.0116 -0.9970 -0.0771
vn -0.0769 -0.9970 0.0127
vn 0.0359 -0.9970 0.0692
vn 0.0547 -0.9970 -0.0555
vn -0.0697 -0.9970 -0.0349
vn -0.0116 -0.9970 0.0771
vn 0.0769 -0.9970 -0.0127
vn -0.0359 -0.9970 -0.0692
vn -0.0547 -0.9970 0.0555
vn 0.0697 -0.9970 0.0349
vn -0.4175 0.8843 -0.2090
vn 0.3277 0.8843 -0.3325
vn 0.2149 0.8843 0.4144
vn -0.4606 0.8843 0.0763
vn -0.0000 -1.0000 -0.0000
vn -0.0697 0.8843 0.4616
vn 0.4606 0.8843 -0.0763
vn -0.2149 0.8843 -0.4144
vn -0.3277 0.8843 0.3325
vn 0.4175 0.8843 0.2090
vn 0.0697 0.8843 -0.4616
vn -0.1256 0.9621 -0.2421
vn 0.2439 0.9621 0.1221
vn -0.2439 0.9621 -0.1221
vn 0.0407 0.9621 -0.2697
vn 0.1256 0.9621 0.2421
vn -0.2691 0.9621 0.0446
vn 0.1915 0.9621 -0.1942
vn -0.0407 0.9621 0.2697
vn -0.1915 0.9621 0.1942
vn 0.2691 0.9621 -0.0446
vn 0.6874 0.7100 -0.1526
vn 0.5866 0.1362 0.7984
vn -0.1137 -0.4864 0.8663
vn -0.7238 -0.6536 0.2214
vn 0.6806 -0.1186 -0.7230
vn -0.6637 -0.1046 -0.7406
vn 0.0634 0.5414 -0.8384
vn 0.6041 -0.1531 -0.7821
vn 0.5716 -0.0205 -0.8203
vn 0.6319 -0.1534 -0.7597
vn 0.6672 -0.0130 -0.7448
vn 0.5576 -0.1257 -0.8205
vn -0.5732 0.8152 -0.0830
vn -0.6173 -0.7817 0.0889
vn 0.4949 0.0795 0.8653
vn -0.9587 -0.0042 -0.2845
vn 0.1095 -0.7399 0.6638
vn 0.1536 0.8570 0.4919
vn -0.7550 0.0907 0.6494
vn -0.5419 -0.0560 0.8385
vn -0.5332 0.2625 0.8043
vn -0.6781 0.2542 0.6896
vn -0.6869 -0.0644 0.7239
vn -0.4651 0.1074 0.8787
vn 0.6295 0.0803 -0.7728
vn 0.1469 -0.2212 -0.9641
vn 0.5257 0.0297 -0.8502
vn 0.6262 -0.2069 -0.7517
vn 0.6140 -0.1536 -0.7742
vn 0.5543 -0.0092 -0.8323
vn 0.2577 -0.4038 -0.8778
vn 0.2036 -0.3879 -0.8989
vn 0.1503 -0.2771 -0.9490
vn 0.6998 -0.1276 -0.7028
vn 0.7140 -0.0690 -0.6968
vn 0.6659 0.0451 -0.7447
vn 0.2722 -0.1854 -0.9442
vn 0.3403 -0.3244 -0.8826
vn 0.3670 -0.3685 -0.8541
vn 0.2588 -0.1370 -0.9562
vn -0.5107 0.0227 0.8595
vn 0.0416 -0.0582 -0.9974
vn 0.2000 0.0603 -0.9779
vn 0.3942 0.1808 -0.9010
vn 0.5461 0.2549 -0.7980
vn 0.1328 -0.2020 -0.9703
vn 0.2659 -0.1372 -0.9542
vn 0.5226 0.0255 -0.8522
vn 0.6197 0.1070 -0.7775
vn -0.3092 0.1488 0.9393
vn -0.5291 -0.0296 0.8481
vn -0.6265 0.2046 0.7521
vn -0.6154 0.1517 0.7734
vn -0.5567 0.0089 0.8307
vn -0.4410 0.2745 0.8545
vn -0.3630 0.2855 0.8870
vn -0.3019 0.1893 0.9344
vn -0.5313 0.2180 0.8187
vn -0.5790 0.1504 0.8013
vn -0.5431 0.0383 0.8388
vn -0.2703 0.1877 0.9443
vn -0.3379 0.3249 0.8833
vn -0.3652 0.3676 0.8553
vn -0.2568 0.1405 0.9562
vn -0.3301 0.0580 0.9422
vn -0.2913 0.0404 0.9558
vn -0.4379 -0.0502 0.8976
vn -0.4315 -0.0033 0.9021
vn -0.3312 0.1224 0.9356
vn -0.2631 0.1382 0.9548
vn -0.5245 -0.0274 0.8510
vn -0.4799 0.0279 0.8769
vn -0.8919 -0.2119 -0.3996
vn -0.7743 -0.5588 -0.2970
vn -0.9023 -0.0155 -0.4308
vn 0.4203 -0.8618 0.2841
vn -0.7179 -0.6465 -0.2583
vn 0.6284 0.7513 0.2015
vn 0.4269 -0.8622 0.2726
vn 0.8742 0.3038 0.3789
vn 0.4995 0.8572 0.1255
vn 0.8640 0.3428 0.3688
vn -0.7201 0.5531 -0.4190
vn -0.6945 -0.6772 -0.2430
vn 0.8294 0.4442 0.3387
vn 0.4292 -0.8562 0.2876
vn 0.4301 -0.8603 0.2738
vn 0.7487 0.6013 0.2791
vn -0.0222 0.9896 -0.1423
vn -0.8471 -0.3967 -0.3536
vn 0.8636 -0.1363 -0.4853
vn 0.4325 -0.0747 -0.8986
vn 0.7927 -0.1046 -0.6006
vn 0.7255 -0.3707 -0.5799
vn 0.7490 -0.3165 -0.5821
vn 0.7904 -0.1554 -0.5925
vn 0.4024 -0.3006 -0.8647
vn 0.3758 -0.2535 -0.8914
vn 0.4040 -0.1246 -0.9062
vn 0.7975 -0.3570 -0.4864
vn 0.8318 -0.3187 -0.4545
vn 0.8647 -0.1905 -0.4648
vn 0.5384 -0.1193 -0.8342
vn 0.5045 -0.2814 -0.8162
vn 0.4939 -0.3374 -0.8014
vn 0.5544 -0.0704 -0.8293
vn -0.7618 0.1368 0.6333
vn 0.4355 0.1222 -0.8919
vn 0.6042 0.1260 -0.7868
vn 0.7774 0.1005 -0.6209
vn 0.8855 0.0561 -0.4612
vn 0.4325 -0.0501 -0.9003
vn 0.5590 -0.0749 -0.8258
vn 0.7893 -0.1059 -0.6049
vn 0.8697 -0.1084 -0.4816
vn -0.5817 0.1112 0.8058
vn -0.7944 0.1069 0.5979
vn -0.7269 0.3690 0.5792
vn -0.7506 0.3159 0.5803
vn -0.7917 0.1568 0.5904
vn -0.5939 0.3025 0.7455
vn -0.5414 0.2617 0.7990
vn -0.5559 0.1408 0.8192
vn -0.6745 0.3140 0.6682
vn -0.7345 0.2892 0.6140
vn -0.7716 0.1714 0.6126
vn -0.5360 0.1201 0.8356
vn -0.5027 0.2804 0.8177
vn -0.4934 0.3354 0.8026
vn -0.5513 0.0720 0.8312
vn -0.6393 0.0489 0.7674
vn -0.6223 0.0104 0.7827
vn -0.7529 0.0300 0.6575
vn -0.7291 0.0635 0.6815
vn -0.6090 0.1029 0.7864
vn -0.5566 0.0740 0.8275
vn -0.7911 0.1056 0.6025
vn -0.7427 0.1205 0.6587
vn -0.6249 0.4019 -0.6693
vn -0.7290 0.0364 -0.6836
vn -0.5333 0.5725 -0.6227
vn -0.1700 -0.9851 0.0240
vn -0.7398 -0.0733 -0.6689
vn 0.7398 0.2188 0.6362
vn -0.1601 -0.9870 0.0154
vn 0.6603 -0.3138 0.6823
vn 0.7174 0.3907 0.5768
vn 0.6738 -0.2747 0.6860
vn -0.1443 0.9284 -0.3423
vn -0.7414 -0.1142 -0.6612
vn 0.7041 -0.1677 0.6900
vn -0.1621 -0.9863 0.0316
vn -0.1572 -0.9874 0.0181
vn 0.7352 0.0157 0.6776
vn 0.4794 0.8396 0.2555
vn -0.6908 0.2188 -0.6892
vn 0.7850 -0.4318 -0.4442
vn 0.6803 0.0870 -0.7277
vn 0.7997 -0.3119 -0.5131
vn 0.6061 -0.4289 -0.6699
vn 0.6519 -0.4126 -0.6363
vn 0.7687 -0.3433 -0.5397
vn 0.5287 -0.0381 -0.8479
vn 0.5447 0.0193 -0.8384
vn 0.6374 0.0811 -0.7663
vn 0.6248 -0.5132 -0.5884
vn 0.6555 -0.5293 -0.5387
vn 0.7493 -0.4732 -0.4634
vn 0.7077 -0.0400 -0.7054
vn 0.5925 -0.1185 -0.7968
vn 0.5498 -0.1503 -0.8217
vn 0.7420 -0.0250 -0.6699
vn -0.7749 0.2943 0.5593
vn 0.7793 0.1946 -0.5957
vn 0.8595 0.0342 -0.5100
vn 0.9012 -0.1746 -0.3967
vn 0.8879 -0.3476 -0.3014
vn 0.6935 0.1019 -0.7132
vn 0.7416 -0.0323 -0.6701
vn 0.7984 -0.3083 -0.5172
vn 0.8020 -0.4216 -0.4233
vn -0.7311 0.0777 0.6778
vn -0.7986 0.3157 0.5125
vn -0.6077 0.4292 0.6682
vn -0.6525 0.4142 0.6345
vn -0.7680 0.3460 0.5389
vn -0.6166 0.2237 0.7548
vn -0.6221 0.1401 0.7703
vn -0.7031 0.0711 0.7076
vn -0.6362 0.3208 0.7017
vn -0.6690 0.3723 0.6433
vn -0.7555 0.3304 0.5657
vn -0.7061 0.0381 0.7071
vn -0.5924 0.1160 0.7973
vn -0.5509 0.1483 0.8213
vn -0.7397 0.0229 0.6725
vn -0.7883 0.0988 0.6073
vn -0.8020 0.0581 0.5945
vn -0.8332 0.2157 0.5092
vn -0.8093 0.2077 0.5495
vn -0.7470 0.1004 0.6572
vn -0.7410 0.0294 0.6708
vn -0.7988 0.3105 0.5152
vn -0.7804 0.2602 0.5686
vn 0.0377 0.9640 -0.2632
vn -0.2180 0.8312 -0.5115
vn 0.1713 0.9784 -0.1161
vn -0.6351 -0.4614 -0.6194
vn -0.2880 0.7687 -0.5711
vn 0.3761 -0.6701 0.6399
vn -0.6249 -0.4652 -0.6270
vn 0.0273 -0.9434 0.3306
vn 0.4729 -0.5286 0.7049
vn 0.0555 -0.9317 0.3588
vn 0.5149 0.7894 0.3342
vn -0.3133 0.7428 -0.5917
vn 0.1302 -0.8927 0.4314
vn -0.6332 -0.4710 -0.6142
vn -0.6242 -0.4686 -0.6251
vn 0.2516 -0.8027 0.5406
vn 0.6665 0.0392 0.7445
vn -0.0949 0.9127 -0.3975
vn 0.5790 -0.4135 -0.7026
vn 0.9305 -0.0680 -0.3598
vn 0.6863 -0.3617 -0.6309
vn 0.6173 -0.1374 -0.7747
vn 0.6308 -0.1903 -0.7522
vn 0.6706 -0.3271 -0.6658
vn 0.8599 0.1002 -0.5005
vn 0.8891 0.0922 -0.4484
vn 0.9266 -0.0124 -0.3758
vn 0.5382 -0.2164 -0.8146
vn 0.5175 -0.2732 -0.8109
vn 0.5511 -0.3816 -0.7421
vn 0.8762 -0.1253 -0.4653
vn 0.8300 0.0054 -0.5578
vn 0.8057 0.0480 -0.5904
vn 0.8809 -0.1708 -0.4414
vn -0.7091 0.3113 0.6327
vn 0.9533 -0.2058 -0.2209
vn 0.8753 -0.3484 -0.3352
vn 0.7341 -0.4867 -0.4735
vn 0.5868 -0.5651 -0.5799
vn 0.9358 -0.0844 -0.3422
vn 0.8775 -0.1717 -0.4479
vn 0.6898 -0.3576 -0.6295
vn 0.5804 -0.4376 -0.6868
vn -0.8558 0.1670 0.4896
vn -0.6836 0.3619 0.6338
vn -0.6171 0.1396 0.7744
vn -0.6294 0.1922 0.7530
vn -0.6685 0.3276 0.6677
vn -0.7705 0.0574 0.6348
vn -0.8213 0.0374 0.5693
vn -0.8609 0.1260 0.4929
vn -0.7047 0.1221 0.6989
vn -0.6639 0.1922 0.7227
vn -0.6852 0.2989 0.6642
vn -0.8772 0.1227 0.4642
vn -0.8313 -0.0063 0.5558
vn -0.8071 -0.0472 0.5886
vn -0.8821 0.1671 0.4404
vn -0.8357 0.2578 0.4849
vn -0.8539 0.2690 0.4456
vn -0.7472 0.3730 0.5500
vn -0.7624 0.3285 0.5576
vn -0.8421 0.1958 0.5026
vn -0.8789 0.1703 0.4456
vn -0.6878 0.3595 0.6306
vn -0.7337 0.3039 0.6078
vn 0.6242 0.3020 0.7205
vn 0.5696 0.6273 0.5311
vn 0.6169 0.1118 0.7790
vn -0.1926 0.7863 -0.5871
vn 0.5375 0.7067 0.4601
vn -0.4842 -0.7992 -0.3560
vn -0.1830 0.7823 -0.5954
vn -0.6189 -0.3897 -0.6820
vn -0.4040 -0.8885 -0.2175
vn -0.6149 -0.4266 -0.6633
vn 0.4506 -0.4615 0.7641
vn 0.5238 0.7341 0.4320
vn -0.5988 -0.5216 -0.6078
vn -0.1991 0.7799 -0.5934
vn -0.1853 0.7800 -0.5977
vn -0.5552 -0.6660 -0.4981
vn -0.0578 -0.9615 0.2685
vn 0.6073 0.4772 0.6351
vn 0.2957 -0.1908 -0.9360
vn 0.7744 -0.2545 -0.5793
vn 0.4152 -0.2335 -0.8792
vn 0.4639 0.0373 -0.8851
vn 0.4499 -0.0195 -0.8929
vn 0.4182 -0.1831 -0.8897
vn 0.7942 -0.0266 -0.6071
vn 0.8162 -0.0715 -0.5734
vn 0.7981 -0.2029 -0.5673
vn 0.3559 0.0316 -0.9340
vn 0.3101 -0.0042 -0.9507
vn 0.2867 -0.1349 -0.9485
vn 0.6981 -0.2205 -0.6812
vn 0.7212 -0.0558 -0.6905
vn 0.7206 0.0030 -0.6933
vn 0.6800 -0.2689 -0.6821
vn -0.4598 0.2044 0.8642
vn 0.7278 -0.4386 -0.5271
vn 0.5889 -0.4543 -0.6684
vn 0.3968 -0.4280 -0.8120
vn 0.2291 -0.3707 -0.9000
vn 0.7711 -0.2780 -0.5728
vn 0.6766 -0.2648 -0.6871
vn 0.4203 -0.2326 -0.8771
vn 0.2852 -0.2175 -0.9335
vn -0.6597 0.2308 0.7152
vn -0.4127 0.2310 0.8811
vn -0.4627 -0.0356 0.8858
vn -0.4477 0.0200 0.8939
vn -0.4162 0.1816 0.8910
vn -0.6379 0.0385 0.7692
vn -0.6925 0.0783 0.7172
vn -0.6842 0.2005 0.7012
vn -0.5482 0.0266 0.8359
vn -0.4781 0.0499 0.8769
vn -0.4448 0.1688 0.8796
vn -0.7002 0.2196 0.6793
vn -0.7228 0.0567 0.6888
vn -0.7214 -0.0010 0.6925
vn -0.6829 0.2671 0.6799
vn -0.5976 0.2929 0.7464
vn -0.6083 0.3290 0.7223
vn -0.4635 0.3089 0.8305
vn -0.4984 0.2780 0.8212
vn -0.6334 0.2400 0.7357
vn -0.6785 0.2655 0.6849
vn -0.4176 0.2327 0.8783
vn -0.4851 0.2217 0.8459
vn 0.6981 -0.4040 0.5910
vn 0.8085 -0.0401 0.5871
vn 0.5989 -0.5737 0.5587
vn 0.2130 0.9714 -0.1049
vn 0.8190 0.0693 0.5697
vn -0.8170 -0.2143 -0.5353
vn 0.2194 0.9687 -0.1162
vn -0.7362 0.3164 -0.5983
vn -0.7898 -0.3859 -0.4768
vn -0.7506 0.2774 -0.5997
vn 0.1726 -0.9265 0.3343
vn 0.8203 0.1100 0.5613
vn -0.7827 0.1709 -0.5984
vn 0.2042 0.9726 -0.1114
vn 0.2162 0.9691 -0.1186
vn -0.8147 -0.0118 -0.5797
vn -0.5199 -0.8347 -0.1817
vn 0.7687 -0.2218 0.6000
vn 0.0662 -0.0963 -0.9931
vn 0.3115 -0.5863 -0.7478
vn 0.1076 -0.2266 -0.9680
vn 0.3478 -0.0968 -0.9326
vn 0.2952 -0.1189 -0.9480
vn 0.1487 -0.1955 -0.9694
vn 0.5006 -0.4554 -0.7362
vn 0.4790 -0.5079 -0.7160
vn 0.3660 -0.5759 -0.7310
vn 0.2760 -0.0067 -0.9611
vn 0.2197 0.0103 -0.9755
vn 0.1040 -0.0523 -0.9932
vn 0.2920 -0.4821 -0.8260
vn 0.4340 -0.3967 -0.8089
vn 0.4791 -0.3598 -0.8006
vn 0.2432 -0.4977 -0.8325
vn -0.1580 0.2462 0.9563
vn 0.1383 -0.6769 -0.7229
vn 0.0418 -0.5457 -0.8369
vn -0.0560 -0.3486 -0.9356
vn -0.1159 -0.1651 -0.9794
vn 0.2910 -0.5998 -0.7453
vn 0.2443 -0.4913 -0.8360
vn 0.1115 -0.2304 -0.9667
vn 0.0388 -0.1053 -0.9937
vn -0.2605 0.4507 0.8538
vn -0.1080 0.2228 0.9689
vn -0.3456 0.0968 0.9334
vn -0.2935 0.1173 0.9487
vn -0.1486 0.1927 0.9699
vn -0.3965 0.3034 0.8664
vn -0.3991 0.3820 0.8335
vn -0.2991 0.4543 0.8391
vn -0.3506 0.2117 0.9123
vn -0.2892 0.1627 0.9434
vn -0.1764 0.2094 0.9618
vn -0.2940 0.4836 0.8245
vn -0.4343 0.3990 0.8076
vn -0.4780 0.3619 0.8003
vn -0.2463 0.4994 0.8306
vn -0.1740 0.4339 0.8840
vn -0.1523 0.4701 0.8694
vn -0.0787 0.3213 0.9437
vn -0.1245 0.3311 0.9353
vn -0.2373 0.4314 0.8704
vn -0.2449 0.4938 0.8344
vn -0.1098 0.2282 0.9674
vn -0.1602 0.2805 0.9464
vn 0.1156 -0.9223 0.3687
vn 0.4667 -0.7826 0.4119
vn -0.0775 -0.9428 0.3243
vn 0.8879 0.4584 0.0391
vn 0.5582 -0.7194 0.4133
vn -0.6699 0.6208 -0.4072
vn 0.8901 0.4550 0.0265
vn -0.2073 0.8994 -0.3849
vn -0.7866 0.4809 -0.3874
vn -0.2465 0.8869 -0.3908
vn -0.6145 -0.7797 0.1203
vn 0.5907 -0.6935 0.4125
vn -0.3491 0.8458 -0.4034
vn 0.8833 0.4674 0.0346
vn 0.8885 0.4582 0.0249
vn -0.5109 0.7538 -0.4132
vn -0.9695 -0.0710 -0.2345
vn 0.3008 -0.8666 0.3980
vn 0.1649 0.0287 -0.9859
vn 0.0366 -0.5396 -0.8411
vn 0.1185 -0.1023 -0.9877
vn 0.3793 -0.1493 -0.9132
vn 0.3271 -0.1329 -0.9356
vn 0.1695 -0.1023 -0.9802
vn 0.2613 -0.5516 -0.7921
vn 0.2103 -0.5829 -0.7848
vn 0.0833 -0.5665 -0.8198
vn 0.3788 -0.0311 -0.9249
vn 0.3460 0.0180 -0.9380
vn 0.2204 0.0407 -0.9746
vn 0.0943 -0.4346 -0.8957
vn 0.2542 -0.4550 -0.8534
vn 0.3102 -0.4542 -0.8352
vn 0.0474 -0.4167 -0.9078
vn -0.1455 0.1497 0.9780
vn -0.1583 -0.5108 -0.8450
vn -0.1404 -0.3331 -0.9324
vn -0.0881 -0.1050 -0.9906
vn -0.0227 0.0817 -0.9964
vn 0.0120 -0.5384 -0.8426
vn 0.0526 -0.4118 -0.9098
vn 0.1192 -0.1079 -0.9870
vn 0.1379 0.0381 -0.9897
vn -0.0920 0.3870 0.9175
vn -0.1212 0.0994 0.9876
vn -0.3777 0.1478 0.9140
vn -0.3268 0.1305 0.9360
vn -0.1711 0.0999 0.9802
vn -0.2878 0.3507 0.8911
vn -0.2389 0.4189 0.8760
vn -0.1183 0.4151 0.9021
vn -0.3118 0.2443 0.9182
vn -0.2963 0.1644 0.9408
vn -0.1823 0.1309 0.9745
vn -0.0948 0.4372 0.8944
vn -0.2529 0.4571 0.8527
vn -0.3081 0.4552 0.8354
vn -0.0487 0.4201 0.9062
vn -0.0377 0.3175 0.9475
vn 0.0030 0.3351 0.9422
vn -0.0367 0.1631 0.9859
vn -0.0662 0.1995 0.9777
vn -0.0874 0.3554 0.9306
vn -0.0514 0.4144 0.9087
vn -0.1192 0.1049 0.9873
vn -0.1257 0.1793 0.9757
vn -0.5023 -0.8489 0.1648
vn -0.1484 -0.9556 0.2545
vn -0.6608 -0.7428 0.1076
vn 0.9674 -0.1770 0.1811
vn -0.0390 -0.9609 0.2741
vn -0.1081 0.9494 -0.2950
vn 0.9693 -0.1793 0.1682
vn 0.4185 0.8881 -0.1901
vn -0.2855 0.9063 -0.3118
vn 0.3810 0.9026 -0.2005
vn -0.9613 -0.2629 -0.0821
vn 0.0020 -0.9598 0.2805
vn 0.2774 0.9336 -0.2267
vn 0.9697 -0.1666 0.1785
vn 0.9702 -0.1755 0.1672
vn 0.0966 0.9596 -0.2642
vn -0.7760 0.5593 -0.2915
vn -0.3271 -0.9203 0.2146
vn 0.8541 -0.1861 -0.4856
vn 0.7798 0.4711 0.4124
vn -0.0713 0.6198 0.7815
vn -0.8432 0.2780 0.4601
vn 0.3447 -0.9373 -0.0519
vn -0.8177 -0.3793 -0.4331
vn 0.0585 -0.5568 -0.8286
vn 0.2480 -0.9662 -0.0707
vn 0.2657 -0.9411 -0.2091
vn 0.2780 -0.9591 -0.0526
vn 0.3719 -0.9153 -0.1548
vn 0.2090 -0.9700 -0.1241
vn -0.1739 0.4402 -0.8809
vn -0.8408 0.0791 0.5355
vn 0.6945 0.5477 0.4667
vn -0.9079 0.1636 -0.3858
vn -0.0396 0.2711 0.9617
vn 0.6273 0.6322 -0.4547
vn -0.4407 0.8974 0.0213
vn -0.2675 0.9189 0.2901
vn -0.1344 0.9909 0.0076
vn -0.2942 0.9526 -0.0775
vn -0.4273 0.8805 0.2051
vn -0.1210 0.9740 0.1914
vn 0.3712 -0.8924 -0.2567
vn -0.2254 -0.9491 -0.2203
vn 0.2391 -0.9304 -0.2777
vn 0.2526 -0.9676 -0.0052
vn 0.2585 -0.9639 -0.0639
vn 0.2523 -0.9402 -0.2288
vn -0.1835 -0.9830 0.0037
vn -0.2293 -0.9728 -0.0341
vn -0.2421 -0.9561 -0.1652
vn 0.3630 -0.9313 -0.0298
vn 0.4016 -0.9130 -0.0726
vn 0.3953 -0.8956 -0.2041
vn -0.0965 -0.9734 -0.2076
vn -0.0797 -0.9959 -0.0434
vn -0.0676 -0.9976 0.0142
vn -0.0908 -0.9620 -0.2577
vn -0.2015 0.9492 0.2417
vn -0.2566 -0.8791 -0.4017
vn -0.0642 -0.8906 -0.4502
vn 0.1756 -0.8682 -0.4642
vn 0.3660 -0.8210 -0.4382
vn -0.2312 -0.9420 -0.2432
vn -0.0842 -0.9634 -0.2546
vn 0.2341 -0.9322 -0.2758
vn 0.3727 -0.8834 -0.2840
vn 0.0476 0.9729 0.2264
vn -0.2426 0.9301 0.2757
vn -0.2537 0.9673 0.0072
vn -0.2607 0.9632 0.0647
vn -0.2549 0.9398 0.2277
vn -0.0361 0.9983 0.0455
vn 0.0448 0.9964 0.0722
vn 0.0698 0.9789 0.1919
vn -0.1478 0.9876 0.0523
vn -0.2223 0.9709 0.0886
vn -0.2285 0.9506 0.2102
vn 0.0991 0.9735 0.2062
vn 0.0822 0.9956 0.0439
vn 0.0691 0.9975 -0.0124
vn 0.0940 0.9623 0.2553
vn -0.0080 0.9543 0.2988
vn 0.0218 0.9436 0.3304
vn -0.1591 0.9267 0.3406
vn -0.1325 0.9432 0.3047
vn 0.0164 0.9704 0.2410
vn 0.0872 0.9630 0.2548
vn -0.2369 0.9314 0.2764
vn -0.1680 0.9526 0.2537
vn -0.9689 -0.0301 -0.2458
vn -0.9862 -0.1072 0.1263
vn -0.9033 0.0125 -0.4289
vn 0.0758 -0.2210 0.9723
vn -0.9640 -0.1272 0.2334
vn 0.9157 0.1515 -0.3723
vn 0.0783 -0.2337 0.9692
vn 0.9868 0.0503 0.1538
vn 0.8284 0.1766 -0.5316
vn 0.9918 0.0590 0.1134
vn -0.5020 0.1323 -0.8547
vn -0.9527 -0.1343 0.2728
vn 0.9967 0.0815 0.0046
vn 0.0868 -0.2200 0.9716
vn 0.0822 -0.2333 0.9689
vn 0.9772 0.1169 -0.1774
vn 0.3609 0.2145 -0.9076
vn -0.9959 -0.0709 -0.0564
vn 0.5595 -0.8198 0.1224
vn 0.1013 -0.9662 -0.2369
vn 0.4805 -0.8767 0.0231
vn 0.3155 -0.9183 0.2394
vn 0.3581 -0.9123 0.1989
vn 0.4592 -0.8856 0.0691
vn -0.0111 -0.9992 -0.0386
vn -0.0214 -0.9950 -0.0978
vn 0.0535 -0.9771 -0.2060
vn 0.4086 -0.8653 0.2904
vn 0.4631 -0.8402 0.2821
vn 0.5430 -0.8207 0.1779
vn 0.1915 -0.9713 -0.1410
vn 0.0984 -0.9951 -0.0049
vn 0.0695 -0.9965 0.0464
vn 0.2273 -0.9578 -0.1757
vn -0.4313 0.9018 -0.0269
vn 0.1890 -0.8971 -0.3993
vn 0.3648 -0.8785 -0.3085
vn 0.5486 -0.8199 -0.1636
vn 0.6663 -0.7454 -0.0231
vn 0.1112 -0.9596 -0.2585
vn 0.2303 -0.9583 -0.1690
vn 0.4759 -0.8793 0.0213
vn 0.5775 -0.8100 0.1021
vn -0.2400 0.9629 0.1231
vn -0.4817 0.8759 -0.0268
vn -0.3175 0.9177 -0.2386
vn -0.3602 0.9113 -0.1997
vn -0.4604 0.8848 -0.0716
vn -0.1858 0.9801 -0.0696
vn -0.1433 0.9897 0.0036
vn -0.2016 0.9731 0.1112
vn -0.2716 0.9526 -0.1369
vn -0.3485 0.9240 -0.1572
vn -0.4308 0.8999 -0.0683
vn -0.1886 0.9718 0.1417
vn -0.0969 0.9953 0.0069
vn -0.0696 0.9966 -0.0440
vn -0.2233 0.9587 0.1761
vn -0.3265 0.9344 0.1424
vn -0.3239 0.9275 0.1865
vn -0.4623 0.8834 0.0770
vn -0.4211 0.9046 0.0662
vn -0.2724 0.9554 0.1138
vn -0.2282 0.9585 0.1712
vn -0.4782 0.8780 -0.0226
vn -0.4149 0.9099 0.0038
vn -0.5508 -0.1689 -0.8174
vn -0.7992 -0.2572 -0.5432
vn -0.3869 -0.1123 -0.9153
vn -0.5572 -0.2317 0.7974
vn -0.8510 -0.2763 -0.4467
vn 0.9038 0.2965 0.3087
vn -0.5516 -0.2438 0.7977
vn 0.6222 0.1939 0.7585
vn 0.9410 0.3124 0.1299
vn 0.6514 0.2042 0.7307
vn 0.1756 0.0771 -0.9814
vn -0.8676 -0.2826 -0.4091
vn 0.7239 0.2300 0.6504
vn -0.5487 -0.2290 0.8040
vn -0.5486 -0.2429 0.8000
vn 0.8251 0.2667 0.4981
vn 0.8384 0.2891 -0.4620
vn -0.6905 -0.2181 -0.6896
vn 0.3776 -0.8489 0.3698
vn 0.4301 -0.8736 -0.2278
vn 0.4225 -0.8739 0.2406
vn 0.1633 -0.9629 0.2148
vn 0.2188 -0.9485 0.2289
vn 0.3752 -0.8936 0.2464
vn 0.2137 -0.9521 -0.2186
vn 0.2543 -0.9320 -0.2583
vn 0.3801 -0.8899 -0.2522
vn 0.1658 -0.9298 0.3288
vn 0.1988 -0.9060 0.3736
vn 0.3240 -0.8636 0.3863
vn 0.4061 -0.9080 -0.1029
vn 0.2487 -0.9623 -0.1098
vn 0.1915 -0.9758 -0.1059
vn 0.4517 -0.8876 -0.0898
vn -0.3961 0.8967 -0.1976
vn 0.5967 -0.7685 -0.2309
vn 0.6213 -0.7828 -0.0342
vn 0.5996 -0.7733 0.2058
vn 0.5406 -0.7441 0.3925
vn 0.4517 -0.8620 -0.2301
vn 0.4482 -0.8900 -0.0838
vn 0.4217 -0.8757 0.2353
vn 0.4022 -0.8350 0.3754
vn -0.4179 0.9070 0.0519
vn -0.4200 0.8742 -0.2437
vn -0.1650 0.9623 -0.2162
vn -0.2192 0.9479 -0.2313
vn -0.3737 0.8935 -0.2489
vn -0.2364 0.9717 -0.0050
vn -0.2723 0.9596 0.0714
vn -0.3884 0.9181 0.0788
vn -0.2265 0.9670 -0.1168
vn -0.2489 0.9485 -0.1962
vn -0.3623 0.9057 -0.2200
vn -0.4050 0.9082 0.1057
vn -0.2495 0.9619 0.1122
vn -0.1935 0.9752 0.1072
vn -0.4499 0.8882 0.0934
vn -0.4774 0.8786 -0.0139
vn -0.5098 0.8602 0.0108
vn -0.4931 0.8531 -0.1702
vn -0.4650 0.8744 -0.1383
vn -0.4276 0.9038 0.0189
vn -0.4487 0.8895 0.0868
vn -0.4217 0.8749 -0.2382
vn -0.4127 0.8956 -0.1660
vn 0.3694 0.0786 -0.9259
vn 0.0253 -0.0666 -0.9975
vn 0.5306 0.1511 -0.8340
vn -0.9112 -0.4063 -0.0679
vn -0.0778 -0.1079 -0.9911
vn 0.2142 0.1612 0.9634
vn -0.9059 -0.4183 -0.0655
vn -0.2863 -0.0425 0.9572
vn 0.3753 0.2217 0.9000
vn -0.2494 -0.0267 0.9680
vn 0.8692 0.3241 -0.3735
vn -0.1161 -0.1231 -0.9856
vn -0.1488 0.0158 0.9887
vn -0.9122 -0.4059 -0.0568
vn -0.9063 -0.4181 -0.0616
vn 0.0237 0.0864 0.9960
vn 0.7934 0.3599 0.4908
vn 0.1969 0.0044 -0.9804
vn 0.1376 -0.9741 0.1794
vn 0.6800 -0.7196 0.1408
vn 0.2716 -0.9419 0.1976
vn 0.2681 -0.9603 -0.0770
vn 0.2634 -0.9645 -0.0182
vn 0.2633 -0.9533 0.1481
vn 0.6521 -0.7533 -0.0854
vn 0.6881 -0.7242 -0.0467
vn 0.6958 -0.7131 0.0854
vn 0.1555 -0.9866 -0.0500
vn 0.1146 -0.9934 -0.0059
vn 0.1163 -0.9851 0.1266
vn 0.5804 -0.8046 0.1257
vn 0.5708 -0.8201 -0.0400
vn 0.5590 -0.8234 -0.0975
vn 0.5716 -0.8013 0.1765
vn -0.3122 0.9364 -0.1604
vn 0.6788 -0.6572 0.3276
vn 0.5203 -0.7677 0.3742
vn 0.3024 -0.8702 0.3890
vn 0.1132 -0.9236 0.3663
vn 0.6823 -0.7124 0.1642
vn 0.5666 -0.8056 0.1733
vn 0.2768 -0.9408 0.1957
vn 0.1328 -0.9692 0.2074
vn -0.5386 0.8301 -0.1442
vn -0.2684 0.9432 -0.1957
vn -0.2670 0.9608 0.0750
vn -0.2612 0.9651 0.0174
vn -0.2608 0.9541 -0.1470
vn -0.4721 0.8807 0.0385
vn -0.5421 0.8403 0.0114
vn -0.5595 0.8216 -0.1094
vn -0.3705 0.9283 0.0313
vn -0.2992 0.9542 -0.0059
vn -0.2883 0.9488 -0.1288
vn -0.5826 0.8032 -0.1243
vn -0.5729 0.8187 0.0394
vn -0.5604 0.8227 0.0957
vn -0.5745 0.7998 -0.1741
vn -0.4840 0.8476 -0.2176
vn -0.5056 0.8257 -0.2501
vn -0.3413 0.9030 -0.2610
vn -0.3712 0.9011 -0.2240
vn -0.5110 0.8448 -0.1588
vn -0.5690 0.8038 -0.1735
vn -0.2739 0.9415 -0.1964
vn -0.3432 0.9233 -0.1722
vn 0.8615 0.4439 0.2464
vn 0.9008 0.4140 -0.1308
vn 0.7905 0.4339 0.4322
vn 0.0079 -0.1560 -0.9877
vn 0.8876 0.3936 -0.2393
vn -0.8526 -0.3587 0.3800
vn 0.0123 -0.1683 -0.9857
vn -0.8836 -0.4424 -0.1531
vn -0.7837 -0.3050 0.5411
vn -0.8907 -0.4405 -0.1122
vn 0.4003 0.3031 0.8648
vn 0.8798 0.3848 -0.2792
vn -0.9020 -0.4317 -0.0019
vn -0.0021 -0.1606 -0.9870
vn 0.0087 -0.1700 -0.9854
vn -0.8959 -0.4049 0.1826
vn -0.3843 -0.0649 0.9209
vn 0.8980 0.4366 0.0543
vn -0.0762 -0.9782 -0.1930
vn 0.4070 -0.9002 0.1546
vn 0.0245 -0.9948 -0.0985
vn 0.1795 -0.9313 -0.3169
vn 0.1413 -0.9507 -0.2762
vn 0.0456 -0.9884 -0.1451
vn 0.5130 -0.8572 -0.0453
vn 0.5221 -0.8528 0.0141
vn 0.4526 -0.8832 0.1231
vn 0.0705 -0.9289 -0.3637
vn 0.0112 -0.9354 -0.3535
vn -0.0637 -0.9666 -0.2484
vn 0.3280 -0.9429 0.0583
vn 0.4151 -0.9063 -0.0790
vn 0.4387 -0.8891 -0.1301
vn 0.2916 -0.9519 0.0938
vn -0.0794 0.9914 0.1042
vn 0.3029 -0.8970 0.3218
vn 0.1381 -0.9628 0.2323
vn -0.0556 -0.9942 0.0920
vn -0.2002 -0.9788 -0.0423
vn 0.3960 -0.9011 0.1766
vn 0.2890 -0.9534 0.0871
vn 0.0298 -0.9948 -0.0969
vn -0.0959 -0.9804 -0.1721
vn -0.2812 0.9588 -0.0409
vn -0.0229 0.9945 0.1021
vn -0.1775 0.9320 0.3160
vn -0.1389 0.9508 0.2769
vn -0.0441 0.9881 0.1475
vn -0.3291 0.9319 0.1524
vn -0.3735 0.9242 0.0800
vn -0.3190 0.9473 -0.0284
vn -0.2387 0.9464 0.2174
vn -0.1571 0.9591 0.2356
vn -0.0773 0.9864 0.1453
vn -0.3307 0.9419 -0.0589
vn -0.4166 0.9058 0.0770
vn -0.4388 0.8895 0.1278
vn -0.2955 0.9507 -0.0941
vn -0.1929 0.9793 -0.0622
vn -0.1933 0.9753 -0.1067
vn -0.0474 0.9989 -0.0007
vn -0.0932 0.9956 0.0117
vn -0.2491 0.9679 -0.0321
vn -0.2910 0.9525 -0.0893
vn -0.0271 0.9948 0.0981
vn -0.0988 0.9923 0.0742
vn 0.5923 0.0712 0.8026
vn 0.8406 0.1409 0.5230
vn 0.4260 0.0301 0.9042
vn 0.5668 0.1407 -0.8117
vn 0.8912 0.1577 0.4254
vn -0.9416 -0.1771 -0.2865
vn 0.5681 0.1276 -0.8130
vn -0.6642 -0.0901 -0.7421
vn -0.9748 -0.1956 -0.1072
vn -0.6935 -0.0980 -0.7137
vn -0.1524 -0.0952 0.9837
vn 0.9073 0.1635 0.3875
vn -0.7660 -0.1183 -0.6319
vn 0.5579 0.1393 -0.8181
vn 0.5649 0.1270 -0.8153
vn -0.8659 -0.1491 -0.4774
vn -0.8516 -0.2081 0.4811
vn 0.7327 0.1088 0.6718
vn -0.2502 -0.8984 -0.3609
vn -0.1792 -0.9560 0.2324
vn -0.2627 -0.9375 -0.2281
vn 0.0095 -0.9664 -0.2568
vn -0.0495 -0.9645 -0.2594
vn -0.2144 -0.9458 -0.2439
vn 0.0430 -0.9831 0.1781
vn 0.0076 -0.9741 0.2260
vn -0.1231 -0.9614 0.2460
vn -0.0221 -0.9306 -0.3654
vn -0.0676 -0.9134 -0.4015
vn -0.1990 -0.9000 -0.3879
vn -0.1730 -0.9795 0.1030
vn -0.0094 -0.9970 0.0770
vn 0.0475 -0.9970 0.0618
vn -0.2236 -0.9695 0.1000
vn 0.2242 0.9553 0.1926
vn -0.3607 -0.8915 0.2740
vn -0.4193 -0.9039 0.0845
vn -0.4472 -0.8811 -0.1540
vn -0.4333 -0.8325 -0.3454
vn -0.2019 -0.9497 0.2395
vn -0.2209 -0.9708 0.0933
vn -0.2606 -0.9393 -0.2232
vn -0.2779 -0.8902 -0.3609
vn 0.1944 0.9794 -0.0552
vn 0.2610 0.9371 0.2316
vn -0.0074 0.9662 0.2577
vn 0.0505 0.9639 0.2616
vn 0.2134 0.9453 0.2466
vn 0.0178 0.9991 0.0385
vn 0.0400 0.9982 -0.0438
vn 0.1586 0.9845 -0.0754
vn 0.0311 0.9883 0.1496
vn 0.0719 0.9724 0.2219
vn 0.1943 0.9557 0.2213
vn 0.1715 0.9795 -0.1055
vn 0.0098 0.9968 -0.0795
vn -0.0458 0.9969 -0.0634
vn 0.2210 0.9698 -0.1032
vn 0.2703 0.9628 -0.0037
vn 0.3005 0.9531 -0.0353
vn 0.3212 0.9359 0.1447
vn 0.2835 0.9514 0.1202
vn 0.2108 0.9772 -0.0249
vn 0.2209 0.9705 -0.0964
vn 0.2614 0.9384 0.2259
vn 0.2342 0.9592 0.1585
vn -0.1908 -0.0407 0.9808
vn 0.1838 -0.1067 0.9772
vn -0.3784 -0.0033 0.9256
vn 0.9728 -0.1916 -0.1305
vn 0.2901 -0.1234 0.9490
vn -0.4268 0.1433 -0.8929
vn 0.9698 -0.2044 -0.1328
vn 0.0974 0.0582 -0.9935
vn -0.5816 0.1634 -0.7969
vn 0.0566 0.0656 -0.9962
vn -0.8291 0.1050 0.5491
vn 0.3290 -0.1293 0.9355
vn -0.0530 0.0849 -0.9950
vn 0.9714 -0.1905 -0.1414
vn 0.9694 -0.2040 -0.1367
vn -0.2346 0.1148 -0.9653
vn -0.9322 0.1884 -0.3091
vn 0.0010 -0.0759 0.9971
vn -0.1100 -0.8929 -0.4366
vn -0.4225 -0.9032 0.0759
vn -0.2061 -0.9179 -0.3392
vn 0.0198 -0.9806 -0.1950
vn -0.0244 -0.9721 -0.2333
vn -0.1599 -0.9331 -0.3221
vn -0.2198 -0.9608 0.1692
vn -0.2752 -0.9434 0.1853
vn -0.3876 -0.9138 0.1211
vn 0.0662 -0.9515 -0.3004
vn 0.0551 -0.9326 -0.3568
vn -0.0539 -0.9028 -0.4266
vn -0.3427 -0.9392 -0.0226
vn -0.2016 -0.9778 0.0572
vn -0.1479 -0.9858 0.0800
vn -0.3790 -0.9237 -0.0559
vn 0.2001 0.9366 0.2875
vn -0.5799 -0.8146 -0.0026
vn -0.5128 -0.8376 -0.1883
vn -0.3868 -0.8338 -0.3939
vn -0.2528 -0.8051 -0.5367
vn -0.4436 -0.8937 0.0676
vn -0.3730 -0.9259 -0.0595
vn -0.2076 -0.9194 -0.3341
vn -0.1305 -0.8816 -0.4536
vn 0.3305 0.9410 0.0734
vn 0.2025 0.9180 0.3410
vn -0.0189 0.9802 0.1971
vn 0.0237 0.9716 0.2356
vn 0.1575 0.9330 0.3237
vn 0.1385 0.9896 0.0393
vn 0.2056 0.9786 -0.0122
vn 0.3154 0.9483 0.0355
vn 0.0801 0.9876 0.1352
vn 0.0658 0.9739 0.2174
vn 0.1593 0.9431 0.2919
vn 0.3430 0.9391 0.0196
vn 0.2034 0.9773 -0.0590
vn 0.1502 0.9854 -0.0802
vn 0.3789 0.9240 0.0518
vn 0.3561 0.9205 0.1606
vn 0.3974 0.9046 0.1542
vn 0.3021 0.9018 0.3091
vn 0.2897 0.9192 0.2666
vn 0.3246 0.9397 0.1074
vn 0.3748 0.9253 0.0572
vn 0.2064 0.9187 0.3367
vn 0.2291 0.9361 0.2667
vn -0.7493 0.0724 0.6583
vn -0.4640 -0.0365 0.8851
vn -0.8570 0.1261 0.4996
vn 0.8111 -0.3142 0.4933
vn -0.3663 -0.0679 0.9280
vn 0.2285 0.1086 -0.9675
vn 0.8084 -0.3266 0.4897
vn 0.6866 -0.0455 -0.7256
vn 0.0522 0.1553 -0.9865
vn 0.6574 -0.0337 -0.7528
vn -0.9652 0.2506 -0.0743
vn -0.3286 -0.0795 0.9411
vn 0.5739 -0.0018 -0.8189
vn 0.8169 -0.3140 0.4839
vn 0.8104 -0.3266 0.4864
vn 0.4183 0.0515 -0.9069
vn -0.5136 0.2657 -0.8159
vn -0.6145 0.0170 0.7888
vn 0.1106 -0.4491 -0.8866
vn 0.5024 -0.8616 0.0727
vn 0.3851 -0.3520 0.8531
vn -0.0149 0.4572 0.8892
vn -0.8091 -0.2896 -0.5115
vn -0.4178 0.9076 -0.0410
vn -0.3165 0.3907 -0.8644
vn -0.8511 -0.1996 -0.4855
vn -0.7903 -0.1370 -0.5972
vn -0.8429 -0.2343 -0.4844
vn -0.7578 -0.2546 -0.6007
vn -0.8496 -0.1377 -0.5091
vn 0.5969 0.6463 -0.4755
vn -0.2217 0.4069 0.8862
vn 0.5451 -0.8180 0.1839
vn 0.0684 0.9748 0.2125
vn 0.0166 -0.4895 0.8719
vn 0.8352 -0.2501 -0.4898
vn 0.7595 0.3851 0.5243
vn 0.7492 0.0929 0.6558
vn 0.9125 0.1407 0.3842
vn 0.8649 0.3195 0.3870
vn 0.7016 0.2718 0.6587
vn 0.8546 0.0274 0.5186
vn -0.7115 -0.1970 -0.6745
vn -0.8927 0.2778 -0.3548
vn -0.7688 -0.0766 -0.6348
vn -0.8674 -0.2396 -0.4361
vn -0.8485 -0.2120 -0.4848
vn -0.7874 -0.1149 -0.6057
vn -0.9709 0.1180 -0.2085
vn -0.9611 0.1774 -0.2117
vn -0.9161 0.2611 -0.3045
vn -0.8051 -0.3168 -0.5014
vn -0.7696 -0.3246 -0.5498
vn -0.7225 -0.2462 -0.6460
vn -0.8933 0.1627 -0.4190
vn -0.9511 0.0572 -0.3037
vn -0.9643 0.0153 -0.2645
vn -0.8691 0.1860 -0.4583
vn 0.8028 0.0658 0.5926
vn -0.7885 0.4065 -0.4616
vn -0.7495 0.2726 -0.6033
vn -0.6771 0.0814 -0.7313
vn -0.6008 -0.0900 -0.7944
vn -0.8816 0.2955 -0.3679
vn -0.8699 0.1788 -0.4596
vn -0.7720 -0.0735 -0.6314
vn -0.6961 -0.1828 -0.6943
vn 0.8785 -0.1324 0.4590
vn 0.7683 0.0806 0.6350
vn 0.8664 0.2395 0.4382
vn 0.8473 0.2134 0.4864
vn 0.7867 0.1177 0.6060
vn 0.9298 0.0381 0.3660
vn 0.9376 -0.0441 0.3448
vn 0.8970 -0.1316 0.4219
vn 0.8959 0.1270 0.4258
vn 0.8564 0.1684 0.4880
vn 0.8064 0.1057 0.5819
vn 0.8942 -0.1641 0.4165
vn 0.9512 -0.0596 0.3027
vn 0.9640 -0.0175 0.2652
vn 0.8707 -0.1874 0.4548
vn 0.8323 -0.1267 0.5397
vn 0.8204 -0.1693 0.5461
vn 0.7659 -0.0249 0.6425
vn 0.7956 -0.0267 0.6053
vn 0.8664 -0.1146 0.4860
vn 0.8702 -0.1815 0.4581
vn 0.7705 0.0755 0.6330
vn 0.8098 0.0314 0.5859
vn -0.1616 0.9416 0.2953
vn -0.3284 0.7479 0.5769
vn -0.0637 0.9896 0.1287
vn -0.4304 -0.6078 0.6673
vn -0.3689 0.6696 0.6447
vn 0.4160 -0.5517 -0.7229
vn -0.4411 -0.6085 0.6596
vn 0.2066 -0.9051 -0.3716
vn 0.4611 -0.3902 -0.7970
vn 0.2256 -0.8866 -0.4037
vn 0.2329 0.8948 -0.3809
vn -0.3829 0.6381 0.6680
vn 0.2743 -0.8298 -0.4860
vn -0.4270 -0.6166 0.6614
vn -0.4400 -0.6117 0.6575
vn 0.3481 -0.7118 -0.6100
vn 0.4952 0.2082 -0.8435
vn -0.2515 0.8581 0.4476
vn -0.6970 -0.5608 -0.4469
vn -0.8401 0.0144 -0.5423
vn -0.7427 -0.4421 -0.5030
vn -0.8673 -0.4255 -0.2582
vn -0.8434 -0.4385 -0.3106
vn -0.7665 -0.4501 -0.4581
vn -0.9418 -0.0027 -0.3363
vn -0.9254 0.0388 -0.3769
vn -0.8674 0.0368 -0.4963
vn -0.8109 -0.5296 -0.2491
vn -0.7742 -0.5695 -0.2761
vn -0.7145 -0.5778 -0.3944
vn -0.8502 -0.1138 -0.5140
vn -0.9243 -0.1124 -0.3648
vn -0.9438 -0.1167 -0.3094
vn -0.8219 -0.1240 -0.5560
vn 0.7772 0.4041 0.4824
vn -0.7177 0.0335 -0.6955
vn -0.6870 -0.1625 -0.7082
vn -0.6300 -0.3937 -0.6694
vn -0.5699 -0.5669 -0.5949
vn -0.8266 0.0183 -0.5625
vn -0.8234 -0.1303 -0.5524
vn -0.7456 -0.4373 -0.5028
vn -0.6792 -0.5643 -0.4693
vn 0.8370 0.1639 0.5221
vn 0.7426 0.4451 0.5005
vn 0.8662 0.4268 0.2597
vn 0.8422 0.4406 0.3108
vn 0.7662 0.4524 0.4564
vn 0.9107 0.2259 0.3458
vn 0.9105 0.1502 0.3852
vn 0.8572 0.1388 0.4960
vn 0.8839 0.3335 0.3279
vn 0.8464 0.4078 0.3426
vn 0.7855 0.4264 0.4484
vn 0.8511 0.1111 0.5132
vn 0.9242 0.1100 0.3657
vn 0.9433 0.1155 0.3113
vn 0.8234 0.1206 0.5545
vn 0.7880 0.2243 0.5734
vn 0.7713 0.1975 0.6051
vn 0.7284 0.3718 0.5755
vn 0.7594 0.3442 0.5522
vn 0.8257 0.1957 0.5291
vn 0.8234 0.1273 0.5530
vn 0.7442 0.4399 0.5026
vn 0.7807 0.3737 0.5009
vn -0.0719 0.9048 -0.4198
vn -0.2714 0.9572 -0.1003
vn 0.0382 0.8243 -0.5649
vn -0.5239 0.0156 0.8516
vn -0.3233 0.9463 -0.0025
vn 0.3864 -0.9133 -0.1285
vn -0.5344 0.0105 0.8452
vn 0.1241 -0.9308 0.3437
vn 0.4521 -0.8451 -0.2854
vn 0.1463 -0.9395 0.3097
vn 0.3459 0.3987 -0.8493
vn -0.3416 0.9392 0.0341
vn 0.2047 -0.9546 0.2162
vn -0.5213 0.0050 0.8534
vn -0.5334 0.0067 0.8458
vn 0.2965 -0.9535 0.0539
vn 0.5531 -0.4333 -0.7116
vn -0.1772 0.9489 -0.2610
vn -0.8208 -0.5470 -0.1647
vn -0.6890 -0.2614 -0.6760
vn -0.8042 -0.5138 -0.2987
vn -0.9340 -0.2867 -0.2131
vn -0.9128 -0.3403 -0.2260
vn -0.8338 -0.4784 -0.2757
vn -0.8088 -0.0889 -0.5813
vn -0.7720 -0.1000 -0.6277
vn -0.7085 -0.2068 -0.6747
vn -0.9296 -0.3507 -0.1131
vn -0.9114 -0.4022 -0.0871
vn -0.8493 -0.5120 -0.1284
vn -0.7567 -0.3115 -0.5748
vn -0.8379 -0.1784 -0.5159
vn -0.8629 -0.1334 -0.4874
vn -0.7314 -0.3560 -0.5816
vn 0.8207 0.4689 0.3264
vn -0.5553 -0.3948 -0.7319
vn -0.6117 -0.5246 -0.5922
vn -0.6651 -0.6388 -0.3866
vn -0.6943 -0.6919 -0.1982
vn -0.6731 -0.2777 -0.6854
vn -0.7358 -0.3565 -0.5757
vn -0.8048 -0.5104 -0.3031
vn -0.8040 -0.5702 -0.1686
vn 0.7658 0.3495 0.5399
vn 0.8057 0.5136 0.2950
vn 0.9334 0.2889 0.2127
vn 0.9126 0.3419 0.2242
vn 0.8346 0.4785 0.2730
vn 0.8770 0.2319 0.4208
vn 0.8399 0.2192 0.4966
vn 0.7756 0.3104 0.5496
vn 0.9016 0.2854 0.3251
vn 0.8988 0.3472 0.2676
vn 0.8415 0.4534 0.2939
vn 0.7564 0.3091 0.5765
vn 0.8367 0.1778 0.5181
vn 0.8617 0.1343 0.4892
vn 0.7315 0.3525 0.5837
vn 0.7429 0.4345 0.5093
vn 0.7130 0.4472 0.5401
vn 0.7534 0.5331 0.3849
vn 0.7715 0.4928 0.4024
vn 0.7687 0.3757 0.5176
vn 0.7345 0.3553 0.5782
vn 0.8047 0.5119 0.3006
vn 0.8088 0.4652 0.3599
vn 0.3724 0.2067 -0.9048
vn 0.1834 0.5280 -0.8292
vn 0.4510 0.0241 -0.8922
vn -0.5505 0.7828 0.2902
vn 0.1221 0.6089 -0.7838
vn -0.0377 -0.7055 0.7078
vn -0.5614 0.7767 0.2856
vn -0.3291 -0.2919 0.8980
vn 0.0671 -0.8025 0.5928
vn -0.3094 -0.3281 0.8925
vn 0.5709 -0.5066 -0.6461
vn 0.0988 0.6373 -0.7643
vn -0.2541 -0.4220 0.8703
vn -0.5529 0.7775 0.2996
vn -0.5623 0.7748 0.2890
vn -0.1546 -0.5673 0.8089
vn 0.3805 -0.9200 0.0935
vn 0.2808 0.3780 -0.8822
vn -0.9412 -0.2461 -0.2315
vn -0.5824 -0.6680 -0.4633
vn -0.8884 -0.3667 -0.2762
vn -0.8401 -0.2126 -0.4991
vn -0.8592 -0.2414 -0.4511
vn -0.8888 -0.3328 -0.3150
vn -0.5651 -0.5210 -0.6398
vn -0.5397 -0.5713 -0.6184
vn -0.5597 -0.6503 -0.5136
vn -0.8939 -0.1347 -0.4275
vn -0.9192 -0.1252 -0.3734
vn -0.9431 -0.1996 -0.2660
vn -0.6792 -0.5796 -0.4504
vn -0.6557 -0.4805 -0.5823
vn -0.6472 -0.4390 -0.6232
vn -0.6901 -0.6002 -0.4043
vn 0.8661 0.3797 0.3251
vn -0.5686 -0.7682 -0.2942
vn -0.7163 -0.6656 -0.2096
vn -0.8605 -0.4958 -0.1172
vn -0.9433 -0.3274 -0.0541
vn -0.5807 -0.6827 -0.4435
vn -0.6945 -0.5944 -0.4056
vn -0.8859 -0.3699 -0.2800
vn -0.9443 -0.2575 -0.2052
vn 0.7162 0.5558 0.4220
vn 0.8898 0.3630 0.2765
vn 0.8412 0.2129 0.4971
vn 0.8605 0.2400 0.4495
vn 0.8899 0.3301 0.3148
vn 0.7333 0.4011 0.5490
vn 0.6875 0.4730 0.5510
vn 0.6956 0.5537 0.4578
vn 0.8004 0.3222 0.5056
vn 0.8481 0.2842 0.4471
vn 0.8750 0.3428 0.3418
vn 0.6771 0.5806 0.4522
vn 0.6541 0.4825 0.5825
vn 0.6468 0.4411 0.6222
vn 0.6875 0.6012 0.4072
vn 0.7614 0.5515 0.3406
vn 0.7443 0.5868 0.3190
vn 0.8529 0.4585 0.2496
vn 0.8363 0.4629 0.2939
vn 0.7392 0.5414 0.4006
vn 0.6923 0.5965 0.4061
vn 0.8872 0.3680 0.2783
vn 0.8504 0.4117 0.3277
vn 0.5331 -0.8388 -0.1105
vn 0.6038 -0.6641 -0.4408
vn 0.4645 -0.8827 0.0713
vn 0.0927 0.5341 -0.8403
vn 0.6081 -0.5938 -0.5269
vn -0.6021 0.4881 0.6318
vn 0.0814 0.5289 -0.8448
vn -0.5586 0.8058 0.1967
vn -0.5764 0.3435 0.7415
vn -0.5681 0.7891 0.2336
vn 0.1579 -0.8012 0.5772
vn 0.6078 -0.5656 -0.5574
vn -0.5887 0.7378 0.3302
vn 0.0861 0.5419 -0.8360
vn 0.0790 0.5317 -0.8433
vn -0.6068 0.6317 0.4824
vn -0.3611 -0.1910 0.9128
vn 0.5798 -0.7633 -0.2848
vn -0.8974 0.1376 -0.4193
vn -0.8115 -0.4544 -0.3675
vn -0.9160 0.0010 -0.4011
vn -0.7720 -0.0054 -0.6356
vn -0.8078 0.0034 -0.5894
vn -0.8944 0.0094 -0.4471
vn -0.7011 -0.4307 -0.5683
vn -0.7095 -0.4710 -0.5242
vn -0.7786 -0.4743 -0.4109
vn -0.7800 0.1114 -0.6158
vn -0.8004 0.1549 -0.5790
vn -0.8704 0.1581 -0.4662
vn -0.8444 -0.3367 -0.4168
vn -0.7591 -0.3321 -0.5599
vn -0.7257 -0.3230 -0.6075
vn -0.8688 -0.3264 -0.3724
vn 0.9005 0.0415 0.4329
vn -0.8696 -0.4600 -0.1793
vn -0.9432 -0.2754 -0.1861
vn -0.9775 -0.0376 -0.2076
vn -0.9591 0.1575 -0.2352
vn -0.8199 -0.4573 -0.3445
vn -0.8690 -0.3205 -0.3769
vn -0.9154 -0.0044 -0.4026
vn -0.9084 0.1423 -0.3931
vn 0.8645 0.2887 0.4114
vn 0.9152 -0.0043 0.4031
vn 0.7733 0.0042 0.6341
vn 0.8083 -0.0057 0.5888
vn 0.8939 -0.0120 0.4482
vn 0.7827 0.2209 0.5819
vn 0.7840 0.2976 0.5447
vn 0.8431 0.3129 0.4374
vn 0.7987 0.1101 0.5916
vn 0.8225 0.0325 0.5678
vn 0.8861 0.0169 0.4631
vn 0.8430 0.3393 0.4174
vn 0.7588 0.3345 0.5588
vn 0.7266 0.3244 0.6057
vn 0.8669 0.3297 0.3738
vn 0.9067 0.2275 0.3551
vn 0.9137 0.2524 0.3186
vn 0.9393 0.0731 0.3351
vn 0.9241 0.1043 0.3676
vn 0.8775 0.2574 0.4046
vn 0.8684 0.3234 0.3759
vn 0.9156 0.0015 0.4022
vn 0.9048 0.0743 0.4194
vn -0.0091 -0.9344 0.3561
vn 0.1741 -0.9844 0.0266
vn -0.1058 -0.8535 0.5103
vn 0.4429 -0.0187 -0.8964
vn 0.2238 -0.9720 -0.0721
vn -0.2859 0.9365 0.2029
vn 0.4309 -0.0196 -0.9022
vn -0.0377 0.9602 -0.2766
vn -0.3535 0.8645 0.3574
vn -0.0580 0.9687 -0.2413
vn -0.3590 -0.4199 0.8336
vn 0.2416 -0.9642 -0.1089
vn -0.1115 0.9831 -0.1449
vn 0.4413 -0.0078 -0.8973
vn 0.4304 -0.0157 -0.9025
vn -0.1980 0.9800 0.0203
vn -0.4833 0.4364 0.7589
vn 0.0862 -0.9778 0.1909
vn -0.8155 0.3779 -0.4384
vn -0.9997 -0.0110 -0.0198
vn -0.8873 0.3136 -0.3382
vn -0.8537 0.1018 -0.5107
vn -0.8629 0.1525 -0.4817
vn -0.8817 0.2819 -0.3784
vn -0.9682 -0.1669 -0.1865
vn -0.9783 -0.1636 -0.1272
vn -0.9971 -0.0655 -0.0397
vn -0.7996 0.1894 -0.5698
vn -0.7836 0.2478 -0.5698
vn -0.8002 0.3502 -0.4869
vn -0.9895 0.0546 -0.1336
vn -0.9673 -0.0679 -0.2444
vn -0.9523 -0.1069 -0.2859
vn -0.9894 0.0987 -0.1067
vn 0.9051 -0.2614 0.3353
vn -0.9847 0.1193 0.1271
vn -0.9622 0.2725 0.0025
vn -0.8883 0.4282 -0.1662
vn -0.7930 0.5240 -0.3109
vn -1.0000 0.0042 -0.0005
vn -0.9884 0.1001 -0.1139
vn -0.8897 0.3091 -0.3359
vn -0.8132 0.4012 -0.4215
vn 0.9821 -0.0988 0.1606
vn 0.8857 -0.3142 0.3418
vn 0.8536 -0.1041 0.5104
vn 0.8620 -0.1545 0.4828
vn 0.8804 -0.2826 0.3808
vn 0.9430 -0.0029 0.3328
vn 0.9665 0.0241 0.2554
vn 0.9847 -0.0577 0.1646
vn 0.9085 -0.0757 0.4111
vn 0.8840 -0.1502 0.4427
vn 0.8925 -0.2523 0.3738
vn 0.9898 -0.0519 0.1324
vn 0.9678 0.0690 0.2421
vn 0.9530 0.1063 0.2837
vn 0.9899 -0.0948 0.1056
vn 0.9689 -0.1910 0.1573
vn 0.9734 -0.1990 0.1135
vn 0.9176 -0.3163 0.2409
vn 0.9307 -0.2708 0.2457
vn 0.9759 -0.1293 0.1757
vn 0.9889 -0.0984 0.1113
vn 0.8884 -0.3113 0.3375
vn 0.9190 -0.2507 0.3042
vn -0.3142 -0.3845 0.8680
vn -0.3015 -0.6966 0.6510
vn -0.3026 -0.1965 0.9327
vn 0.0429 -0.7443 -0.6664
vn -0.2894 -0.7701 0.5684
vn 0.2676 0.8536 -0.4469
vn 0.0308 -0.7410 -0.6707
vn 0.3153 0.4699 -0.8245
vn 0.2327 0.9302 -0.2840
vn 0.3149 0.5056 -0.8032
vn -0.1980 0.3905 0.8991
vn -0.2840 -0.7952 0.5357
vn 0.3111 0.5968 -0.7396
vn 0.0463 -0.7372 -0.6741
vn 0.0320 -0.7385 -0.6735
vn 0.2962 0.7327 -0.6127
vn 0.0686 0.9534 0.2939
vn -0.3134 -0.5544 0.7710
vn -0.7640 0.3032 -0.5695
vn -0.9601 0.2798 -0.0025
vn -0.8304 0.3285 -0.4500
vn -0.8800 0.0586 -0.4712
vn -0.8715 0.1169 -0.4762
vn -0.8399 0.2801 -0.4649
vn -0.9970 0.0576 -0.0508
vn -0.9954 0.0954 -0.0039
vn -0.9742 0.2255 0.0122
vn -0.8177 0.0792 -0.5702
vn -0.7883 0.1203 -0.6035
vn -0.7648 0.2506 -0.5936
vn -0.9545 0.2666 -0.1335
vn -0.9825 0.1037 -0.1548
vn -0.9849 0.0461 -0.1668
vn -0.9390 0.3158 -0.1365
vn 0.8596 -0.2944 0.4177
vn -0.8882 0.4573 0.0439
vn -0.8517 0.5032 -0.1460
vn -0.7733 0.5120 -0.3740
vn -0.6848 0.4803 -0.5481
vn -0.9532 0.3023 0.0047
vn -0.9390 0.3127 -0.1432
vn -0.8334 0.3269 -0.4455
vn -0.7533 0.3300 -0.5689
vn 0.9415 -0.2845 0.1809
vn 0.8294 -0.3265 0.4532
vn 0.8794 -0.0606 0.4723
vn 0.8703 -0.1177 0.4783
vn 0.8389 -0.2790 0.4674
vn 0.9578 -0.1041 0.2680
vn 0.9731 -0.1319 0.1888
vn 0.9546 -0.2508 0.1607
vn 0.9210 -0.1085 0.3741
vn 0.8853 -0.1425 0.4427
vn 0.8566 -0.2626 0.4442
vn 0.9553 -0.2652 0.1309
vn 0.9828 -0.1043 0.1523
vn 0.9851 -0.0480 0.1653
vn 0.9402 -0.3135 0.1334
vn 0.9060 -0.3547 0.2308
vn 0.9006 -0.3861 0.1994
vn 0.8415 -0.3924 0.3713
vn 0.8659 -0.3580 0.3493
vn 0.9309 -0.2984 0.2107
vn 0.9394 -0.3129 0.1401
vn 0.8319 -0.3274 0.4480
vn 0.8699 -0.3071 0.3859
vn -0.2395 0.2626 0.9347
vn -0.3413 -0.1039 0.9342
vn -0.1716 0.4418 0.8806
vn -0.2567 -0.9586 -0.1236
vn -0.3621 -0.2100 0.9082
vn 0.3829 0.3480 -0.8557
vn -0.2682 -0.9547 -0.1289
vn 0.2690 -0.1723 -0.9476
vn 0.3968 0.5068 -0.7653
vn 0.2810 -0.1325 -0.9505
vn 0.0642 0.8532 0.5176
vn -0.3687 -0.2491 0.8955
vn 0.3107 -0.0254 -0.9502
vn -0.2531 -0.9581 -0.1341
vn -0.2669 -0.9545 -0.1327
vn 0.3517 0.1545 -0.9233
vn 0.3479 0.8874 -0.3025
vn -0.2970 0.0764 0.9518
vn 0.5912 0.3309 -0.7355
vn 0.9186 0.2244 0.3253
vn 0.2835 -0.0584 0.9572
vn -0.5818 -0.2442 0.7758
vn 0.2088 -0.5988 -0.7732
vn -0.9524 -0.1499 -0.2654
vn -0.3066 0.1331 -0.9425
vn 0.1097 -0.6256 -0.7724
vn 0.0772 -0.5144 -0.8541
vn 0.1447 -0.6266 -0.7658
vn 0.1979 -0.5110 -0.8365
vn 0.0535 -0.6010 -0.7974
vn -0.4444 0.8639 -0.2370
vn -0.5708 -0.4400 0.6932
vn 0.8673 0.2306 0.4411
vn -0.9659 0.2057 0.1571
vn 0.3458 -0.4276 0.8352
vn 0.4722 0.8764 -0.0949
vn -0.3126 0.5715 0.7587
vn -0.0509 0.4452 0.8940
vn -0.0257 0.7053 0.7084
vn -0.2086 0.7028 0.6801
vn -0.2338 0.4427 0.8657
vn 0.0531 0.5765 0.8154
vn 0.1617 -0.4284 -0.8890
vn -0.3814 -0.6022 -0.7013
vn 0.0283 -0.4670 -0.8838
vn 0.1380 -0.6681 -0.7312
vn 0.1221 -0.6264 -0.7699
vn 0.0575 -0.5034 -0.8621
vn -0.2630 -0.7645 -0.5885
vn -0.3183 -0.7408 -0.5915
vn -0.3771 -0.6461 -0.6636
vn 0.2344 -0.6053 -0.7607
vn 0.2560 -0.5570 -0.7901
vn 0.2032 -0.4603 -0.8642
vn -0.2600 -0.6050 -0.7525
vn -0.1858 -0.7247 -0.6635
vn -0.1535 -0.7610 -0.6303
vn -0.2722 -0.5632 -0.7802
vn -0.0050 0.5110 0.8596
vn -0.4707 -0.4388 -0.7654
vn -0.3120 -0.3811 -0.8703
vn -0.0935 -0.3119 -0.9455
vn 0.0966 -0.2590 -0.9610
vn -0.3946 -0.5833 -0.7100
vn -0.2651 -0.5650 -0.7813
vn 0.0241 -0.4704 -0.8821
vn 0.1539 -0.4037 -0.9018
vn 0.2218 0.5836 0.7811
vn -0.0322 0.4674 0.8835
vn -0.1383 0.6664 0.7327
vn -0.1239 0.6249 0.7708
vn -0.0604 0.5034 0.8620
vn 0.0799 0.7041 0.7056
vn 0.1644 0.7002 0.6948
vn 0.2300 0.6145 0.7547
vn -0.0218 0.6716 0.7406
vn -0.0788 0.6222 0.7789
vn -0.0415 0.5274 0.8486
vn 0.2619 0.6065 0.7507
vn 0.1883 0.7247 0.6629
vn 0.1556 0.7601 0.6309
vn 0.2743 0.5655 0.7778
vn 0.1954 0.5130 0.8359
vn 0.2336 0.4901 0.8398
vn 0.0686 0.4381 0.8963
vn 0.0815 0.4783 0.8744
vn 0.1981 0.5667 0.7997
vn 0.2680 0.5652 0.7802
vn -0.0266 0.4689 0.8829
vn 0.0307 0.5118 0.8585
vn -0.9890 -0.0395 0.1425
vn -0.8746 -0.3402 0.3454
vn -0.9921 0.1224 0.0265
vn 0.4089 -0.7783 0.4765
vn -0.8164 -0.4202 0.3962
vn 0.7226 0.5191 -0.4565
vn 0.4087 -0.7852 0.4652
vn 0.9735 0.1171 -0.1965
vn 0.5854 0.6248 -0.5166
vn 0.9640 0.1505 -0.2194
vn -0.7676 0.5591 -0.3133
vn -0.7920 -0.4488 0.4139
vn 0.9303 0.2384 -0.2787
vn 0.4189 -0.7751 0.4731
vn 0.4123 -0.7840 0.4640
vn 0.8483 0.3787 -0.3701
vn 0.0179 0.8109 -0.5849
vn -0.9478 -0.1970 0.2509
vn 0.4830 -0.5852 -0.6513
vn -0.0874 -0.5449 -0.8340
vn 0.3678 -0.5776 -0.7288
vn 0.2915 -0.7781 -0.5564
vn 0.3164 -0.7398 -0.5938
vn 0.3644 -0.6179 -0.6968
vn -0.1210 -0.7179 -0.6856
vn -0.1521 -0.6783 -0.7188
vn -0.1212 -0.5816 -0.8044
vn 0.4016 -0.7549 -0.5185
vn 0.4512 -0.7211 -0.5258
vn 0.4884 -0.6247 -0.6093
vn 0.0309 -0.5942 -0.8037
vn -0.0069 -0.7167 -0.6973
vn -0.0148 -0.7561 -0.6543
vn 0.0524 -0.5553 -0.8300
vn -0.3214 0.6076 0.7263
vn -0.0599 -0.3729 -0.9260
vn 0.1380 -0.3857 -0.9123
vn 0.3670 -0.4025 -0.8386
vn 0.5350 -0.4167 -0.7349
vn -0.0856 -0.5242 -0.8473
vn 0.0577 -0.5594 -0.8269
vn 0.3626 -0.5792 -0.7301
vn 0.4932 -0.5616 -0.6644
vn -0.0832 0.5908 0.8025
vn -0.3704 0.5792 0.7262
vn -0.2931 0.7769 0.5573
vn -0.3188 0.7392 0.5933
vn -0.3664 0.6187 0.6950
vn -0.1029 0.7379 0.6671
vn -0.0355 0.7054 0.7080
vn -0.0511 0.6130 0.7884
vn -0.2096 0.7454 0.6328
vn -0.2910 0.7233 0.6262
vn -0.3364 0.6331 0.6972
vn -0.0280 0.5947 0.8035
vn 0.0091 0.7158 0.6983
vn 0.0155 0.7547 0.6559
vn -0.0486 0.5564 0.8295
vn -0.1587 0.5414 0.8256
vn -0.1407 0.5083 0.8496
vn -0.3133 0.5212 0.7938
vn -0.2772 0.5514 0.7868
vn -0.1173 0.5854 0.8022
vn -0.0549 0.5585 0.8277
vn -0.3654 0.5787 0.7291
vn -0.2941 0.5967 0.7466
vn -0.8279 0.3028 -0.4721
vn -0.9644 0.0152 -0.2640
vn -0.7073 0.4378 -0.5550
vn -0.2417 -0.7882 0.5660
vn -0.9783 -0.0708 -0.1948
vn 0.9779 0.1845 0.0984
vn -0.2377 -0.7963 0.5563
vn 0.8745 -0.2333 0.4253
vn 0.9476 0.3185 -0.0230
vn 0.8922 -0.2024 0.4038
vn -0.1939 0.7231 -0.6629
vn -0.9804 -0.1027 -0.1683
vn 0.9319 -0.1183 0.3429
vn -0.2312 -0.7889 0.5694
vn -0.2339 -0.7965 0.5575
vn 0.9725 0.0257 0.2315
vn 0.6314 0.6651 -0.3988
vn -0.9145 0.1585 -0.3724
vn 0.4038 -0.7997 -0.4442
vn 0.2286 -0.4224 -0.8771
vn 0.3950 -0.7266 -0.5622
vn 0.1375 -0.8230 -0.5512
vn 0.1954 -0.8114 -0.5509
vn 0.3516 -0.7536 -0.5554
vn 0.0246 -0.5259 -0.8502
vn 0.0493 -0.4779 -0.8770
vn 0.1718 -0.4278 -0.8874
vn 0.1852 -0.8716 -0.4539
vn 0.2346 -0.8770 -0.4194
vn 0.3590 -0.8310 -0.4249
vn 0.2494 -0.5330 -0.8085
vn 0.0962 -0.5973 -0.7962
vn 0.0435 -0.6202 -0.7833
vn 0.2983 -0.5180 -0.8017
vn -0.3526 0.7206 0.5971
vn 0.3915 -0.3122 -0.8656
vn 0.4858 -0.4454 -0.7521
vn 0.5556 -0.5974 -0.5783
vn 0.5730 -0.7071 -0.4144
vn 0.2489 -0.4084 -0.8782
vn 0.2971 -0.5243 -0.7980
vn 0.3922 -0.7246 -0.5666
vn 0.4300 -0.7886 -0.4395
vn -0.2793 0.5630 0.7778
vn -0.3940 0.7293 0.5594
vn -0.1396 0.8231 0.5504
vn -0.1967 0.8123 0.5490
vn -0.3512 0.7554 0.5532
vn -0.1264 0.6807 0.7216
vn -0.1325 0.6158 0.7767
vn -0.2410 0.5592 0.7932
vn -0.1592 0.7512 0.6406
vn -0.2111 0.7847 0.5828
vn -0.3287 0.7478 0.5768
vn -0.2474 0.5315 0.8101
vn -0.0961 0.5953 0.7978
vn -0.0449 0.6186 0.7844
vn -0.2953 0.5164 0.8038
vn -0.3614 0.5736 0.7351
vn -0.3840 0.5382 0.7503
vn -0.4363 0.6529 0.6192
vn -0.3964 0.6532 0.6451
vn -0.3008 0.5802 0.7569
vn -0.2965 0.5219 0.7998
vn -0.3934 0.7259 0.5642
vn -0.3563 0.6963 0.6231
vn 0.0059 0.7236 -0.6902
vn -0.3526 0.5996 -0.7184
vn 0.1958 0.7472 -0.6350
vn -0.9062 -0.4229 -0.0081
vn -0.4494 0.5462 -0.7069
vn 0.5703 -0.4640 0.6778
vn -0.9016 -0.4323 -0.0162
vn 0.0859 -0.7019 0.7071
vn 0.7015 -0.3490 0.6214
vn 0.1256 -0.6905 0.7124
vn 0.6959 0.6394 -0.3270
vn -0.4842 0.5244 -0.7004
vn 0.2303 -0.6541 0.7205
vn -0.9029 -0.4298 -0.0001
vn -0.9004 -0.4348 -0.0134
vn 0.3992 -0.5752 0.7141
vn 0.9496 0.0938 0.2992
vn -0.1809 0.6724 -0.7177
vn 0.0995 -0.8131 -0.5736
vn 0.6109 -0.5010 -0.6131
vn 0.2332 -0.7767 -0.5852
vn 0.1264 -0.6135 -0.7795
vn 0.1435 -0.6555 -0.7415
vn 0.2061 -0.7546 -0.6230
vn 0.4981 -0.3849 -0.7770
vn 0.5484 -0.3818 -0.7440
vn 0.6056 -0.4575 -0.6511
vn 0.0299 -0.6709 -0.7409
vn 0.0078 -0.7119 -0.7023
vn 0.0593 -0.7910 -0.6089
vn 0.5051 -0.5723 -0.6461
vn 0.4334 -0.4785 -0.7637
vn 0.4009 -0.4459 -0.8003
vn 0.5161 -0.6043 -0.6070
vn -0.2574 0.7412 0.6200
vn 0.6850 -0.5756 -0.4465
vn 0.5451 -0.7164 -0.4354
vn 0.3395 -0.8415 -0.4202
vn 0.1511 -0.9008 -0.4071
vn 0.6224 -0.5103 -0.5934
vn 0.5098 -0.6063 -0.6103
vn 0.2374 -0.7737 -0.5874
vn 0.1060 -0.8284 -0.5500
vn -0.4709 0.6108 0.6366
vn -0.2294 0.7770 0.5863
vn -0.1262 0.6153 0.7781
vn -0.1417 0.6569 0.7406
vn -0.2033 0.7550 0.6234
vn -0.3368 0.5423 0.7697
vn -0.4154 0.5171 0.7483
vn -0.4781 0.5782 0.6612
vn -0.2411 0.6007 0.7622
vn -0.1865 0.6569 0.7305
vn -0.2225 0.7343 0.6413
vn -0.5068 0.5699 0.6468
vn -0.4356 0.4775 0.7630
vn -0.4028 0.4463 0.7991
vn -0.5181 0.6011 0.6086
vn -0.4460 0.6811 0.5807
vn -0.4801 0.6819 0.5518
vn -0.3248 0.7761 0.5405
vn -0.3389 0.7454 0.5741
vn -0.4494 0.6361 0.6272
vn -0.5124 0.6047 0.6098
vn -0.2349 0.7751 0.5865
vn -0.2918 0.7334 0.6140
vn 0.9300 0.3264 0.1689
vn 0.8238 0.5550 -0.1159
vn 0.9323 0.1860 0.3102
vn -0.3736 0.5239 -0.7654
vn 0.7693 0.6076 -0.1974
vn -0.6816 -0.6663 0.3026
vn -0.3700 0.5142 -0.7737
vn -0.9158 -0.3895 -0.0982
vn -0.5530 -0.7180 0.4227
vn -0.9069 -0.4159 -0.0673
vn 0.7194 -0.2613 0.6436
vn 0.7465 0.6254 -0.2273
vn -0.8757 -0.4826 0.0160
vn -0.3830 0.5182 -0.7647
vn -0.3734 0.5122 -0.7735
vn -0.7992 -0.5809 0.1548
vn -0.0202 -0.7129 0.7010
vn 0.8919 0.4516 0.0236
vn -0.2363 -0.6144 -0.7528
vn 0.3464 -0.6934 -0.6318
vn -0.1099 -0.6695 -0.7347
vn -0.0414 -0.4531 -0.8905
vn -0.0636 -0.5007 -0.8633
vn -0.1071 -0.6307 -0.7686
vn 0.3744 -0.5130 -0.7724
vn 0.4053 -0.5465 -0.7329
vn 0.3785 -0.6521 -0.6569
vn -0.1593 -0.4409 -0.8833
vn -0.2109 -0.4631 -0.8609
vn -0.2441 -0.5677 -0.7862
vn 0.2336 -0.6771 -0.6978
vn 0.2667 -0.5455 -0.7945
vn 0.2713 -0.4955 -0.8252
vn 0.2123 -0.7134 -0.6678
vn 0.0609 0.6533 0.7547
vn 0.3125 -0.8179 -0.4830
vn 0.1207 -0.8388 -0.5309
vn -0.1133 -0.8066 -0.5801
vn -0.2951 -0.7347 -0.6108
vn 0.3443 -0.7103 -0.6140
vn 0.2073 -0.7106 -0.6724
vn -0.1044 -0.6695 -0.7354
vn -0.2470 -0.6331 -0.7336
vn -0.1824 0.6861 0.7042
vn 0.1127 0.6672 0.7363
vn 0.0430 0.4545 0.8897
vn 0.0660 0.5008 0.8631
vn 0.1093 0.6292 0.7695
vn -0.1577 0.5327 0.8315
vn -0.2263 0.5656 0.7930
vn -0.2138 0.6627 0.7177
vn -0.0486 0.5179 0.8541
vn 0.0347 0.5303 0.8471
vn 0.0776 0.6233 0.7781
vn -0.2364 0.6763 0.6977
vn -0.2689 0.5462 0.7933
vn -0.2722 0.4972 0.8238
vn -0.2161 0.7120 0.6681
vn -0.1067 0.7311 0.6738
vn -0.1240 0.7569 0.6416
vn 0.0524 0.7324 0.6789
vn 0.0143 0.7136 0.7004
vn -0.1486 0.6931 0.7053
vn -0.2100 0.7110 0.6711
vn 0.1073 0.6692 0.7353
vn 0.0320 0.6698 0.7419
vn 0.8513 -0.3582 0.3833
vn 0.9839 -0.0808 0.1594
vn 0.7314 -0.4845 0.4799
vn 0.2366 0.7317 -0.6393
vn 0.9961 0.0039 0.0883
vn -0.9931 -0.1172 0.0085
vn 0.2360 0.7230 -0.6493
vn -0.8972 0.2921 -0.3313
vn -0.9591 -0.2528 0.1271
vn -0.9146 0.2625 -0.3077
vn 0.2144 -0.7338 0.6446
vn 0.9975 0.0356 0.0615
vn -0.9531 0.1814 -0.2422
vn 0.2258 0.7331 -0.6415
vn 0.2322 0.7235 -0.6501
vn -0.9912 0.0407 -0.1258
vn -0.6286 -0.6197 0.4699
vn 0.9363 -0.2202 0.2737
vn -0.4516 -0.4783 -0.7532
vn -0.1717 -0.8914 -0.4194
vn -0.4177 -0.5954 -0.6863
vn -0.1796 -0.5489 -0.8164
vn -0.2349 -0.5564 -0.7970
vn -0.3797 -0.5825 -0.7187
vn 0.0108 -0.8360 -0.5486
vn -0.0033 -0.8668 -0.4987
vn -0.1154 -0.8941 -0.4328
vn -0.2456 -0.4578 -0.8544
vn -0.2993 -0.4300 -0.8518
vn -0.4144 -0.4527 -0.7895
vn -0.2162 -0.8241 -0.5235
vn -0.0764 -0.7906 -0.6076
vn -0.0295 -0.7704 -0.6369
vn -0.2631 -0.8240 -0.5018
vn 0.3707 0.6245 0.6874
vn -0.3178 -0.9035 -0.2877
vn -0.4434 -0.8008 -0.4026
vn -0.5553 -0.6349 -0.5372
vn -0.6085 -0.4727 -0.6374
vn -0.1895 -0.8955 -0.4028
vn -0.2632 -0.8201 -0.5080
vn -0.4141 -0.5995 -0.6849
vn -0.4763 -0.4773 -0.7384
vn 0.2537 0.7970 0.5481
vn 0.4174 0.5925 0.6890
vn 0.1819 0.5484 0.8162
vn 0.2366 0.5547 0.7977
vn 0.3798 0.5803 0.7205
vn 0.1272 0.7190 0.6832
vn 0.1171 0.7756 0.6202
vn 0.2136 0.8073 0.5501
vn 0.1795 0.6417 0.7457
vn 0.2425 0.5906 0.7696
vn 0.3537 0.6008 0.7169
vn 0.2139 0.8255 0.5223
vn 0.0758 0.7921 0.6056
vn 0.0305 0.7717 0.6352
vn 0.2596 0.8258 0.5007
vn 0.3413 0.7652 0.5458
vn 0.3566 0.7840 0.5082
vn 0.4407 0.6587 0.6099
vn 0.3982 0.6792 0.6165
vn 0.2799 0.7788 0.5614
vn 0.2621 0.8219 0.5058
vn 0.4157 0.5972 0.6859
vn 0.3677 0.6512 0.6639
vn 0.1831 -0.6985 0.6918
vn 0.5214 -0.6771 0.5193
vn -0.0071 -0.6692 0.7431
vn 0.8318 0.1189 -0.5421
vn 0.6076 -0.6519 0.4536
vn -0.7112 0.6057 -0.3569
vn 0.8271 0.1104 -0.5512
vn -0.2724 0.7027 -0.6572
vn -0.8167 0.5304 -0.2273
vn -0.3104 0.7026 -0.6403
vn -0.5524 -0.4274 0.7156
vn 0.6379 -0.6405 0.4276
vn -0.4093 0.6962 -0.5898
vn 0.8267 0.1265 -0.5483
vn 0.8252 0.1131 -0.5534
vn -0.5632 0.6662 -0.4889
vn -0.9575 0.1702 0.2329
vn 0.3629 -0.7003 0.6147
vn -0.3496 -0.3998 -0.8473
vn -0.4493 -0.7954 -0.4068
vn -0.4046 -0.4987 -0.7665
vn -0.1486 -0.5974 -0.7881
vn -0.2028 -0.5744 -0.7931
vn -0.3571 -0.5127 -0.7808
vn -0.2331 -0.8615 -0.4511
vn -0.2767 -0.8691 -0.4101
vn -0.4015 -0.8261 -0.3955
vn -0.1419 -0.4993 -0.8547
vn -0.1713 -0.4509 -0.8760
vn -0.2949 -0.4035 -0.8661
vn -0.4156 -0.7439 -0.5233
vn -0.2594 -0.7985 -0.5433
vn -0.2022 -0.8094 -0.5514
vn -0.4600 -0.7175 -0.5230
vn 0.3818 0.5450 0.7465
vn -0.6154 -0.7076 -0.3473
vn -0.6244 -0.5925 -0.5091
vn -0.5837 -0.4339 -0.6863
vn -0.5100 -0.2960 -0.8076
vn -0.4710 -0.7868 -0.3989
vn -0.4560 -0.7157 -0.5290
vn -0.4043 -0.5035 -0.7636
vn -0.3737 -0.3842 -0.8442
vn 0.4233 0.7102 0.5626
vn 0.4020 0.4971 0.7690
vn 0.1502 0.5960 0.7888
vn 0.2030 0.5724 0.7945
vn 0.3554 0.5112 0.7825
vn 0.2381 0.7334 0.6367
vn 0.2799 0.7707 0.5724
vn 0.3961 0.7374 0.5472
vn 0.2194 0.6594 0.7191
vn 0.2353 0.5935 0.7696
vn 0.3464 0.5395 0.7674
vn 0.4148 0.7459 0.5212
vn 0.2604 0.7996 0.5411
vn 0.2042 0.8097 0.5502
vn 0.4585 0.7203 0.5205
vn 0.4774 0.6433 0.5985
vn 0.5116 0.6431 0.5698
vn 0.4806 0.5237 0.7034
vn 0.4551 0.5618 0.6908
vn 0.4304 0.6862 0.5864
vn 0.4568 0.7171 0.5264
vn 0.4041 0.5011 0.7653
vn 0.4008 0.5633 0.7225
vn -0.4414 -0.5077 0.7399
vn -0.1044 -0.6832 0.7228
vn -0.5945 -0.3850 0.7060
vn 0.9018 -0.4043 -0.1527
vn -0.0013 -0.7164 0.6977
vn -0.1368 0.7471 -0.6505
vn 0.8967 -0.4118 -0.1625
vn 0.3611 0.5597 -0.7459
vn -0.3022 0.7620 -0.5728
vn 0.3252 0.5807 -0.7463
vn -0.8951 0.0585 0.4421
vn 0.0374 -0.7266 0.6860
vn 0.2266 0.6319 -0.7411
vn 0.9036 -0.3970 -0.1608
vn 0.8973 -0.4092 -0.1654
vn 0.0555 0.7000 -0.7120
vn -0.7510 0.6308 -0.1950
vn -0.2739 -0.6086 0.7447
vn -0.8250 0.2168 0.5218
vn -0.5536 0.7049 -0.4435
vn 0.2612 0.4658 -0.8455
vn 0.8532 -0.1263 -0.5061
vn -0.6840 -0.7115 0.1607
vn 0.6260 -0.6346 0.4533
vn -0.2216 -0.4093 0.8851
vn -0.6058 -0.7749 0.1804
vn -0.6032 -0.7325 0.3157
vn -0.6316 -0.7581 0.1623
vn -0.6936 -0.6713 0.2612
vn -0.5681 -0.7892 0.2330
vn 0.3899 0.4112 0.8240
vn 0.7673 -0.3135 -0.5595
vn -0.4486 0.7356 -0.5076
vn 0.9210 -0.1801 0.3455
vn 0.0825 0.1443 -0.9861
vn -0.2948 0.8690 0.3974
vn 0.7581 0.6394 -0.1282
vn 0.5908 0.7042 -0.3938
vn 0.5155 0.8487 -0.1178
vn 0.6521 0.7574 -0.0327
vn 0.7274 0.6128 -0.3087
vn 0.4849 0.8221 -0.2984
vn -0.6775 -0.6414 0.3600
vn -0.1559 -0.9356 0.3167
vn -0.5703 -0.7272 0.3820
vn -0.6147 -0.7803 0.1156
vn -0.6149 -0.7693 0.1737
vn -0.5893 -0.7353 0.3348
vn -0.2220 -0.9700 0.0987
vn -0.1736 -0.9756 0.1341
vn -0.1469 -0.9537 0.2623
vn -0.6998 -0.7008 0.1385
vn -0.7251 -0.6647 0.1800
vn -0.7042 -0.6394 0.3086
vn -0.2844 -0.9073 0.3096
vn -0.3192 -0.9359 0.1492
vn -0.3346 -0.9378 0.0924
vn -0.2819 -0.8900 0.3583
vn 0.5455 0.7627 -0.3475
vn -0.0880 -0.8680 0.4888
vn -0.2657 -0.7970 0.5425
vn -0.4755 -0.6791 0.5593
vn -0.6328 -0.5620 0.5326
vn -0.1464 -0.9295 0.3385
vn -0.2887 -0.8890 0.3555
vn -0.5665 -0.7310 0.3803
vn -0.6736 -0.6302 0.3863
vn 0.3277 0.8855 -0.3293
vn 0.5734 0.7257 -0.3801
vn 0.6154 0.7794 -0.1176
vn 0.6166 0.7677 -0.1745
vn 0.5916 0.7339 -0.3337
vn 0.4261 0.8915 -0.1542
vn 0.3494 0.9198 -0.1787
vn 0.3121 0.9031 -0.2952
vn 0.5236 0.8364 -0.1623
vn 0.5829 0.7880 -0.1982
vn 0.5728 0.7559 -0.3170
vn 0.2821 0.9085 -0.3082
vn 0.3167 0.9366 -0.1497
vn 0.3330 0.9382 -0.0942
vn 0.2792 0.8919 -0.3559
vn 0.3667 0.8397 -0.4005
vn 0.3332 0.8391 -0.4300
vn 0.4914 0.7502 -0.4424
vn 0.4759 0.7792 -0.4079
vn 0.3544 0.8694 -0.3442
vn 0.2857 0.8899 -0.3556
vn 0.5687 0.7291 -0.3809
vn 0.5154 0.7781 -0.3590
vn 0.8910 -0.3938 0.2259
vn 0.8526 -0.5047 -0.1359
vn 0.8595 -0.3120 0.4048
vn -0.2191 -0.2589 -0.9407
vn 0.8175 -0.5236 -0.2397
vn -0.7548 0.5389 0.3741
vn -0.2261 -0.2692 -0.9362
vn -0.8936 0.4277 -0.1363
vn -0.6547 0.5412 0.5276
vn -0.8921 0.4412 -0.0970
vn 0.5667 -0.0035 0.8239
vn 0.8018 -0.5291 -0.2778
vn -0.8807 0.4735 0.0088
vn -0.2287 -0.2535 -0.9399
vn -0.2295 -0.2673 -0.9359
vn -0.8372 0.5145 0.1854
vn -0.1876 0.4222 0.8869
vn 0.8875 -0.4589 0.0415
vn -0.8452 -0.5340 -0.0204
vn -0.4608 -0.8188 0.3424
vn -0.7892 -0.6086 0.0827
vn -0.6683 -0.7322 -0.1314
vn -0.7024 -0.7060 -0.0909
vn -0.7762 -0.6294 0.0374
vn -0.3836 -0.9118 0.1463
vn -0.3687 -0.9068 0.2045
vn -0.4233 -0.8507 0.3117
vn -0.7358 -0.6512 -0.1858
vn -0.7753 -0.6057 -0.1791
vn -0.8341 -0.5464 -0.0758
vn -0.5515 -0.7959 0.2496
vn -0.4844 -0.8673 0.1148
vn -0.4618 -0.8847 0.0634
vn -0.5768 -0.7661 0.2834
vn 0.7543 0.6515 -0.0806
vn -0.5034 -0.7060 0.4982
vn -0.6628 -0.6266 0.4099
vn -0.8171 -0.5127 0.2636
vn -0.9043 -0.4102 0.1185
vn -0.4659 -0.8068 0.3633
vn -0.5802 -0.7660 0.2769
vn -0.7858 -0.6126 0.0847
vn -0.8566 -0.5160 -0.0009
vn 0.5938 0.7705 -0.2319
vn 0.7902 0.6077 -0.0790
vn 0.6699 0.7308 0.1307
vn 0.7039 0.7043 0.0918
vn 0.7771 0.6285 -0.0349
vn 0.5633 0.8252 -0.0411
vn 0.5234 0.8444 -0.1140
vn 0.5634 0.7962 -0.2204
vn 0.6352 0.7719 0.0268
vn 0.6956 0.7168 0.0484
vn 0.7557 0.6538 -0.0391
vn 0.5491 0.7974 -0.2502
vn 0.4830 0.8678 -0.1168
vn 0.4618 0.8846 -0.0657
vn 0.5735 0.7685 -0.2838
vn 0.6605 0.7080 -0.2500
vn 0.6526 0.6988 -0.2930
vn 0.7688 0.6129 -0.1824
vn 0.7401 0.6498 -0.1731
vn 0.6211 0.7515 -0.2226
vn 0.5781 0.7668 -0.2790
vn 0.7875 0.6106 -0.0833
vn 0.7405 0.6627 -0.1116
vn 0.4895 -0.3010 0.8184
vn 0.6646 -0.5059 0.5499
vn 0.3681 -0.1748 0.9132
vn 0.3675 -0.5067 -0.7798
vn 0.6982 -0.5528 0.4549
vn -0.7297 0.6048 -0.3188
vn 0.3577 -0.5155 -0.7786
vn -0.5412 0.3577 -0.7610
vn -0.7462 0.6504 -0.1420
vn -0.5621 0.3814 -0.7339
vn -0.0677 0.2294 0.9710
vn 0.7086 -0.5686 0.4178
vn -0.6132 0.4412 -0.6552
vn 0.3604 -0.5015 -0.7865
vn 0.3551 -0.5137 -0.7810
vn -0.6816 0.5290 -0.5056
vn -0.6238 0.6415 0.4465
vn 0.5899 -0.4134 0.6936
vn -0.7060 -0.6559 -0.2672
vn -0.7258 -0.6033 0.3306
vn -0.7487 -0.6490 -0.1351
vn -0.5451 -0.8317 -0.1056
vn -0.5911 -0.7976 -0.1199
vn -0.7137 -0.6864 -0.1398
vn -0.5594 -0.7625 0.3251
vn -0.5860 -0.7243 0.3633
vn -0.6849 -0.6360 0.3555
vn -0.5414 -0.8108 -0.2224
vn -0.5652 -0.7800 -0.2687
vn -0.6638 -0.6922 -0.2832
vn -0.7254 -0.6556 0.2096
vn -0.6024 -0.7676 0.2189
vn -0.5556 -0.8031 0.2152
vn -0.7599 -0.6199 0.1955
vn 0.7309 0.6765 0.0905
vn -0.8365 -0.4404 0.3260
vn -0.8772 -0.4614 0.1326
vn -0.8689 -0.4831 -0.1075
vn -0.8152 -0.4970 -0.2975
vn -0.7408 -0.5839 0.3321
vn -0.7580 -0.6240 0.1897
vn -0.7484 -0.6504 -0.1296
vn -0.7234 -0.6339 -0.2737
vn 0.7391 0.6546 -0.1591
vn 0.7469 0.6505 0.1382
vn 0.5465 0.8306 0.1070
vn 0.5914 0.7971 0.1223
vn 0.7124 0.6872 0.1423
vn 0.6021 0.7914 -0.1055
vn 0.6253 0.7591 -0.1809
vn 0.7147 0.6741 -0.1864
vn 0.5983 0.8012 0.0063
vn 0.6165 0.7825 0.0867
vn 0.7050 0.7003 0.1125
vn 0.7243 0.6559 -0.2124
vn 0.6028 0.7666 -0.2213
vn 0.5571 0.8018 -0.2164
vn 0.7582 0.6208 -0.1991
vn 0.7865 0.6107 -0.0920
vn 0.8073 0.5787 -0.1153
vn 0.8008 0.5953 0.0658
vn 0.7814 0.6232 0.0324
vn 0.7488 0.6507 -0.1262
vn 0.7581 0.6231 -0.1926
vn 0.7483 0.6499 0.1326
vn 0.7437 0.6660 0.0588
vn -0.2481 0.3035 0.9200
vn 0.0140 0.0395 0.9991
vn -0.3728 0.4259 0.8244
vn 0.6777 -0.7297 0.0912
vn 0.0916 -0.0400 0.9950
vn -0.1937 0.1458 -0.9702
vn 0.6680 -0.7387 0.0902
vn 0.1844 -0.2401 -0.9531
vn -0.3131 0.2713 -0.9102
vn 0.1562 -0.2118 -0.9648
vn -0.6437 0.6777 0.3555
vn 0.1204 -0.0697 0.9903
vn 0.0795 -0.1346 -0.9877
vn 0.6780 -0.7307 0.0801
vn 0.6681 -0.7391 0.0863
vn -0.0509 -0.0018 -0.9987
vn -0.6152 0.6019 -0.5091
vn -0.1161 0.1715 0.9783
vn -0.5237 -0.8490 -0.0697
vn -0.9170 -0.3960 -0.0469
vn -0.6348 -0.7676 -0.0884
vn -0.6214 -0.7610 0.1865
vn -0.6225 -0.7720 0.1284
vn -0.6286 -0.7768 -0.0380
vn -0.8905 -0.4174 0.1810
vn -0.9143 -0.3800 0.1402
vn -0.9255 -0.3788 0.0079
vn -0.5304 -0.8325 0.1600
vn -0.4985 -0.8591 0.1160
vn -0.5052 -0.8628 -0.0166
vn -0.8586 -0.5120 -0.0248
vn -0.8454 -0.5151 0.1412
vn -0.8323 -0.5176 0.1986
vn -0.8525 -0.5172 -0.0759
vn 0.6674 0.7429 0.0511
vn -0.9031 -0.3565 -0.2393
vn -0.8047 -0.5250 -0.2772
vn -0.6468 -0.7071 -0.2856
vn -0.4932 -0.8296 -0.2615
vn -0.9178 -0.3906 -0.0709
vn -0.8494 -0.5228 -0.0724
vn -0.6390 -0.7643 -0.0865
vn -0.5192 -0.8490 -0.0982
vn 0.8316 0.5538 0.0414
vn 0.6323 0.7699 0.0864
vn 0.6208 0.7620 -0.1845
vn 0.6208 0.7735 -0.1276
vn 0.6265 0.7785 0.0370
vn 0.7791 0.6101 -0.1442
vn 0.8289 0.5476 -0.1144
vn 0.8451 0.5345 0.0073
vn 0.7055 0.6948 -0.1399
vn 0.6528 0.7504 -0.1041
vn 0.6485 0.7610 0.0189
vn 0.8600 0.5098 0.0235
vn 0.8468 0.5130 -0.1406
vn 0.8333 0.5166 -0.1967
vn 0.8544 0.5144 0.0736
vn 0.7932 0.5982 0.1137
vn 0.8064 0.5725 0.1479
vn 0.6873 0.7099 0.1540
vn 0.7115 0.6929 0.1168
vn 0.8131 0.5795 0.0550
vn 0.8509 0.5202 0.0727
vn 0.6367 0.7661 0.0871
vn 0.6915 0.7196 0.0635
vn -0.6287 0.7279 -0.2737
vn -0.6525 0.7505 0.1052
vn -0.5794 0.6735 -0.4589
vn -0.0061 -0.0498 0.9987
vn -0.6415 0.7364 0.2150
vn 0.6143 -0.7033 -0.3578
vn -0.0152 -0.0595 0.9981
vn 0.6436 -0.7438 0.1804
vn 0.5623 -0.6412 -0.5222
vn 0.6482 -0.7486 0.1394
vn -0.3015 0.3587 -0.8834
vn -0.6354 0.7288 0.2554
vn 0.6550 -0.7551 0.0285
vn 0.0011 -0.0581 0.9983
vn -0.0126 -0.0624 0.9980
vn 0.6483 -0.7449 -0.1575
vn 0.2675 -0.2965 -0.9168
vn -0.6528 0.7532 -0.0813
vn -0.3059 -0.9049 0.2961
vn -0.7396 -0.6714 -0.0471
vn -0.4106 -0.8882 0.2062
vn -0.5135 -0.7484 0.4198
vn -0.4888 -0.7850 0.3806
vn -0.4244 -0.8696 0.2522
vn -0.8069 -0.5716 0.1493
vn -0.8172 -0.5693 0.0900
vn -0.7726 -0.6347 -0.0166
vn -0.4097 -0.7856 0.4636
vn -0.3586 -0.8163 0.4529
vn -0.3091 -0.8842 0.3501
vn -0.6780 -0.7333 0.0515
vn -0.7345 -0.6526 0.1859
vn -0.7461 -0.6229 0.2354
vn -0.6505 -0.7593 0.0163
vn 0.4592 0.8625 -0.2127
vn -0.6536 -0.7253 -0.2160
vn -0.5231 -0.8433 -0.1235
vn -0.3492 -0.9369 0.0150
vn -0.2021 -0.9688 0.1436
vn -0.7312 -0.6786 -0.0691
vn -0.6483 -0.7610 0.0231
vn -0.4157 -0.8862 0.2047
vn -0.2900 -0.9167 0.2750
vn 0.6404 0.7649 -0.0695
vn 0.4088 0.8882 -0.2097
vn 0.5120 0.7499 -0.4190
vn 0.4866 0.7860 -0.3813
vn 0.4228 0.8697 -0.2546
vn 0.6613 0.7038 -0.2597
vn 0.7035 0.6854 -0.1879
vn 0.6696 0.7382 -0.0815
vn 0.5800 0.7474 -0.3239
vn 0.5092 0.7900 -0.3415
vn 0.4527 0.8550 -0.2530
vn 0.6801 0.7313 -0.0509
vn 0.7358 0.6518 -0.1839
vn 0.7464 0.6233 -0.2331
vn 0.6536 0.7567 -0.0160
vn 0.5689 0.8210 -0.0485
vn 0.5706 0.8212 -0.0038
vn 0.4396 0.8916 -0.1085
vn 0.4794 0.8691 -0.1215
vn 0.6140 0.7854 -0.0784
vn 0.6499 0.7597 -0.0209
vn 0.4131 0.8871 -0.2059
vn 0.4793 0.8583 -0.1834
vn -0.5653 0.2299 -0.7922
vn -0.7473 0.4183 -0.5164
vn -0.4358 0.1166 -0.8925
vn -0.4116 0.4289 0.8041
vn -0.7807 0.4627 -0.4200
vn 0.8103 -0.5132 0.2829
vn -0.4179 0.4176 0.8069
vn 0.6199 -0.2814 0.7325
vn 0.8220 -0.5596 0.1060
vn 0.6418 -0.3030 0.7045
vn 0.0391 -0.2368 -0.9708
vn -0.7907 0.4778 -0.3826
vn 0.6948 -0.3580 0.6237
vn -0.4036 0.4246 0.8105
vn -0.4150 0.4160 0.8091
vn 0.7643 -0.4400 0.4714
vn 0.6668 -0.5746 -0.4746
vn -0.6707 0.3324 -0.6631
vn -0.1041 -0.8867 0.4504
vn -0.2298 -0.9643 -0.1315
vn -0.1166 -0.9394 0.3224
vn -0.3756 -0.8540 0.3601
vn -0.3206 -0.8757 0.3612
vn -0.1632 -0.9261 0.3401
vn -0.4406 -0.8950 -0.0695
vn -0.4076 -0.9054 -0.1189
vn -0.2842 -0.9480 -0.1432
vn -0.3254 -0.8242 0.4635
vn -0.2747 -0.8235 0.4964
vn -0.1499 -0.8652 0.4786
vn -0.2365 -0.9716 -0.0001
vn -0.3917 -0.9196 0.0313
vn -0.4428 -0.8954 0.0476
vn -0.1861 -0.9825 0.0006
vn 0.1612 0.9434 -0.2899
vn -0.0407 -0.9821 -0.1838
vn 0.0202 -0.9998 0.0046
vn 0.0700 -0.9686 0.2385
vn 0.0887 -0.9014 0.4238
vn -0.2069 -0.9683 -0.1397
vn -0.1886 -0.9820 0.0075
vn -0.1196 -0.9406 0.3178
vn -0.0755 -0.8904 0.4489
vn 0.2138 0.9757 -0.0469
vn 0.1179 0.9380 -0.3259
vn 0.3735 0.8545 -0.3610
vn 0.3193 0.8753 -0.3632
vn 0.1637 0.9251 -0.3427
vn 0.3774 0.9144 -0.1461
vn 0.3620 0.9300 -0.0637
vn 0.2499 0.9678 -0.0282
vn 0.3539 0.8999 -0.2550
vn 0.3056 0.8953 -0.3242
vn 0.1869 0.9291 -0.3191
vn 0.2381 0.9712 0.0026
vn 0.3914 0.9198 -0.0287
vn 0.4413 0.8962 -0.0460
vn 0.1887 0.9820 0.0025
vn 0.1345 0.9864 -0.0946
vn 0.1050 0.9926 -0.0615
vn 0.0678 0.9689 -0.2380
vn 0.1100 0.9701 -0.2162
vn 0.1960 0.9776 -0.0764
vn 0.1887 0.9820 -0.0044
vn 0.1184 0.9399 -0.3204
vn 0.1558 0.9540 -0.2562
vn 0.0961 -0.2022 -0.9746
vn -0.2729 -0.1119 -0.9555
vn 0.2863 -0.2384 -0.9280
vn -0.9585 0.2272 0.1721
vn -0.3751 -0.0819 -0.9234
vn 0.5046 0.0402 0.8624
vn -0.9608 0.2146 0.1757
vn -0.0028 0.1819 0.9833
vn 0.6482 -0.0123 0.7613
vn 0.0377 0.1725 0.9843
vn 0.7660 -0.2864 -0.5756
vn -0.4121 -0.0704 -0.9084
vn 0.1456 0.1461 0.9785
vn -0.9562 0.2286 0.1828
vn -0.9599 0.2151 0.1795
vn 0.3219 0.0978 0.9417
vn 0.9481 -0.1741 0.2661
vn -0.0945 -0.1589 -0.9828
vn -0.2255 -0.8186 0.5282
vn 0.0239 -0.9996 0.0129
vn -0.1536 -0.8887 0.4320
vn -0.3946 -0.8683 0.3005
vn -0.3483 -0.8749 0.3366
vn -0.2030 -0.8856 0.4176
vn -0.1905 -0.9793 -0.0690
vn -0.1338 -0.9871 -0.0881
vn -0.0151 -0.9994 -0.0300
vn -0.4188 -0.8137 0.4030
vn -0.3975 -0.7958 0.4568
vn -0.2815 -0.8061 0.5205
vn -0.0572 -0.9915 0.1165
vn -0.2068 -0.9774 0.0445
vn -0.2605 -0.9652 0.0239
vn -0.0157 -0.9890 0.1471
vn 0.1698 0.9081 -0.3827
vn 0.2082 -0.9750 0.0778
vn 0.1495 -0.9522 0.2664
vn 0.0487 -0.8796 0.4732
vn -0.0536 -0.7868 0.6149
vn 0.0476 -0.9987 0.0197
vn -0.0218 -0.9883 0.1511
vn -0.1531 -0.8912 0.4270
vn -0.2012 -0.8150 0.5434
vn 0.0658 0.9837 -0.1675
vn 0.1569 0.8873 -0.4338
vn 0.3934 0.8682 -0.3024
vn 0.3485 0.8739 -0.3388
vn 0.2051 0.8844 -0.4192
vn 0.2630 0.9541 -0.1431
vn 0.2005 0.9756 -0.0893
vn 0.0849 0.9877 -0.1310
vn 0.3097 0.9202 -0.2395
vn 0.3120 0.8945 -0.3200
vn 0.2094 0.8972 -0.3887
vn 0.0570 0.9919 -0.1136
vn 0.2050 0.9778 -0.0427
vn 0.2583 0.9658 -0.0236
vn 0.0161 0.9896 -0.1431
vn 0.0286 0.9675 -0.2514
vn -0.0151 0.9701 -0.2424
vn 0.0613 0.9153 -0.3982
vn 0.0822 0.9301 -0.3581
vn 0.0685 0.9771 -0.2013
vn 0.0200 0.9887 -0.1487
vn 0.1538 0.8899 -0.4295
vn 0.1444 0.9212 -0.3614
vn 0.6729 -0.2939 -0.6788
vn 0.3541 -0.2993 -0.8860
vn 0.8030 -0.2739 -0.5293
vn -0.8989 -0.0057 -0.4382
vn 0.2494 -0.2927 -0.9231
vn -0.1045 0.2781 0.9549
vn -0.9010 -0.0178 -0.4334
vn -0.6006 0.2994 0.7414
vn 0.0766 0.2517 0.9648
vn -0.5674 0.3009 0.7665
vn 0.9881 -0.1519 0.0252
vn 0.2095 -0.2892 -0.9341
vn -0.4741 0.3024 0.8269
vn -0.9034 -0.0023 -0.4287
vn -0.9027 -0.0166 -0.4300
vn -0.3049 0.2966 0.9050
vn 0.6277 0.1100 0.7707
vn 0.5192 -0.3022 -0.7994
vn -0.1838 0.6939 0.6963
vn -0.4139 0.8238 -0.3872
vn -0.1715 0.1331 -0.9761
vn 0.2452 -0.6314 -0.7356
vn -0.6345 -0.2041 0.7454
vn 0.4959 -0.8027 0.3313
vn 0.2438 -0.1020 0.9645
vn -0.5897 -0.2963 0.7513
vn -0.4896 -0.2439 0.8371
vn -0.6131 -0.2709 0.7422
vn -0.5653 -0.1518 0.8108
vn -0.5359 -0.3212 0.7808
vn 0.9270 0.2454 0.2837
vn 0.0857 -0.7486 -0.6575
vn -0.3686 0.7844 -0.4989
vn 0.7980 -0.5969 -0.0829
vn -0.4976 -0.0579 -0.8655
vn 0.3437 0.9360 0.0757
vn 0.6813 0.1088 -0.7239
vn 0.4228 0.2163 -0.8800
vn 0.5907 0.4146 -0.6923
vn 0.7070 0.2768 -0.6508
vn 0.5392 0.0785 -0.8385
vn 0.4486 0.3844 -0.8069
vn -0.4826 -0.1222 0.8673
vn -0.2456 -0.6529 0.7166
vn -0.4237 -0.2482 0.8711
vn -0.6377 -0.3047 0.7075
vn -0.5982 -0.2875 0.7479
vn -0.4691 -0.2511 0.8467
vn -0.4385 -0.6756 0.5927
vn -0.3845 -0.7015 0.6000
vn -0.2791 -0.6801 0.6779
vn -0.6555 -0.1897 0.7310
vn -0.6351 -0.1404 0.7595
vn -0.5323 -0.1132 0.8390
vn -0.3305 -0.5613 0.7588
vn -0.4638 -0.5882 0.6625
vn -0.5102 -0.5893 0.6264
vn -0.2927 -0.5416 0.7880
vn 0.4401 0.2956 -0.8479
vn -0.0679 -0.6095 0.7898
vn -0.1351 -0.4478 0.8839
vn -0.2309 -0.2348 0.9442
vn -0.3168 -0.0565 0.9468
vn -0.2232 -0.6499 0.7265
vn -0.2987 -0.5375 0.7886
vn -0.4235 -0.2536 0.8697
vn -0.4596 -0.1113 0.8811
vn 0.3412 0.5172 -0.7849
vn 0.4266 0.2455 -0.8705
vn 0.6367 0.3033 -0.7090
vn 0.5984 0.2852 -0.7487
vn 0.4709 0.2489 -0.8464
vn 0.5203 0.4933 -0.6971
vn 0.4613 0.5546 -0.6926
vn 0.3574 0.5449 -0.7585
vn 0.5646 0.3939 -0.7253
vn 0.5673 0.3170 -0.7601
vn 0.4757 0.2795 -0.8340
vn 0.3302 0.5638 -0.7571
vn 0.4620 0.5901 -0.6620
vn 0.5082 0.5902 -0.6272
vn 0.2929 0.5450 -0.7856
vn 0.3087 0.4485 -0.8388
vn 0.2667 0.4620 -0.8459
vn 0.3392 0.3014 -0.8911
vn 0.3597 0.3385 -0.8695
vn 0.3451 0.4875 -0.8020
vn 0.2970 0.5398 -0.7877
vn 0.4240 0.2507 -0.8703
vn 0.4172 0.3231 -0.8494
vn 0.6278 -0.7752 -0.0709
vn 0.3389 -0.8960 -0.2868
vn 0.7445 -0.6659 0.0478
vn -0.8247 -0.2260 -0.5185
vn 0.2437 -0.9072 -0.3431
vn -0.1114 0.9045 0.4117
vn -0.8304 -0.2302 -0.5073
vn -0.5625 0.8170 0.1272
vn 0.0545 0.8736 0.4835
vn -0.5325 0.8328 0.1513
vn 0.9051 -0.1949 0.3780
vn 0.2072 -0.9084 -0.3630
vn -0.4480 0.8680 0.2144
vn -0.8290 -0.2162 -0.5157
vn -0.8320 -0.2267 -0.5063
vn -0.2942 0.9027 0.3140
vn 0.5626 0.5728 0.5961
vn 0.4889 -0.8526 -0.1848
vn -0.7969 0.0056 0.6041
vn -0.4034 -0.3885 0.8285
vn -0.7203 -0.0726 0.6899
vn -0.8105 -0.2695 0.5200
vn -0.8003 -0.2239 0.5562
vn -0.7463 -0.1031 0.6575
vn -0.5025 -0.5341 0.6799
vn -0.4544 -0.5299 0.7160
vn -0.4071 -0.4393 0.8008
vn -0.8630 -0.1731 0.4747
vn -0.8705 -0.1132 0.4789
vn -0.8275 -0.0183 0.5612
vn -0.5163 -0.3334 0.7888
vn -0.5772 -0.4471 0.6833
vn -0.5990 -0.4808 0.6403
vn -0.5028 -0.2905 0.8142
vn 0.7122 0.1273 -0.6903
vn -0.2976 -0.2506 0.9212
vn -0.4363 -0.1109 0.8929
vn -0.5947 0.0468 0.8026
vn -0.7093 0.1592 0.6867
vn -0.3899 -0.3730 0.8420
vn -0.5091 -0.2894 0.8106
vn -0.7181 -0.0775 0.6916
vn -0.7865 0.0293 0.6169
vn 0.5479 0.2920 -0.7839
vn 0.7230 0.0718 -0.6871
vn 0.8107 0.2674 -0.5208
vn 0.8014 0.2217 -0.5556
vn 0.7482 0.1022 -0.6556
vn 0.6633 0.3799 -0.6448
vn 0.5971 0.4073 -0.6911
vn 0.5427 0.3313 -0.7718
vn 0.7368 0.3061 -0.6028
vn 0.7732 0.2307 -0.5907
vn 0.7394 0.1341 -0.6597
vn 0.5147 0.3359 -0.7888
vn 0.5751 0.4481 -0.6845
vn 0.5975 0.4804 -0.6421
vn 0.5010 0.2942 -0.8139
vn 0.5618 0.2017 -0.8023
vn 0.5265 0.1924 -0.8281
vn 0.6461 0.0736 -0.7597
vn 0.6447 0.1209 -0.7549
vn 0.5662 0.2628 -0.7813
vn 0.5066 0.2909 -0.8116
vn 0.7195 0.0751 -0.6904
vn 0.6874 0.1398 -0.7127
vn 0.7422 -0.4021 0.5362
vn 0.6280 -0.7031 0.3336
vn 0.7595 -0.2190 0.6125
vn -0.3998 -0.7251 -0.5606
vn 0.5766 -0.7731 0.2641
vn -0.4967 0.8519 -0.1660
vn -0.4091 -0.7270 -0.5514
vn -0.7232 0.4849 -0.4917
vn -0.3835 0.9227 -0.0404
vn -0.7129 0.5195 -0.4710
vn 0.6308 0.3593 0.6878
vn 0.5556 -0.7969 0.2373
vn -0.6794 0.6074 -0.4117
vn -0.4071 -0.7179 -0.5648
vn -0.4117 -0.7244 -0.5529
vn -0.6045 0.7375 -0.3011
vn 0.0618 0.9296 0.3634
vn 0.6964 -0.5665 0.4405
vn -0.8936 -0.2042 0.3997
vn -0.5212 -0.0685 0.8507
vn -0.8400 -0.1575 0.5192
vn -0.7429 -0.4150 0.5253
vn -0.7721 -0.3638 0.5210
vn -0.8314 -0.2081 0.5152
vn -0.4636 -0.2911 0.8369
vn -0.4453 -0.2398 0.8627
vn -0.4887 -0.1143 0.8650
vn -0.8048 -0.4153 0.4240
vn -0.8392 -0.3832 0.3859
vn -0.8866 -0.2592 0.3831
vn -0.6138 -0.1287 0.7789
vn -0.5610 -0.2868 0.7766
vn -0.5428 -0.3419 0.7671
vn -0.6343 -0.0824 0.7687
vn 0.8097 0.1839 -0.5572
vn -0.5445 0.1259 0.8293
vn -0.6996 0.1041 0.7069
vn -0.8492 0.0489 0.5259
vn -0.9331 -0.0173 0.3593
vn -0.5240 -0.0440 0.8505
vn -0.6380 -0.0876 0.7651
vn -0.8370 -0.1581 0.5239
vn -0.9022 -0.1773 0.3933
vn 0.6542 0.1274 -0.7455
vn 0.8412 0.1602 -0.5165
vn 0.7444 0.4134 -0.5244
vn 0.7736 0.3635 -0.5190
vn 0.8324 0.2098 -0.5130
vn 0.6390 0.3221 -0.6985
vn 0.5976 0.2725 -0.7541
vn 0.6271 0.1530 -0.7637
vn 0.7086 0.3475 -0.6141
vn 0.7643 0.3331 -0.5521
vn 0.8134 0.2207 -0.5382
vn 0.6115 0.1292 -0.7806
vn 0.5595 0.2854 -0.7781
vn 0.5427 0.3398 -0.7681
vn 0.6312 0.0836 -0.7711
vn 0.7134 0.0746 -0.6967
vn 0.7025 0.0336 -0.7109
vn 0.8151 0.0755 -0.5743
vn 0.7908 0.1045 -0.6031
vn 0.6799 0.1235 -0.7228
vn 0.6359 0.0864 -0.7669
vn 0.8386 0.1582 -0.5213
vn 0.7956 0.1640 -0.5833
vn 0.4984 0.5108 0.7005
vn 0.6386 0.1611 0.7525
vn 0.3949 0.6667 0.6321
vn 0.2758 -0.9589 0.0665
vn 0.6626 0.0527 0.7471
vn -0.6819 0.0936 -0.7254
vn 0.2652 -0.9613 0.0742
vn -0.5413 -0.4283 -0.7236
vn -0.6848 0.2703 -0.6767
vn -0.5584 -0.3912 -0.7316
vn 0.0046 0.9580 0.2866
vn 0.6695 0.0119 0.7427
vn -0.5992 -0.2889 -0.7466
vn 0.2690 -0.9614 0.0582
vn 0.2628 -0.9622 0.0712
vn -0.6510 -0.1098 -0.7511
vn -0.5341 0.7622 -0.3658
vn 0.5807 0.3380 0.7406
vn -0.7119 -0.4360 0.5506
vn -0.8150 0.1554 0.5582
vn -0.7729 -0.3110 0.5530
vn -0.5920 -0.2754 0.7574
vn -0.6324 -0.2919 0.7175
vn -0.7408 -0.3153 0.5931
vn -0.6637 0.1543 0.7319
vn -0.6923 0.1927 0.6954
vn -0.7812 0.1818 0.5973
vn -0.5695 -0.3874 0.7250
vn -0.5835 -0.4327 0.6873
vn -0.6711 -0.4501 0.5891
vn -0.8013 0.0305 0.5975
vn -0.6909 0.0434 0.7217
vn -0.6472 0.0420 0.7612
vn -0.8302 0.0160 0.5573
vn 0.7642 0.2680 -0.5866
vn -0.9097 0.1548 0.3854
vn -0.9231 -0.0435 0.3821
vn -0.8814 -0.2811 0.3797
vn -0.8016 -0.4622 0.3792
vn -0.8284 0.1571 0.5376
vn -0.8278 0.0100 0.5609
vn -0.7735 -0.3059 0.5550
vn -0.7262 -0.4422 0.5263
vn 0.8072 0.0210 -0.5899
vn 0.7707 0.3141 -0.5544
vn 0.5931 0.2769 -0.7560
vn 0.6323 0.2942 -0.7167
vn 0.7393 0.3176 -0.5937
vn 0.6759 0.0709 -0.7336
vn 0.7072 -0.0039 -0.7070
vn 0.7889 -0.0069 -0.6145
vn 0.6566 0.1816 -0.7321
vn 0.6611 0.2610 -0.7035
vn 0.7375 0.2888 -0.6105
vn 0.8006 -0.0333 -0.5982
vn 0.6915 -0.0457 -0.7209
vn 0.6488 -0.0432 -0.7598
vn 0.8291 -0.0196 -0.5587
vn 0.8403 0.0885 -0.5348
vn 0.8616 0.0647 -0.5035
vn 0.8299 0.2438 -0.5019
vn 0.8181 0.2115 -0.5348
vn 0.8116 0.0543 -0.5817
vn 0.8282 -0.0130 -0.5603
vn 0.7730 0.3087 -0.5543
vn 0.7806 0.2373 -0.5782
vn -0.3543 0.9063 -0.2303
vn -0.1300 0.9894 0.0654
vn -0.4527 0.8095 -0.3738
vn 0.5926 0.0975 0.7996
vn -0.0597 0.9867 0.1515
vn -0.0356 -0.9639 -0.2639
vn 0.5824 0.0942 0.8074
vn 0.3017 -0.9403 0.1577
vn -0.1516 -0.9066 -0.3938
vn 0.2780 -0.9523 0.1257
vn -0.6293 0.3405 -0.6986
vn -0.0331 0.9825 0.1833
vn 0.2124 -0.9764 0.0392
vn 0.5945 0.0866 0.7994
vn 0.5831 0.0903 0.8074
vn 0.0967 -0.9896 -0.1065
vn -0.4803 -0.5150 -0.7100
vn -0.2439 0.9664 -0.0804
vn -0.3531 -0.5496 0.7571
vn -0.7874 -0.1691 0.5928
vn -0.4763 -0.4917 0.7289
vn -0.3680 -0.2911 0.8831
vn -0.3876 -0.3402 0.8568
vn -0.4511 -0.4626 0.7632
vn -0.6787 -0.0232 0.7341
vn -0.7217 -0.0238 0.6918
vn -0.7789 -0.1168 0.6162
vn -0.2811 -0.3718 0.8847
vn -0.2625 -0.4262 0.8657
vn -0.3149 -0.5233 0.7918
vn -0.7052 -0.2403 0.6671
vn -0.6338 -0.1246 0.7634
vn -0.6010 -0.0869 0.7945
vn -0.7167 -0.2815 0.6381
vn 0.4975 0.4434 -0.7456
vn -0.8498 -0.2831 0.4447
vn -0.7425 -0.4388 0.5060
vn -0.5679 -0.5913 0.5726
vn -0.3964 -0.6792 0.6177
vn -0.7976 -0.1826 0.5749
vn -0.7115 -0.2833 0.6430
vn -0.4800 -0.4876 0.7293
vn -0.3590 -0.5708 0.7385
vn 0.6788 0.2844 -0.6770
vn 0.4729 0.4922 -0.7308
vn 0.3680 0.2932 -0.8824
vn 0.3860 0.3421 -0.8567
vn 0.4486 0.4633 -0.7643
vn 0.5549 0.1964 -0.8084
vn 0.6223 0.1683 -0.7645
vn 0.6826 0.2448 -0.6886
vn 0.4735 0.2676 -0.8391
vn 0.4278 0.3387 -0.8380
vn 0.4654 0.4352 -0.7707
vn 0.7064 0.2376 -0.6667
vn 0.6357 0.1235 -0.7620
vn 0.6028 0.0874 -0.7931
vn 0.7181 0.2777 -0.6381
vn 0.6611 0.3723 -0.6514
vn 0.6899 0.3776 -0.6176
vn 0.5580 0.4924 -0.6680
vn 0.5702 0.4505 -0.6870
vn 0.6619 0.3144 -0.6805
vn 0.7136 0.2815 -0.6415
vn 0.4779 0.4896 -0.7294
vn 0.5281 0.4331 -0.7304
vn -0.8046 0.3871 -0.4504
vn -0.6966 0.6790 -0.2318
vn -0.8150 0.2096 -0.5402
vn 0.3562 0.6872 0.6331
vn -0.6451 0.7470 -0.1604
vn 0.5638 -0.8236 0.0617
vn 0.3495 0.6815 0.6430
vn 0.7881 -0.4673 0.4006
vn 0.4468 -0.8925 -0.0614
vn 0.7787 -0.5008 0.3779
vn -0.6534 -0.3501 -0.6712
vn -0.6239 0.7701 -0.1332
vn 0.7470 -0.5861 0.3139
vn 0.3643 0.6802 0.6361
vn 0.3523 0.6790 0.6440
vn 0.6732 -0.7124 0.1982
vn -0.0252 -0.9007 -0.4337
vn -0.7632 0.5465 -0.3448
vn -0.1095 -0.6217 0.7756
vn -0.5835 -0.6980 0.4151
vn -0.2157 -0.6763 0.7044
vn -0.3449 -0.4612 0.8176
vn -0.3131 -0.5085 0.8021
vn -0.2329 -0.6378 0.7341
vn -0.6695 -0.5188 0.5316
vn -0.6803 -0.5518 0.4824
vn -0.6233 -0.6568 0.4244
vn -0.2354 -0.4492 0.8619
vn -0.1791 -0.4713 0.8636
vn -0.1168 -0.5754 0.8095
vn -0.5100 -0.6826 0.5234
vn -0.5817 -0.5518 0.5976
vn -0.5991 -0.5020 0.6238
vn -0.4779 -0.7187 0.5051
vn 0.2686 0.6601 -0.7015
vn -0.4887 -0.8213 0.2942
vn -0.3361 -0.8431 0.4197
vn -0.1461 -0.8121 0.5650
vn 0.0048 -0.7409 0.6716
vn -0.5739 -0.7147 0.3998
vn -0.4753 -0.7159 0.5114
vn -0.2211 -0.6763 0.7027
vn -0.0916 -0.6403 0.7627
vn 0.4666 0.6919 -0.5511
vn 0.2139 0.6740 -0.7071
vn 0.3430 0.4625 -0.8175
vn 0.3108 0.5086 -0.8030
vn 0.2313 0.6363 -0.7359
vn 0.4991 0.5396 -0.6780
vn 0.5445 0.5720 -0.6135
vn 0.5007 0.6684 -0.5499
vn 0.4104 0.5253 -0.7454
vn 0.3321 0.5379 -0.7748
vn 0.2636 0.6304 -0.7301
vn 0.5125 0.6818 -0.5220
vn 0.5831 0.5525 -0.5956
vn 0.5993 0.5037 -0.6222
vn 0.4814 0.7173 -0.5038
vn 0.3851 0.7368 -0.5557
vn 0.3868 0.7622 -0.5190
vn 0.2436 0.7385 -0.6287
vn 0.2873 0.7198 -0.6319
vn 0.4365 0.6989 -0.5665
vn 0.4772 0.7163 -0.5091
vn 0.2184 0.6760 -0.7038
vn 0.2892 0.6764 -0.6774
vn -0.6034 -0.3524 -0.7154
vn -0.8197 -0.0766 -0.5676
vn -0.4535 -0.4782 -0.7522
vn -0.4893 0.7266 0.4822
vn -0.8614 0.0075 -0.5079
vn 0.9004 -0.1200 0.4182
vn -0.4931 0.7178 0.4914
vn 0.6673 0.2866 0.6875
vn 0.9209 -0.2544 0.2953
vn 0.6931 0.2572 0.6734
vn 0.0845 -0.7275 -0.6809
vn -0.8742 0.0389 -0.4840
vn 0.7562 0.1765 0.6300
vn -0.4806 0.7280 0.4889
vn -0.4900 0.7184 0.4938
vn 0.8408 0.0368 0.5401
vn 0.7703 -0.6173 -0.1597
vn -0.7274 -0.2152 -0.6516
vn -0.1231 -0.4893 0.8634
vn -0.3284 -0.8438 0.4244
vn -0.1565 -0.5993 0.7851
vn -0.4000 -0.4710 0.7862
vn -0.3474 -0.4964 0.7955
vn -0.1990 -0.5722 0.7956
vn -0.5226 -0.7230 0.4517
vn -0.4973 -0.7625 0.4139
vn -0.3822 -0.8286 0.4091
vn -0.3347 -0.3986 0.8539
vn -0.2802 -0.3878 0.8781
vn -0.1629 -0.4499 0.8781
vn -0.3189 -0.7796 0.5391
vn -0.4636 -0.6973 0.5466
vn -0.5099 -0.6611 0.5504
vn -0.2699 -0.7955 0.5425
vn 0.2050 0.6135 -0.7626
vn -0.1498 -0.9133 0.3787
vn -0.0671 -0.8372 0.5427
vn 0.0147 -0.6946 0.7192
vn 0.0626 -0.5432 0.8373
vn -0.3072 -0.8548 0.4183
vn -0.2715 -0.7911 0.5481
vn -0.1601 -0.6023 0.7820
vn -0.0954 -0.4973 0.8623
vn 0.2908 0.7614 -0.5793
vn 0.1571 0.5961 -0.7874
vn 0.3979 0.4712 -0.7872
vn 0.3459 0.4951 -0.7970
vn 0.1991 0.5699 -0.7973
vn 0.4344 0.6344 -0.6394
vn 0.4311 0.6931 -0.5777
vn 0.3282 0.7596 -0.5616
vn 0.3960 0.5680 -0.7215
vn 0.3390 0.5344 -0.7742
vn 0.2254 0.5824 -0.7810
vn 0.3208 0.7803 -0.5369
vn 0.4637 0.6989 -0.5446
vn 0.5087 0.6629 -0.5494
vn 0.2729 0.7963 -0.5398
vn 0.2073 0.7565 -0.6203
vn 0.1829 0.7833 -0.5941
vn 0.1215 0.6756 -0.7272
vn 0.1662 0.6821 -0.7121
vn 0.2696 0.7499 -0.6041
vn 0.2719 0.7927 -0.5456
vn 0.1585 0.6005 -0.7837
vn 0.2049 0.6409 -0.7398
vn -0.0472 -0.6979 -0.7147
vn -0.4014 -0.5596 -0.7251
vn 0.1435 -0.7307 -0.6675
vn -0.9051 0.4177 0.0797
vn -0.4956 -0.5029 -0.7081
vn 0.6121 0.4174 0.6717
vn -0.9079 0.4094 0.0897
vn 0.1387 0.6722 0.7273
vn 0.7365 0.2996 0.6065
vn 0.1780 0.6591 0.7307
vn 0.6582 -0.6530 -0.3748
vn -0.5293 -0.4801 -0.6995
vn 0.2815 0.6185 0.7336
vn -0.9013 0.4243 0.0878
vn -0.9066 0.4118 0.0926
vn 0.4468 0.5335 0.7182
vn 0.9553 -0.1403 0.2601
vn -0.2327 -0.6387 -0.7334
vt 0.065912 0.726324
vt 0.066465 0.830826
vt 0.070055 0.825548
vt 0.071147 0.718628
vt 0.070239 0.814157
vt 0.071415 0.702015
vt 0.066833 0.808044
vt 0.066448 0.693100
vt 0.063244 0.813321
vt 0.061213 0.700797
vt 0.426570 0.508001
vt 0.426884 0.497061
vt 0.394369 0.797796
vt 0.392214 0.872835
vt 0.063060 0.824712
vt 0.060945 0.717409
vt 0.438509 0.508803
vt 0.432382 0.513872
vt 0.432084 0.913106
vt 0.474110 0.878338
vt 0.433010 0.491993
vt 0.438823 0.497864
vt 0.476265 0.803299
vt 0.436395 0.763028
vt 0.396202 0.893692
vt 0.432307 0.930161
vt 0.436211 0.794253
vt 0.398153 0.825738
vt 0.470365 0.898676
vt 0.472317 0.830721
vt 0.434273 0.879763
vt 0.205792 0.517569
vt 0.205524 0.537820
vt 0.224368 0.537835
vt 0.225525 0.517568
vt 0.165121 0.517568
vt 0.166279 0.537835
vt 0.185122 0.537820
vt 0.184854 0.517569
vt 0.195323 0.517568
vt 0.195323 0.537819
vt 0.192100 0.252098
vt 0.192100 0.301785
vt 0.203223 0.301758
vt 0.201342 0.252060
vt 0.195323 0.485790
vt 0.205308 0.485790
vt 0.164336 0.251909
vt 0.159069 0.301586
vt 0.180976 0.301758
vt 0.182857 0.252060
vt 0.166132 0.485794
vt 0.185338 0.485790
vt 0.225130 0.301586
vt 0.219863 0.251909
vt 0.224514 0.485794
vt 0.170714 0.566453
vt 0.183925 0.615622
vt 0.184011 0.566435
vt 0.195323 0.627200
vt 0.195250 0.566541
vt 0.206721 0.615622
vt 0.206490 0.566646
vt 0.219680 0.566919
vt 0.165459 0.519522
vt 0.161023 0.490903
vt 0.144828 0.350235
vt 0.146177 0.307874
vt 0.178669 0.568690
vt 0.152063 0.239018
vt 0.219112 0.490903
vt 0.214424 0.519988
vt 0.212856 0.189341
vt 0.218123 0.239018
vt 0.201466 0.568690
vt 0.224009 0.307874
vt 0.190067 0.580269
vt 0.157329 0.189341
vt 0.225357 0.350235
vt 0.059684 0.329733
vt 0.073487 0.579482
vt 0.086874 0.579482
vt 0.075251 0.329733
vt 0.095147 0.579482
vt 0.084872 0.329733
vt 0.084872 0.329734
vt 0.075251 0.329734
vt 0.059684 0.329734
vt 0.060101 0.579482
vt 0.044117 0.329734
vt 0.051828 0.579482
vt 0.034496 0.329734
vt 0.034496 0.329733
vt 0.052492 0.922186
vt 0.052492 0.922185
vt 0.044117 0.329733
vt 0.058631 0.922185
vt 0.058631 0.922186
vt 0.068564 0.922186
vt 0.078497 0.922186
vt 0.084636 0.922186
vt 0.068564 0.922185
vt 0.078497 0.922185
vt 0.084636 0.922185
vt 0.071367 0.587186
vt 0.067758 0.587186
vt 0.086653 0.587186
vt 0.083045 0.587186
vt 0.077206 0.587186
vt 0.042546 0.236783
vt 0.032512 0.236783
vt 0.035062 0.240440
vt 0.043359 0.240440
vt 0.058780 0.236783
vt 0.056785 0.240440
vt 0.075015 0.236783
vt 0.070210 0.240440
vt 0.085049 0.236783
vt 0.078508 0.240440
vt 0.058781 0.236782
vt 0.075015 0.236782
vt 0.085049 0.236782
vt 0.042546 0.236782
vt 0.032512 0.236782
vt 0.060061 0.259057
vt 0.052793 0.259057
vt 0.041033 0.259057
vt 0.064553 0.259057
vt 0.045525 0.259057
vt 0.052793 0.256564
vt 0.056827 0.256564
vt 0.059320 0.256564
vt 0.056827 0.256564
vt 0.048759 0.256564
vt 0.046266 0.256564
vt 0.048759 0.256564
vt 0.052793 0.256564
s 0
usemtl Material.001
f 20/1/1 1/2/1 2/3/1 21/4/1
f 21/4/2 2/3/2 3/5/2 22/6/2
f 22/6/3 3/5/3 4/7/3 23/8/3
f 23/8/4 4/7/4 5/9/4 24/10/4
f 6/11/5 5/12/5 11/13/5 12/14/5
f 24/10/6 5/9/6 6/15/6 25/16/6
f 25/16/7 6/15/7 1/2/7 20/1/7
f 2/17/8 1/18/8 7/19/8 8/20/8
f 4/21/9 3/22/9 9/23/9 10/24/9
f 1/18/10 6/11/10 12/14/10 7/19/10
f 5/12/11 4/21/11 10/24/11 11/13/11
f 3/22/12 2/17/12 8/20/12 9/23/12
f 7/19/13 12/14/13 18/25/13 13/26/13
f 11/13/14 10/24/14 16/27/14 17/28/14
f 9/23/15 8/20/15 14/29/15 15/30/15
f 12/14/16 11/13/16 17/28/16 18/25/16
f 10/24/17 9/23/17 15/30/17 16/27/17
f 8/20/18 7/19/18 13/26/18 14/29/18
f 18/25/19 17/28/19 19/31/19
f 16/27/20 15/30/20 19/31/20
f 14/29/21 13/26/21 19/31/21
f 13/26/22 18/25/22 19/31/22
f 17/28/23 16/27/23 19/31/23
f 15/30/24 14/29/24 19/31/24
f 45/32/25 58/33/25 29/34/25 39/35/25
f 34/36/26 28/37/26 57/38/26 42/39/26
f 50/40/27 56/41/27 58/33/27 45/32/27
f 46/42/28 48/43/28 43/44/28 31/45/28
f 48/43/29 49/46/29 44/47/29 43/44/29
f 49/46/30 50/40/30 45/32/30 44/47/30
f 26/48/31 36/49/31 40/50/31 30/51/31
f 36/49/32 35/52/32 41/53/32 40/50/32
f 35/52/33 34/36/33 42/39/33 41/53/33
f 31/45/34 43/44/34 37/54/34 27/55/34
f 43/44/35 44/47/35 38/56/35 37/54/35
f 44/47/36 45/32/36 39/35/36 38/56/36
f 41/53/37 42/39/37 50/40/37 49/46/37
f 40/50/38 41/53/38 49/46/38 48/43/38
f 30/51/39 40/50/39 48/43/39 46/42/39
f 42/39/40 57/38/40 56/41/40 50/40/40
f 78/32/41 72/35/41 62/34/41 91/33/41
f 52/57/42 33/58/42 51/59/42
f 51/59/43 33/58/43 47/60/43 55/61/43
f 55/61/44 47/60/44 32/62/44 54/63/44
f 54/63/45 32/62/45 53/64/45
f 28/37/46 52/57/46 51/59/46 57/38/46
f 57/38/47 51/59/47 55/61/47 56/41/47
f 56/41/48 55/61/48 54/63/48 58/33/48
f 58/33/49 54/63/49 53/64/49 29/34/49
f 67/36/50 75/39/50 90/38/50 61/37/50
f 83/40/51 78/32/51 91/33/51 89/41/51
f 79/42/52 64/45/52 76/44/52 81/43/52
f 81/43/53 76/44/53 77/47/53 82/46/53
f 82/46/54 77/47/54 78/32/54 83/40/54
f 59/48/55 63/51/55 73/50/55 69/49/55
f 69/49/56 73/50/56 74/53/56 68/52/56
f 68/52/57 74/53/57 75/39/57 67/36/57
f 64/45/58 60/55/58 70/54/58 76/44/58
f 76/44/59 70/54/59 71/56/59 77/47/59
f 77/47/60 71/56/60 72/35/60 78/32/60
f 74/53/61 82/46/61 83/40/61 75/39/61
f 73/50/62 81/43/62 82/46/62 74/53/62
f 63/51/63 79/42/63 81/43/63 73/50/63
f 75/39/64 83/40/64 89/41/64 90/38/64
f 85/57/65 84/59/65 66/58/65
f 84/59/66 88/61/66 80/60/66 66/58/66
f 88/61/67 87/63/67 65/62/67 80/60/67
f 87/63/68 86/64/68 65/62/68
f 61/37/69 90/38/69 84/59/69 85/57/69
f 90/38/70 89/41/70 88/61/70 84/59/70
f 89/41/71 91/33/71 87/63/71 88/61/71
f 91/33/72 62/34/72 86/64/72 87/63/72
f 52/65/73 28/66/73 61/66/73 85/65/73
f 34/67/74 35/68/74 68/68/74 67/67/74
f 33/69/75 52/65/75 85/65/75 66/69/75
f 26/48/76 30/51/76 63/51/76 59/48/76
f 35/68/77 36/70/77 69/70/77 68/68/77
f 29/71/78 53/72/78 86/72/78 62/71/78
f 46/42/79 31/45/79 64/45/79 79/42/79
f 27/73/80 37/74/80 70/74/80 60/73/80
f 53/72/81 32/75/81 65/75/81 86/72/81
f 37/74/82 38/76/82 71/76/82 70/74/82
f 47/77/83 33/69/83 66/69/83 80/77/83
f 36/70/84 26/78/84 59/78/84 69/70/84
f 38/76/85 39/79/85 72/79/85 71/76/85
f 31/45/86 27/55/86 60/55/86 64/45/86
f 30/51/87 46/42/87 79/42/87 63/51/87
f 39/79/88 29/71/88 62/71/88 72/79/88
f 32/75/89 47/77/89 80/77/89 65/75/89
f 28/66/90 34/67/90 67/67/90 61/66/90
f 111/32/91 124/33/91 95/34/91 105/35/91
f 100/36/92 94/37/92 123/38/92 108/39/92
f 116/40/93 122/41/93 124/33/93 111/32/93
f 112/42/94 114/43/94 109/44/94 97/45/94
f 114/43/95 115/46/95 110/47/95 109/44/95
f 115/46/96 116/40/96 111/32/96 110/47/96
f 92/48/97 102/49/97 106/50/97 96/51/97
f 102/49/98 101/52/98 107/53/98 106/50/98
f 101/52/99 100/36/99 108/39/99 107/53/99
f 97/45/100 109/44/100 103/54/100 93/55/100
f 109/44/101 110/47/101 104/56/101 103/54/101
f 110/47/102 111/32/102 105/35/102 104/56/102
f 107/53/103 108/39/103 116/40/103 115/46/103
f 106/50/104 107/53/104 115/46/104 114/43/104
f 96/51/105 106/50/105 114/43/105 112/42/105
f 108/39/106 123/38/106 122/41/106 116/40/106
f 144/32/107 138/35/107 128/34/107 157/33/107
f 118/57/108 99/58/108 117/59/108
f 117/59/109 99/58/109 113/60/109 121/61/109
f 121/61/110 113/60/110 98/62/110 120/63/110
f 120/63/111 98/62/111 119/64/111
f 94/37/112 118/57/112 117/59/112 123/38/112
f 123/38/113 117/59/113 121/61/113 122/41/113
f 122/41/114 121/61/114 120/63/114 124/33/114
f 124/33/115 120/63/115 119/64/115 95/34/115
f 133/36/116 141/39/116 156/38/116 127/37/116
f 149/40/117 144/32/117 157/33/117 155/41/117
f 145/42/118 130/45/118 142/44/118 147/43/118
f 147/43/119 142/44/119 143/47/119 148/46/119
f 148/46/120 143/47/120 144/32/120 149/40/120
f 125/48/121 129/51/121 139/50/121 135/49/121
f 135/49/122 139/50/122 140/53/122 134/52/122
f 134/52/123 140/53/123 141/39/123 133/36/123
f 130/45/124 126/55/124 136/54/124 142/44/124
f 142/44/125 136/54/125 137/56/125 143/47/125
f 143/47/126 137/56/126 138/35/126 144/32/126
f 140/53/127 148/46/127 149/40/127 141/39/127
f 139/50/128 147/43/128 148/46/128 140/53/128
f 129/51/129 145/42/129 147/43/129 139/50/129
f 141/39/130 149/40/130 155/41/130 156/38/130
f 151/57/131 150/59/131 132/58/131
f 150/59/132 154/61/132 146/60/132 132/58/132
f 154/61/133 153/63/133 131/62/133 146/60/133
f 153/63/134 152/64/134 131/62/134
f 127/37/135 156/38/135 150/59/135 151/57/135
f 156/38/136 155/41/136 154/61/136 150/59/136
f 155/41/137 157/33/137 153/63/137 154/61/137
f 157/33/138 128/34/138 152/64/138 153/63/138
f 118/65/139 94/66/139 127/66/139 151/65/139
f 100/67/140 101/68/140 134/68/140 133/67/140
f 99/69/141 118/65/141 151/65/141 132/69/141
f 92/48/142 96/51/142 129/51/142 125/48/142
f 101/68/143 102/70/143 135/70/143 134/68/143
f 95/71/144 119/72/144 152/72/144 128/71/144
f 112/42/145 97/45/145 130/45/145 145/42/145
f 93/73/146 103/74/146 136/74/146 126/73/146
f 119/72/147 98/75/147 131/75/147 152/72/147
f 103/74/148 104/76/148 137/76/148 136/74/148
f 113/77/149 99/69/149 132/69/149 146/77/149
f 102/70/150 92/78/150 125/78/150 135/70/150
f 104/76/151 105/79/151 138/79/151 137/76/151
f 97/45/152 93/55/152 126/55/152 130/45/152
f 96/51/153 112/42/153 145/42/153 129/51/153
f 105/79/154 95/71/154 128/71/154 138/79/154
f 98/75/155 113/77/155 146/77/155 131/75/155
f 94/66/156 100/67/156 133/67/156 127/66/156
f 177/32/157 190/33/157 161/34/157 171/35/157
f 166/36/158 160/37/158 189/38/158 174/39/158
f 182/40/159 188/41/159 190/33/159 177/32/159
f 178/42/160 180/43/160 175/44/160 163/45/160
f 180/43/161 181/46/161 176/47/161 175/44/161
f 181/46/162 182/40/162 177/32/162 176/47/162
f 158/48/163 168/49/163 172/50/163 162/51/163
f 168/49/164 167/52/164 173/53/164 172/50/164
f 167/52/165 166/36/165 174/39/165 173/53/165
f 163/45/166 175/44/166 169/54/166 159/55/166
f 175/44/167 176/47/167 170/56/167 169/54/167
f 176/47/168 177/32/168 171/35/168 170/56/168
f 173/53/169 174/39/169 182/40/169 181/46/169
f 172/50/170 173/53/170 181/46/170 180/43/170
f 162/51/171 172/50/171 180/43/171 178/42/171
f 174/39/172 189/38/172 188/41/172 182/40/172
f 210/32/173 204/35/173 194/34/173 223/33/173
f 184/57/174 165/58/174 183/59/174
f 183/59/175 165/58/175 179/60/175 187/61/175
f 187/61/176 179/60/176 164/62/176 186/63/176
f 186/63/177 164/62/177 185/64/177
f 160/37/178 184/57/178 183/59/178 189/38/178
f 189/38/179 183/59/179 187/61/179 188/41/179
f 188/41/180 187/61/180 186/63/180 190/33/180
f 190/33/181 186/63/181 185/64/181 161/34/181
f 199/36/182 207/39/182 222/38/182 193/37/182
f 215/40/183 210/32/183 223/33/183 221/41/183
f 211/42/184 196/45/184 208/44/184 213/43/184
f 213/43/185 208/44/185 209/47/185 214/46/185
f 214/46/186 209/47/186 210/32/186 215/40/186
f 191/48/187 195/51/187 205/50/187 201/49/187
f 201/49/188 205/50/188 206/53/188 200/52/188
f 200/52/189 206/53/189 207/39/189 199/36/189
f 196/45/190 192/55/190 202/54/190 208/44/190
f 208/44/191 202/54/191 203/56/191 209/47/191
f 209/47/192 203/56/192 204/35/192 210/32/192
f 206/53/193 214/46/193 215/40/193 207/39/193
f 205/50/194 213/43/194 214/46/194 206/53/194
f 195/51/195 211/42/195 213/43/195 205/50/195
f 207/39/196 215/40/196 221/41/196 222/38/196
f 217/57/197 216/59/197 198/58/197
f 216/59/198 220/61/198 212/60/198 198/58/198
f 220/61/199 219/63/199 197/62/199 212/60/199
f 219/63/200 218/64/200 197/62/200
f 193/37/201 222/38/201 216/59/201 217/57/201
f 222/38/202 221/41/202 220/61/202 216/59/202
f 221/41/203 223/33/203 219/63/203 220/61/203
f 223/33/204 194/34/204 218/64/204 219/63/204
f 184/65/205 160/66/205 193/66/205 217/65/205
f 166/67/206 167/68/206 200/68/206 199/67/206
f 165/69/207 184/65/207 217/65/207 198/69/207
f 158/48/208 162/51/208 195/51/208 191/48/208
f 167/68/209 168/70/209 201/70/209 200/68/209
f 161/71/210 185/72/210 218/72/210 194/71/210
f 178/42/211 163/45/211 196/45/211 211/42/211
f 159/73/212 169/74/212 202/74/212 192/73/212
f 185/72/213 164/75/213 197/75/213 218/72/213
f 169/74/214 170/76/214 203/76/214 202/74/214
f 179/77/215 165/69/215 198/69/215 212/77/215
f 168/70/216 158/78/216 191/78/216 201/70/216
f 170/76/217 171/79/217 204/79/217 203/76/217
f 163/45/218 159/55/218 192/55/218 196/45/218
f 162/51/219 178/42/219 211/42/219 195/51/219
f 171/79/220 161/71/220 194/71/220 204/79/220
f 164/75/221 179/77/221 212/77/221 197/75/221
f 160/66/222 166/67/222 199/67/222 193/66/222
f 243/32/223 256/33/223 227/34/223 237/35/223
f 232/36/224 226/37/224 255/38/224 240/39/224
f 248/40/225 254/41/225 256/33/225 243/32/225
f 244/42/226 246/43/226 241/44/226 229/45/226
f 246/43/227 247/46/227 242/47/227 241/44/227
f 247/46/228 248/40/228 243/32/228 242/47/228
f 224/48/229 234/49/229 238/50/229 228/51/229
f 234/49/230 233/52/230 239/53/230 238/50/230
f 233/52/231 232/36/231 240/39/231 239/53/231
f 229/45/232 241/44/232 235/54/232 225/55/232
f 241/44/233 242/47/233 236/56/233 235/54/233
f 242/47/234 243/32/234 237/35/234 236/56/234
f 239/53/235 240/39/235 248/40/235 247/46/235
f 238/50/236 239/53/236 247/46/236 246/43/236
f 228/51/237 238/50/237 246/43/237 244/42/237
f 240/39/238 255/38/238 254/41/238 248/40/238
f 276/32/239 270/35/239 260/34/239 289/33/239
f 250/57/240 231/58/240 249/59/240
f 249/59/241 231/58/241 245/60/241 253/61/241
f 253/61/242 245/60/242 230/62/242 252/63/242
f 252/63/243 230/62/243 251/64/243
f 226/37/244 250/57/244 249/59/244 255/38/244
f 255/38/245 249/59/245 253/61/245 254/41/245
f 254/41/246 253/61/246 252/63/246 256/33/246
f 256/33/247 252/63/247 251/64/247 227/34/247
f 265/36/248 273/39/248 288/38/248 259/37/248
f 281/40/249 276/32/249 289/33/249 287/41/249
f 277/42/250 262/45/250 274/44/250 279/43/250
f 279/43/251 274/44/251 275/47/251 280/46/251
f 280/46/252 275/47/252 276/32/252 281/40/252
f 257/48/253 261/51/253 271/50/253 267/49/253
f 267/49/254 271/50/254 272/53/254 266/52/254
f 266/52/255 272/53/255 273/39/255 265/36/255
f 262/45/256 258/55/256 268/54/256 274/44/256
f 274/44/257 268/54/257 269/56/257 275/47/257
f 275/47/258 269/56/258 270/35/258 276/32/258
f 272/53/259 280/46/259 281/40/259 273/39/259
f 271/50/260 279/43/260 280/46/260 272/53/260
f 261/51/261 277/42/261 279/43/261 271/50/261
f 273/39/262 281/40/262 287/41/262 288/38/262
f 283/57/263 282/59/263 264/58/263
f 282/59/264 286/61/264 278/60/264 264/58/264
f 286/61/265 285/63/265 263/62/265 278/60/265
f 285/63/266 284/64/266 263/62/266
f 259/37/267 288/38/267 282/59/267 283/57/267
f 288/38/268 287/41/268 286/61/268 282/59/268
f 287/41/269 289/33/269 285/63/269 286/61/269
f 289/33/270 260/34/270 284/64/270 285/63/270
f 250/65/271 226/66/271 259/66/271 283/65/271
f 232/67/272 233/68/272 266/68/272 265/67/272
f 231/69/273 250/65/273 283/65/273 264/69/273
f 224/48/274 228/51/274 261/51/274 257/48/274
f 233/68/275 234/70/275 267/70/275 266/68/275
f 227/71/276 251/72/276 284/72/276 260/71/276
f 244/42/277 229/45/277 262/45/277 277/42/277
f 225/73/278 235/74/278 268/74/278 258/73/278
f 251/72/279 230/75/279 263/75/279 284/72/279
f 235/74/280 236/76/280 269/76/280 268/74/280
f 245/77/281 231/69/281 264/69/281 278/77/281
f 234/70/282 224/78/282 257/78/282 267/70/282
f 236/76/283 237/79/283 270/79/283 269/76/283
f 229/45/284 225/55/284 258/55/284 262/45/284
f 228/51/285 244/42/285 277/42/285 261/51/285
f 237/79/286 227/71/286 260/71/286 270/79/286
f 230/75/287 245/77/287 278/77/287 263/75/287
f 226/66/288 232/67/288 265/67/288 259/66/288
f 309/32/289 322/33/289 293/34/289 303/35/289
f 298/36/290 292/37/290 321/38/290 306/39/290
f 314/40/291 320/41/291 322/33/291 309/32/291
f 310/42/292 312/43/292 307/44/292 295/45/292
f 312/43/293 313/46/293 308/47/293 307/44/293
f 313/46/294 314/40/294 309/32/294 308/47/294
f 290/48/295 300/49/295 304/50/295 294/51/295
f 300/49/296 299/52/296 305/53/296 304/50/296
f 299/52/297 298/36/297 306/39/297 305/53/297
f 295/45/298 307/44/298 301/54/298 291/55/298
f 307/44/299 308/47/299 302/56/299 301/54/299
f 308/47/300 309/32/300 303/35/300 302/56/300
f 305/53/301 306/39/301 314/40/301 313/46/301
f 304/50/302 305/53/302 313/46/302 312/43/302
f 294/51/303 304/50/303 312/43/303 310/42/303
f 306/39/304 321/38/304 320/41/304 314/40/304
f 342/32/305 336/35/305 326/34/305 355/33/305
f 316/57/306 297/58/306 315/59/306
f 315/59/307 297/58/307 311/60/307 319/61/307
f 319/61/308 311/60/308 296/62/308 318/63/308
f 318/63/309 296/62/309 317/64/309
f 292/37/310 316/57/310 315/59/310 321/38/310
f 321/38/311 315/59/311 319/61/311 320/41/311
f 320/41/312 319/61/312 318/63/312 322/33/312
f 322/33/313 318/63/313 317/64/313 293/34/313
f 331/36/314 339/39/314 354/38/314 325/37/314
f 347/40/315 342/32/315 355/33/315 353/41/315
f 343/42/316 328/45/316 340/44/316 345/43/316
f 345/43/317 340/44/317 341/47/317 346/46/317
f 346/46/318 341/47/318 342/32/318 347/40/318
f 323/48/319 327/51/319 337/50/319 333/49/319
f 333/49/320 337/50/320 338/53/320 332/52/320
f 332/52/321 338/53/321 339/39/321 331/36/321
f 328/45/322 324/55/322 334/54/322 340/44/322
f 340/44/323 334/54/323 335/56/323 341/47/323
f 341/47/324 335/56/324 336/35/324 342/32/324
f 338/53/325 346/46/325 347/40/325 339/39/325
f 337/50/326 345/43/326 346/46/326 338/53/326
f 327/51/327 343/42/327 345/43/327 337/50/327
f 339/39/328 347/40/328 353/41/328 354/38/328
f 349/57/329 348/59/329 330/58/329
f 348/59/330 352/61/330 344/60/330 330/58/330
f 352/61/331 351/63/331 329/62/331 344/60/331
f 351/63/332 350/64/332 329/62/332
f 325/37/333 354/38/333 348/59/333 349/57/333
f 354/38/334 353/41/334 352/61/334 348/59/334
f 353/41/335 355/33/335 351/63/335 352/61/335
f 355/33/336 326/34/336 350/64/336 351/63/336
f 316/65/337 292/66/337 325/66/337 349/65/337
f 298/67/338 299/68/338 332/68/338 331/67/338
f 297/69/339 316/65/339 349/65/339 330/69/339
f 290/48/340 294/51/340 327/51/340 323/48/340
f 299/68/341 300/70/341 333/70/341 332/68/341
f 293/71/342 317/72/342 350/72/342 326/71/342
f 310/42/343 295/45/343 328/45/343 343/42/343
f 291/73/344 301/74/344 334/74/344 324/73/344
f 317/72/345 296/75/345 329/75/345 350/72/345
f 301/74/346 302/76/346 335/76/346 334/74/346
f 311/77/347 297/69/347 330/69/347 344/77/347
f 300/70/348 290/78/348 323/78/348 333/70/348
f 302/76/349 303/79/349 336/79/349 335/76/349
f 295/45/350 291/55/350 324/55/350 328/45/350
f 294/51/351 310/42/351 343/42/351 327/51/351
f 303/79/352 293/71/352 326/71/352 336/79/352
f 296/75/353 311/77/353 344/77/353 329/75/353
f 292/66/354 298/67/354 331/67/354 325/66/354
f 375/32/355 388/33/355 359/34/355 369/35/355
f 364/36/356 358/37/356 387/38/356 372/39/356
f 380/40/357 386/41/357 388/33/357 375/32/357
f 376/42/358 378/43/358 373/44/358 361/45/358
f 378/43/359 379/46/359 374/47/359 373/44/359
f 379/46/360 380/40/360 375/32/360 374/47/360
f 356/48/361 366/49/361 370/50/361 360/51/361
f 366/49/362 365/52/362 371/53/362 370/50/362
f 365/52/363 364/36/363 372/39/363 371/53/363
f 361/45/364 373/44/364 367/54/364 357/55/364
f 373/44/365 374/47/365 368/56/365 367/54/365
f 374/47/366 375/32/366 369/35/366 368/56/366
f 371/53/367 372/39/367 380/40/367 379/46/367
f 370/50/368 371/53/368 379/46/368 378/43/368
f 360/51/369 370/50/369 378/43/369 376/42/369
f 372/39/370 387/38/370 386/41/370 380/40/370
f 408/32/371 402/35/371 392/34/371 421/33/371
f 382/57/372 363/58/372 381/59/372
f 381/59/373 363/58/373 377/60/373 385/61/373
f 385/61/374 377/60/374 362/62/374 384/63/374
f 384/63/375 362/62/375 383/64/375
f 358/37/376 382/57/376 381/59/376 387/38/376
f 387/38/377 381/59/377 385/61/377 386/41/377
f 386/41/378 385/61/378 384/63/378 388/33/378
f 388/33/379 384/63/379 383/64/379 359/34/379
f 397/36/380 405/39/380 420/38/380 391/37/380
f 413/40/381 408/32/381 421/33/381 419/41/381
f 409/42/382 394/45/382 406/44/382 411/43/382
f 411/43/383 406/44/383 407/47/383 412/46/383
f 412/46/384 407/47/384 408/32/384 413/40/384
f 389/48/385 393/51/385 403/50/385 399/49/385
f 399/49/386 403/50/386 404/53/386 398/52/386
f 398/52/387 404/53/387 405/39/387 397/36/387
f 394/45/388 390/55/388 400/54/388 406/44/388
f 406/44/389 400/54/389 401/56/389 407/47/389
f 407/47/390 401/56/390 402/35/390 408/32/390
f 404/53/391 412/46/391 413/40/391 405/39/391
f 403/50/392 411/43/392 412/46/392 404/53/392
f 393/51/393 409/42/393 411/43/393 403/50/393
f 405/39/394 413/40/394 419/41/394 420/38/394
f 415/57/395 414/59/395 396/58/395
f 414/59/396 418/61/396 410/60/396 396/58/396
f 418/61/397 417/63/397 395/62/397 410/60/397
f 417/63/398 416/64/398 395/62/398
f 391/37/399 420/38/399 414/59/399 415/57/399
f 420/38/400 419/41/400 418/61/400 414/59/400
f 419/41/401 421/33/401 417/63/401 418/61/401
f 421/33/402 392/34/402 416/64/402 417/63/402
f 382/65/403 358/66/403 391/66/403 415/65/403
f 364/67/404 365/68/404 398/68/404 397/67/404
f 363/69/405 382/65/405 415/65/405 396/69/405
f 356/48/406 360/51/406 393/51/406 389/48/406
f 365/68/407 366/70/407 399/70/407 398/68/407
f 359/71/408 383/72/408 416/72/408 392/71/408
f 376/42/409 361/45/409 394/45/409 409/42/409
f 357/73/410 367/74/410 400/74/410 390/73/410
f 383/72/411 362/75/411 395/75/411 416/72/411
f 367/74/412 368/76/412 401/76/412 400/74/412
f 377/77/413 363/69/413 396/69/413 410/77/413
f 366/70/414 356/78/414 389/78/414 399/70/414
f 368/76/415 369/79/415 402/79/415 401/76/415
f 361/45/416 357/55/416 390/55/416 394/45/416
f 360/51/417 376/42/417 409/42/417 393/51/417
f 369/79/418 359/71/418 392/71/418 402/79/418
f 362/75/419 377/77/419 410/77/419 395/75/419
f 358/66/420 364/67/420 397/67/420 391/66/420
f 441/32/421 454/33/421 425/34/421 435/35/421
f 430/36/422 424/37/422 453/38/422 438/39/422
f 446/40/423 452/41/423 454/33/423 441/32/423
f 442/42/424 444/43/424 439/44/424 427/45/424
f 444/43/425 445/46/425 440/47/425 439/44/425
f 445/46/426 446/40/426 441/32/426 440/47/426
f 422/48/427 432/49/427 436/50/427 426/51/427
f 432/49/428 431/52/428 437/53/428 436/50/428
f 431/52/429 430/36/429 438/39/429 437/53/429
f 427/45/430 439/44/430 433/54/430 423/55/430
f 439/44/431 440/47/431 434/56/431 433/54/431
f 440/47/432 441/32/432 435/35/432 434/56/432
f 437/53/433 438/39/433 446/40/433 445/46/433
f 436/50/434 437/53/434 445/46/434 444/43/434
f 426/51/435 436/50/435 444/43/435 442/42/435
f 438/39/436 453/38/436 452/41/436 446/40/436
f 474/32/437 468/35/437 458/34/437 487/33/437
f 448/57/438 429/58/438 447/59/438
f 447/59/439 429/58/439 443/60/439 451/61/439
f 451/61/440 443/60/440 428/62/440 450/63/440
f 450/63/441 428/62/441 449/64/441
f 424/37/442 448/57/442 447/59/442 453/38/442
f 453/38/443 447/59/443 451/61/443 452/41/443
f 452/41/444 451/61/444 450/63/444 454/33/444
f 454/33/445 450/63/445 449/64/445 425/34/445
f 463/36/446 471/39/446 486/38/446 457/37/446
f 479/40/447 474/32/447 487/33/447 485/41/447
f 475/42/448 460/45/448 472/44/448 477/43/448
f 477/43/449 472/44/449 473/47/449 478/46/449
f 478/46/450 473/47/450 474/32/450 479/40/450
f 455/48/451 459/51/451 469/50/451 465/49/451
f 465/49/452 469/50/452 470/53/452 464/52/452
f 464/52/453 470/53/453 471/39/453 463/36/453
f 460/45/454 456/55/454 466/54/454 472/44/454
f 472/44/455 466/54/455 467/56/455 473/47/455
f 473/47/456 467/56/456 468/35/456 474/32/456
f 470/53/457 478/46/457 479/40/457 471/39/457
f 469/50/458 477/43/458 478/46/458 470/53/458
f 459/51/459 475/42/459 477/43/459 469/50/459
f 471/39/460 479/40/460 485/41/460 486/38/460
f 481/57/461 480/59/461 462/58/461
f 480/59/462 484/61/462 476/60/462 462/58/462
f 484/61/463 483/63/463 461/62/463 476/60/463
f 483/63/464 482/64/464 461/62/464
f 457/37/465 486/38/465 480/59/465 481/57/465
f 486/38/466 485/41/466 484/61/466 480/59/466
f 485/41/467 487/33/467 483/63/467 484/61/467
f 487/33/468 458/34/468 482/64/468 483/63/468
f 448/65/469 424/66/469 457/66/469 481/65/469
f 430/67/470 431/68/470 464/68/470 463/67/470
f 429/69/471 448/65/471 481/65/471 462/69/471
f 422/48/472 426/51/472 459/51/472 455/48/472
f 431/68/473 432/70/473 465/70/473 464/68/473
f 425/71/474 449/72/474 482/72/474 458/71/474
f 442/42/475 427/45/475 460/45/475 475/42/475
f 423/73/476 433/74/476 466/74/476 456/73/476
f 449/72/477 428/75/477 461/75/477 482/72/477
f 433/74/478 434/76/478 467/76/478 466/74/478
f 443/77/479 429/69/479 462/69/479 476/77/479
f 432/70/480 422/78/480 455/78/480 465/70/480
f 434/76/481 435/79/481 468/79/481 467/76/481
f 427/45/482 423/55/482 456/55/482 460/45/482
f 426/51/483 442/42/483 475/42/483 459/51/483
f 435/79/484 425/71/484 458/71/484 468/79/484
f 428/75/485 443/77/485 476/77/485 461/75/485
f 424/66/486 430/67/486 463/67/486 457/66/486
f 569/80/487 489/81/487 491/82/487 570/83/487
f 570/83/488 491/82/488 493/84/488 571/85/488
f 571/85/489 493/84/489 495/84/489 572/86/489
f 572/86/490 495/84/490 497/82/490 573/87/490
f 573/87/491 497/82/491 499/81/491 574/88/491
f 574/88/492 499/81/492 501/89/492 575/90/492
f 575/90/493 501/89/493 503/91/493 576/92/493
f 576/92/494 503/91/494 505/91/494 577/93/494
f 505/91/495 503/91/495 515/94/495 516/95/495
f 577/93/496 505/91/496 507/89/496 578/96/496
f 578/96/497 507/89/497 489/81/497 569/80/497
f 507/89/498 505/91/498 516/95/498 517/97/498
f 503/91/499 501/89/499 514/98/499 515/94/499
f 501/89/500 499/81/500 513/99/500 514/98/500
f 499/81/501 497/82/501 512/100/501 513/99/501
f 497/82/502 495/84/502 511/101/502 512/100/502
f 491/82/503 489/81/503 508/102/503 509/103/503
f 495/84/504 493/84/504 510/104/504 511/101/504
f 493/84/505 491/82/505 509/103/505 510/104/505
f 489/81/506 507/89/506 517/97/506 508/102/506
f 515/94/507 514/98/507 524/105/507 525/106/507
f 512/100/508 511/101/508 521/107/508 522/108/508
f 509/103/509 508/102/509 518/109/509 519/108/509
f 516/95/510 515/94/510 525/106/510 526/106/510
f 513/99/511 512/100/511 522/108/511 523/109/511
f 510/104/512 509/103/512 519/108/512 520/107/512
f 517/97/513 516/95/513 526/106/513 527/105/513
f 514/98/514 513/99/514 523/109/514 524/105/514
f 511/101/515 510/104/515 520/107/515 521/107/515
f 508/102/516 517/97/516 527/105/516 518/109/516
f 500/110/517 502/111/517 535/112/517 534/113/517
f 498/114/518 500/110/518 534/113/518 533/115/518
f 496/116/519 498/114/519 533/115/519 532/117/519
f 494/118/520 496/116/520 532/117/520 531/119/520
f 488/120/521 490/121/521 529/117/521 528/115/521
f 492/122/522 494/118/522 531/119/522 530/119/522
f 490/121/523 492/122/523 530/119/523 529/117/523
f 506/123/524 488/120/524 528/115/524 537/113/524
f 504/124/525 506/123/525 537/113/525 536/112/525
f 502/111/526 504/124/526 536/112/526 535/112/526
f 528/115/527 529/117/527 539/125/527 538/126/527
f 535/112/528 536/112/528 546/127/528 545/127/528
f 532/117/529 533/115/529 543/126/529 542/125/529
f 529/117/530 530/119/530 540/128/530 539/125/530
f 536/112/531 537/113/531 547/129/531 546/127/531
f 533/115/532 534/113/532 544/129/532 543/126/532
f 530/119/533 531/119/533 541/128/533 540/128/533
f 537/113/534 528/115/534 538/126/534 547/129/534
f 534/113/535 535/112/535 545/127/535 544/129/535
f 531/119/536 532/117/536 542/125/536 541/128/536
f 542/125/537 543/126/537 553/130/537 552/131/537
f 539/125/538 540/128/538 550/132/538 549/133/538
f 546/127/539 547/129/539 557/134/539 556/135/539
f 543/126/540 544/129/540 554/136/540 553/130/540
f 540/128/541 541/128/541 551/132/541 550/132/541
f 547/129/542 538/126/542 548/137/542 557/134/542
f 544/129/543 545/127/543 555/135/543 554/136/543
f 541/128/544 542/125/544 552/131/544 551/132/544
f 538/126/545 539/125/545 549/133/545 548/137/545
f 545/127/546 546/127/546 556/135/546 555/135/546
f 521/107/547 520/107/547 560/107/547 561/107/547
f 524/105/548 523/109/548 563/109/548 564/105/548
f 527/105/549 526/106/549 566/106/549 567/105/549
f 520/107/550 519/108/550 559/108/550 560/107/550
f 548/137/551 549/133/551 552/131/551 553/130/551
f 553/130/551 554/136/551 557/134/551 548/137/551
f 549/133/551 550/132/551 551/132/551 552/131/551
f 554/136/551 555/135/551 556/135/551 557/134/551
f 518/109/552 527/105/552 567/105/552 558/109/552
f 525/106/553 524/105/553 564/105/553 565/106/553
f 522/108/554 521/107/554 561/107/554 562/108/554
f 519/108/555 518/109/555 558/109/555 559/108/555
f 526/106/556 525/106/556 565/106/556 566/106/556
f 523/109/557 522/108/557 562/108/557 563/109/557
f 562/108/558 561/107/558 568/108/558
f 566/106/559 565/106/559 568/106/559
f 561/107/560 560/107/560 568/107/560
f 563/109/561 562/108/561 568/109/561
f 567/105/562 566/106/562 568/105/562
f 560/107/563 559/108/563 568/107/563
f 564/105/564 563/109/564 568/105/564
f 558/109/565 567/105/565 568/109/565
f 559/108/566 558/109/566 568/108/566
f 565/106/567 564/105/567 568/106/567
f 506/123/497 578/96/497 569/80/497 488/120/497
f 504/124/496 577/93/496 578/96/496 506/123/496
f 502/111/494 576/92/494 577/93/494 504/124/494
f 500/110/493 575/90/493 576/92/493 502/111/493
f 498/114/492 574/88/492 575/90/492 500/110/492
f 496/116/491 573/87/491 574/88/491 498/114/491
f 494/118/490 572/86/490 573/87/490 496/116/490
f 492/122/489 571/85/489 572/86/489 494/118/489
f 490/121/488 570/83/488 571/85/488 492/122/488
f 488/120/487 569/80/487 570/83/487 490/121/487
f 598/1/568 579/2/568 580/3/568 599/4/568
f 599/4/569 580/3/569 581/5/569 600/6/569
f 600/6/570 581/5/570 582/7/570 601/8/570
f 601/8/571 582/7/571 583/9/571 602/10/571
f 584/11/572 583/12/572 589/13/572 590/14/572
f 602/10/573 583/9/573 584/15/573 603/16/573
f 603/16/574 584/15/574 579/2/574 598/1/574
f 580/17/575 579/18/575 585/19/575 586/20/575
f 582/21/576 581/22/576 587/23/576 588/24/576
f 579/18/577 584/11/577 590/14/577 585/19/577
f 583/12/578 582/21/578 588/24/578 589/13/578
f 581/22/579 580/17/579 586/20/579 587/23/579
f 585/19/580 590/14/580 596/25/580 591/26/580
f 589/13/581 588/24/581 594/27/581 595/28/581
f 587/23/582 586/20/582 592/29/582 593/30/582
f 590/14/583 589/13/583 595/28/583 596/25/583
f 588/24/584 587/23/584 593/30/584 594/27/584
f 586/20/585 585/19/585 591/26/585 592/29/585
f 596/25/586 595/28/586 597/31/586
f 594/27/587 593/30/587 597/31/587
f 592/29/588 591/26/588 597/31/588
f 591/26/589 596/25/589 597/31/589
f 595/28/590 594/27/590 597/31/590
f 593/30/591 592/29/591 597/31/591
f 623/32/592 636/33/592 607/34/592 617/35/592
f 612/36/593 606/37/593 635/38/593 620/39/593
f 628/40/594 634/41/594 636/33/594 623/32/594
f 624/42/595 626/43/595 621/44/595 609/45/595
f 626/43/596 627/46/596 622/47/596 621/44/596
f 627/46/597 628/40/597 623/32/597 622/47/597
f 604/48/598 614/49/598 618/50/598 608/51/598
f 614/49/599 613/52/599 619/53/599 618/50/599
f 613/52/600 612/36/600 620/39/600 619/53/600
f 609/45/601 621/44/601 615/54/601 605/55/601
f 621/44/602 622/47/602 616/56/602 615/54/602
f 622/47/603 623/32/603 617/35/603 616/56/603
f 619/53/604 620/39/604 628/40/604 627/46/604
f 618/50/605 619/53/605 627/46/605 626/43/605
f 608/51/606 618/50/606 626/43/606 624/42/606
f 620/39/607 635/38/607 634/41/607 628/40/607
f 656/32/608 650/35/608 640/34/608 669/33/608
f 630/57/609 611/58/609 629/59/609
f 629/59/610 611/58/610 625/60/610 633/61/610
f 633/61/611 625/60/611 610/62/611 632/63/611
f 632/63/612 610/62/612 631/64/612
f 606/37/613 630/57/613 629/59/613 635/38/613
f 635/38/614 629/59/614 633/61/614 634/41/614
f 634/41/615 633/61/615 632/63/615 636/33/615
f 636/33/616 632/63/616 631/64/616 607/34/616
f 645/36/617 653/39/617 668/38/617 639/37/617
f 661/40/618 656/32/618 669/33/618 667/41/618
f 657/42/619 642/45/619 654/44/619 659/43/619
f 659/43/620 654/44/620 655/47/620 660/46/620
f 660/46/621 655/47/621 656/32/621 661/40/621
f 637/48/622 641/51/622 651/50/622 647/49/622
f 647/49/623 651/50/623 652/53/623 646/52/623
f 646/52/624 652/53/624 653/39/624 645/36/624
f 642/45/625 638/55/625 648/54/625 654/44/625
f 654/44/626 648/54/626 649/56/626 655/47/626
f 655/47/627 649/56/627 650/35/627 656/32/627
f 652/53/628 660/46/628 661/40/628 653/39/628
f 651/50/629 659/43/629 660/46/629 652/53/629
f 641/51/630 657/42/630 659/43/630 651/50/630
f 653/39/631 661/40/631 667/41/631 668/38/631
f 663/57/632 662/59/632 644/58/632
f 662/59/633 666/61/633 658/60/633 644/58/633
f 666/61/634 665/63/634 643/62/634 658/60/634
f 665/63/635 664/64/635 643/62/635
f 639/37/636 668/38/636 662/59/636 663/57/636
f 668/38/637 667/41/637 666/61/637 662/59/637
f 667/41/638 669/33/638 665/63/638 666/61/638
f 669/33/639 640/34/639 664/64/639 665/63/639
f 630/65/640 606/66/640 639/66/640 663/65/640
f 612/67/641 613/68/641 646/68/641 645/67/641
f 611/69/642 630/65/642 663/65/642 644/69/642
f 604/48/643 608/51/643 641/51/643 637/48/643
f 613/68/644 614/70/644 647/70/644 646/68/644
f 607/71/645 631/72/645 664/72/645 640/71/645
f 624/42/646 609/45/646 642/45/646 657/42/646
f 605/73/647 615/74/647 648/74/647 638/73/647
f 631/72/648 610/75/648 643/75/648 664/72/648
f 615/74/649 616/76/649 649/76/649 648/74/649
f 625/77/650 611/69/650 644/69/650 658/77/650
f 614/70/651 604/78/651 637/78/651 647/70/651
f 616/76/652 617/79/652 650/79/652 649/76/652
f 609/45/653 605/55/653 638/55/653 642/45/653
f 608/51/654 624/42/654 657/42/654 641/51/654
f 617/79/655 607/71/655 640/71/655 650/79/655
f 610/75/656 625/77/656 658/77/656 643/75/656
f 606/66/657 612/67/657 645/67/657 639/66/657
f 689/32/658 702/33/658 673/34/658 683/35/658
f 678/36/659 672/37/659 701/38/659 686/39/659
f 694/40/660 700/41/660 702/33/660 689/32/660
f 690/42/661 692/43/661 687/44/661 675/45/661
f 692/43/662 693/46/662 688/47/662 687/44/662
f 693/46/663 694/40/663 689/32/663 688/47/663
f 670/48/664 680/49/664 684/50/664 674/51/664
f 680/49/665 679/52/665 685/53/665 684/50/665
f 679/52/666 678/36/666 686/39/666 685/53/666
f 675/45/667 687/44/667 681/54/667 671/55/667
f 687/44/668 688/47/668 682/56/668 681/54/668
f 688/47/669 689/32/669 683/35/669 682/56/669
f 685/53/670 686/39/670 694/40/670 693/46/670
f 684/50/671 685/53/671 693/46/671 692/43/671
f 674/51/672 684/50/672 692/43/672 690/42/672
f 686/39/673 701/38/673 700/41/673 694/40/673
f 722/32/674 716/35/674 706/34/674 735/33/674
f 696/57/675 677/58/675 695/59/675
f 695/59/676 677/58/676 691/60/676 699/61/676
f 699/61/677 691/60/677 676/62/677 698/63/677
f 698/63/678 676/62/678 697/64/678
f 672/37/679 696/57/679 695/59/679 701/38/679
f 701/38/680 695/59/680 699/61/680 700/41/680
f 700/41/681 699/61/681 698/63/681 702/33/681
f 702/33/682 698/63/682 697/64/682 673/34/682
f 711/36/683 719/39/683 734/38/683 705/37/683
f 727/40/684 722/32/684 735/33/684 733/41/684
f 723/42/685 708/45/685 720/44/685 725/43/685
f 725/43/686 720/44/686 721/47/686 726/46/686
f 726/46/687 721/47/687 722/32/687 727/40/687
f 703/48/688 707/51/688 717/50/688 713/49/688
f 713/49/689 717/50/689 718/53/689 712/52/689
f 712/52/690 718/53/690 719/39/690 711/36/690
f 708/45/691 704/55/691 714/54/691 720/44/691
f 720/44/692 714/54/692 715/56/692 721/47/692
f 721/47/693 715/56/693 716/35/693 722/32/693
f 718/53/694 726/46/694 727/40/694 719/39/694
f 717/50/695 725/43/695 726/46/695 718/53/695
f 707/51/696 723/42/696 725/43/696 717/50/696
f 719/39/697 727/40/697 733/41/697 734/38/697
f 729/57/698 728/59/698 710/58/698
f 728/59/699 732/61/699 724/60/699 710/58/699
f 732/61/700 731/63/700 709/62/700 724/60/700
f 731/63/701 730/64/701 709/62/701
f 705/37/702 734/38/702 728/59/702 729/57/702
f 734/38/703 733/41/703 732/61/703 728/59/703
f 733/41/704 735/33/704 731/63/704 732/61/704
f 735/33/705 706/34/705 730/64/705 731/63/705
f 696/65/706 672/66/706 705/66/706 729/65/706
f 678/67/707 679/68/707 712/68/707 711/67/707
f 677/69/708 696/65/708 729/65/708 710/69/708
f 670/48/709 674/51/709 707/51/709 703/48/709
f 679/68/710 680/70/710 713/70/710 712/68/710
f 673/71/711 697/72/711 730/72/711 706/71/711
f 690/42/712 675/45/712 708/45/712 723/42/712
f 671/73/713 681/74/713 714/74/713 704/73/713
f 697/72/714 676/75/714 709/75/714 730/72/714
f 681/74/715 682/76/715 715/76/715 714/74/715
f 691/77/716 677/69/716 710/69/716 724/77/716
f 680/70/717 670/78/717 703/78/717 713/70/717
f 682/76/718 683/79/718 716/79/718 715/76/718
f 675/45/719 671/55/719 704/55/719 708/45/719
f 674/51/720 690/42/720 723/42/720 707/51/720
f 683/79/721 673/71/721 706/71/721 716/79/721
f 676/75/722 691/77/722 724/77/722 709/75/722
f 672/66/723 678/67/723 711/67/723 705/66/723
f 755/32/724 768/33/724 739/34/724 749/35/724
f 744/36/725 738/37/725 767/38/725 752/39/725
f 760/40/726 766/41/726 768/33/726 755/32/726
f 756/42/727 758/43/727 753/44/727 741/45/727
f 758/43/728 759/46/728 754/47/728 753/44/728
f 759/46/729 760/40/729 755/32/729 754/47/729
f 736/48/730 746/49/730 750/50/730 740/51/730
f 746/49/731 745/52/731 751/53/731 750/50/731
f 745/52/732 744/36/732 752/39/732 751/53/732
f 741/45/733 753/44/733 747/54/733 737/55/733
f 753/44/734 754/47/734 748/56/734 747/54/734
f 754/47/735 755/32/735 749/35/735 748/56/735
f 751/53/736 752/39/736 760/40/736 759/46/736
f 750/50/737 751/53/737 759/46/737 758/43/737
f 740/51/738 750/50/738 758/43/738 756/42/738
f 752/39/739 767/38/739 766/41/739 760/40/739
f 788/32/740 782/35/740 772/34/740 801/33/740
f 762/57/741 743/58/741 761/59/741
f 761/59/742 743/58/742 757/60/742 765/61/742
f 765/61/743 757/60/743 742/62/743 764/63/743
f 764/63/744 742/62/744 763/64/744
f 738/37/745 762/57/745 761/59/745 767/38/745
f 767/38/746 761/59/746 765/61/746 766/41/746
f 766/41/747 765/61/747 764/63/747 768/33/747
f 768/33/748 764/63/748 763/64/748 739/34/748
f 777/36/749 785/39/749 800/38/749 771/37/749
f 793/40/750 788/32/750 801/33/750 799/41/750
f 789/42/751 774/45/751 786/44/751 791/43/751
f 791/43/752 786/44/752 787/47/752 792/46/752
f 792/46/753 787/47/753 788/32/753 793/40/753
f 769/48/754 773/51/754 783/50/754 779/49/754
f 779/49/755 783/50/755 784/53/755 778/52/755
f 778/52/756 784/53/756 785/39/756 777/36/756
f 774/45/757 770/55/757 780/54/757 786/44/757
f 786/44/758 780/54/758 781/56/758 787/47/758
f 787/47/759 781/56/759 782/35/759 788/32/759
f 784/53/760 792/46/760 793/40/760 785/39/760
f 783/50/761 791/43/761 792/46/761 784/53/761
f 773/51/762 789/42/762 791/43/762 783/50/762
f 785/39/763 793/40/763 799/41/763 800/38/763
f 795/57/764 794/59/764 776/58/764
f 794/59/765 798/61/765 790/60/765 776/58/765
f 798/61/766 797/63/766 775/62/766 790/60/766
f 797/63/767 796/64/767 775/62/767
f 771/37/768 800/38/768 794/59/768 795/57/768
f 800/38/769 799/41/769 798/61/769 794/59/769
f 799/41/770 801/33/770 797/63/770 798/61/770
f 801/33/771 772/34/771 796/64/771 797/63/771
f 762/65/772 738/66/772 771/66/772 795/65/772
f 744/67/773 745/68/773 778/68/773 777/67/773
f 743/69/774 762/65/774 795/65/774 776/69/774
f 736/48/775 740/51/775 773/51/775 769/48/775
f 745/68/776 746/70/776 779/70/776 778/68/776
f 739/71/777 763/72/777 796/72/777 772/71/777
f 756/42/778 741/45/778 774/45/778 789/42/778
f 737/73/779 747/74/779 780/74/779 770/73/779
f 763/72/780 742/75/780 775/75/780 796/72/780
f 747/74/781 748/76/781 781/76/781 780/74/781
f 757/77/782 743/69/782 776/69/782 790/77/782
f 746/70/783 736/78/783 769/78/783 779/70/783
f 748/76/784 749/79/784 782/79/784 781/76/784
f 741/45/785 737/55/785 770/55/785 774/45/785
f 740/51/786 756/42/786 789/42/786 773/51/786
f 749/79/787 739/71/787 772/71/787 782/79/787
f 742/75/788 757/77/788 790/77/788 775/75/788
f 738/66/789 744/67/789 777/67/789 771/66/789
f 821/32/790 834/33/790 805/34/790 815/35/790
f 810/36/791 804/37/791 833/38/791 818/39/791
f 826/40/792 832/41/792 834/33/792 821/32/792
f 822/42/793 824/43/793 819/44/793 807/45/793
f 824/43/794 825/46/794 820/47/794 819/44/794
f 825/46/795 826/40/795 821/32/795 820/47/795
f 802/48/796 812/49/796 816/50/796 806/51/796
f 812/49/797 811/52/797 817/53/797 816/50/797
f 811/52/798 810/36/798 818/39/798 817/53/798
f 807/45/799 819/44/799 813/54/799 803/55/799
f 819/44/800 820/47/800 814/56/800 813/54/800
f 820/47/801 821/32/801 815/35/801 814/56/801
f 817/53/802 818/39/802 826/40/802 825/46/802
f 816/50/803 817/53/803 825/46/803 824/43/803
f 806/51/804 816/50/804 824/43/804 822/42/804
f 818/39/805 833/38/805 832/41/805 826/40/805
f 854/32/806 848/35/806 838/34/806 867/33/806
f 828/57/807 809/58/807 827/59/807
f 827/59/808 809/58/808 823/60/808 831/61/808
f 831/61/809 823/60/809 808/62/809 830/63/809
f 830/63/810 808/62/810 829/64/810
f 804/37/811 828/57/811 827/59/811 833/38/811
f 833/38/812 827/59/812 831/61/812 832/41/812
f 832/41/813 831/61/813 830/63/813 834/33/813
f 834/33/814 830/63/814 829/64/814 805/34/814
f 843/36/815 851/39/815 866/38/815 837/37/815
f 859/40/816 854/32/816 867/33/816 865/41/816
f 855/42/817 840/45/817 852/44/817 857/43/817
f 857/43/818 852/44/818 853/47/818 858/46/818
f 858/46/819 853/47/819 854/32/819 859/40/819
f 835/48/820 839/51/820 849/50/820 845/49/820
f 845/49/821 849/50/821 850/53/821 844/52/821
f 844/52/822 850/53/822 851/39/822 843/36/822
f 840/45/823 836/55/823 846/54/823 852/44/823
f 852/44/824 846/54/824 847/56/824 853/47/824
f 853/47/825 847/56/825 848/35/825 854/32/825
f 850/53/826 858/46/826 859/40/826 851/39/826
f 849/50/827 857/43/827 858/46/827 850/53/827
f 839/51/828 855/42/828 857/43/828 849/50/828
f 851/39/829 859/40/829 865/41/829 866/38/829
f 861/57/830 860/59/830 842/58/830
f 860/59/831 864/61/831 856/60/831 842/58/831
f 864/61/832 863/63/832 841/62/832 856/60/832
f 863/63/833 862/64/833 841/62/833
f 837/37/834 866/38/834 860/59/834 861/57/834
f 866/38/835 865/41/835 864/61/835 860/59/835
f 865/41/836 867/33/836 863/63/836 864/61/836
f 867/33/837 838/34/837 862/64/837 863/63/837
f 828/65/838 804/66/838 837/66/838 861/65/838
f 810/67/839 811/68/839 844/68/839 843/67/839
f 809/69/840 828/65/840 861/65/840 842/69/840
f 802/48/841 806/51/841 839/51/841 835/48/841
f 811/68/842 812/70/842 845/70/842 844/68/842
f 805/71/843 829/72/843 862/72/843 838/71/843
f 822/42/844 807/45/844 840/45/844 855/42/844
f 803/73/845 813/74/845 846/74/845 836/73/845
f 829/72/846 808/75/846 841/75/846 862/72/846
f 813/74/847 814/76/847 847/76/847 846/74/847
f 823/77/848 809/69/848 842/69/848 856/77/848
f 812/70/849 802/78/849 835/78/849 845/70/849
f 814/76/850 815/79/850 848/79/850 847/76/850
f 807/45/851 803/55/851 836/55/851 840/45/851
f 806/51/852 822/42/852 855/42/852 839/51/852
f 815/79/853 805/71/853 838/71/853 848/79/853
f 808/75/854 823/77/854 856/77/854 841/75/854
f 804/66/855 810/67/855 843/67/855 837/66/855
f 887/32/856 900/33/856 871/34/856 881/35/856
f 876/36/857 870/37/857 899/38/857 884/39/857
f 892/40/858 898/41/858 900/33/858 887/32/858
f 888/42/859 890/43/859 885/44/859 873/45/859
f 890/43/860 891/46/860 886/47/860 885/44/860
f 891/46/861 892/40/861 887/32/861 886/47/861
f 868/48/862 878/49/862 882/50/862 872/51/862
f 878/49/863 877/52/863 883/53/863 882/50/863
f 877/52/864 876/36/864 884/39/864 883/53/864
f 873/45/865 885/44/865 879/54/865 869/55/865
f 885/44/866 886/47/866 880/56/866 879/54/866
f 886/47/867 887/32/867 881/35/867 880/56/867
f 883/53/868 884/39/868 892/40/868 891/46/868
f 882/50/869 883/53/869 891/46/869 890/43/869
f 872/51/870 882/50/870 890/43/870 888/42/870
f 884/39/871 899/38/871 898/41/871 892/40/871
f 920/32/872 914/35/872 904/34/872 933/33/872
f 894/57/873 875/58/873 893/59/873
f 893/59/874 875/58/874 889/60/874 897/61/874
f 897/61/875 889/60/875 874/62/875 896/63/875
f 896/63/876 874/62/876 895/64/876
f 870/37/877 894/57/877 893/59/877 899/38/877
f 899/38/878 893/59/878 897/61/878 898/41/878
f 898/41/879 897/61/879 896/63/879 900/33/879
f 900/33/880 896/63/880 895/64/880 871/34/880
f 909/36/881 917/39/881 932/38/881 903/37/881
f 925/40/882 920/32/882 933/33/882 931/41/882
f 921/42/883 906/45/883 918/44/883 923/43/883
f 923/43/884 918/44/884 919/47/884 924/46/884
f 924/46/885 919/47/885 920/32/885 925/40/885
f 901/48/886 905/51/886 915/50/886 911/49/886
f 911/49/887 915/50/887 916/53/887 910/52/887
f 910/52/888 916/53/888 917/39/888 909/36/888
f 906/45/889 902/55/889 912/54/889 918/44/889
f 918/44/890 912/54/890 913/56/890 919/47/890
f 919/47/891 913/56/891 914/35/891 920/32/891
f 916/53/892 924/46/892 925/40/892 917/39/892
f 915/50/893 923/43/893 924/46/893 916/53/893
f 905/51/894 921/42/894 923/43/894 915/50/894
f 917/39/895 925/40/895 931/41/895 932/38/895
f 927/57/896 926/59/896 908/58/896
f 926/59/897 930/61/897 922/60/897 908/58/897
f 930/61/898 929/63/898 907/62/898 922/60/898
f 929/63/899 928/64/899 907/62/899
f 903/37/900 932/38/900 926/59/900 927/57/900
f 932/38/901 931/41/901 930/61/901 926/59/901
f 931/41/902 933/33/902 929/63/902 930/61/902
f 933/33/903 904/34/903 928/64/903 929/63/903
f 894/65/904 870/66/904 903/66/904 927/65/904
f 876/67/905 877/68/905 910/68/905 909/67/905
f 875/69/906 894/65/906 927/65/906 908/69/906
f 868/48/907 872/51/907 905/51/907 901/48/907
f 877/68/908 878/70/908 911/70/908 910/68/908
f 871/71/909 895/72/909 928/72/909 904/71/909
f 888/42/910 873/45/910 906/45/910 921/42/910
f 869/73/911 879/74/911 912/74/911 902/73/911
f 895/72/912 874/75/912 907/75/912 928/72/912
f 879/74/913 880/76/913 913/76/913 912/74/913
f 889/77/914 875/69/914 908/69/914 922/77/914
f 878/70/915 868/78/915 901/78/915 911/70/915
f 880/76/916 881/79/916 914/79/916 913/76/916
f 873/45/917 869/55/917 902/55/917 906/45/917
f 872/51/918 888/42/918 921/42/918 905/51/918
f 881/79/919 871/71/919 904/71/919 914/79/919
f 874/75/920 889/77/920 922/77/920 907/75/920
f 870/66/921 876/67/921 909/67/921 903/66/921
f 953/32/922 966/33/922 937/34/922 947/35/922
f 942/36/923 936/37/923 965/38/923 950/39/923
f 958/40/924 964/41/924 966/33/924 953/32/924
f 954/42/925 956/43/925 951/44/925 939/45/925
f 956/43/926 957/46/926 952/47/926 951/44/926
f 957/46/927 958/40/927 953/32/927 952/47/927
f 934/48/928 944/49/928 948/50/928 938/51/928
f 944/49/929 943/52/929 949/53/929 948/50/929
f 943/52/930 942/36/930 950/39/930 949/53/930
f 939/45/931 951/44/931 945/54/931 935/55/931
f 951/44/932 952/47/932 946/56/932 945/54/932
f 952/47/933 953/32/933 947/35/933 946/56/933
f 949/53/934 950/39/934 958/40/934 957/46/934
f 948/50/935 949/53/935 957/46/935 956/43/935
f 938/51/936 948/50/936 956/43/936 954/42/936
f 950/39/937 965/38/937 964/41/937 958/40/937
f 986/32/938 980/35/938 970/34/938 999/33/938
f 960/57/939 941/58/939 959/59/939
f 959/59/940 941/58/940 955/60/940 963/61/940
f 963/61/941 955/60/941 940/62/941 962/63/941
f 962/63/942 940/62/942 961/64/942
f 936/37/943 960/57/943 959/59/943 965/38/943
f 965/38/944 959/59/944 963/61/944 964/41/944
f 964/41/945 963/61/945 962/63/945 966/33/945
f 966/33/946 962/63/946 961/64/946 937/34/946
f 975/36/947 983/39/947 998/38/947 969/37/947
f 991/40/948 986/32/948 999/33/948 997/41/948
f 987/42/949 972/45/949 984/44/949 989/43/949
f 989/43/950 984/44/950 985/47/950 990/46/950
f 990/46/951 985/47/951 986/32/951 991/40/951
f 967/48/952 971/51/952 981/50/952 977/49/952
f 977/49/953 981/50/953 982/53/953 976/52/953
f 976/52/954 982/53/954 983/39/954 975/36/954
f 972/45/955 968/55/955 978/54/955 984/44/955
f 984/44/956 978/54/956 979/56/956 985/47/956
f 985/47/957 979/56/957 980/35/957 986/32/957
f 982/53/958 990/46/958 991/40/958 983/39/958
f 981/50/959 989/43/959 990/46/959 982/53/959
f 971/51/960 987/42/960 989/43/960 981/50/960
f 983/39/961 991/40/961 997/41/961 998/38/961
f 993/57/962 992/59/962 974/58/962
f 992/59/963 996/61/963 988/60/963 974/58/963
f 996/61/964 995/63/964 973/62/964 988/60/964
f 995/63/965 994/64/965 973/62/965
f 969/37/966 998/38/966 992/59/966 993/57/966
f 998/38/967 997/41/967 996/61/967 992/59/967
f 997/41/968 999/33/968 995/63/968 996/61/968
f 999/33/969 970/34/969 994/64/969 995/63/969
f 960/65/970 936/66/970 969/66/970 993/65/970
f 942/67/971 943/68/971 976/68/971 975/67/971
f 941/69/972 960/65/972 993/65/972 974/69/972
f 934/48/973 938/51/973 971/51/973 967/48/973
f 943/68/974 944/70/974 977/70/974 976/68/974
f 937/71/975 961/72/975 994/72/975 970/71/975
f 954/42/976 939/45/976 972/45/976 987/42/976
f 935/73/977 945/74/977 978/74/977 968/73/977
f 961/72/978 940/75/978 973/75/978 994/72/978
f 945/74/979 946/76/979 979/76/979 978/74/979
f 955/77/980 941/69/980 974/69/980 988/77/980
f 944/70/981 934/78/981 967/78/981 977/70/981
f 946/76/982 947/79/982 980/79/982 979/76/982
f 939/45/983 935/55/983 968/55/983 972/45/983
f 938/51/984 954/42/984 987/42/984 971/51/984
f 947/79/985 937/71/985 970/71/985 980/79/985
f 940/75/986 955/77/986 988/77/986 973/75/986
f 936/66/987 942/67/987 975/67/987 969/66/987
f 1019/32/988 1032/33/988 1003/34/988 1013/35/988
f 1008/36/989 1002/37/989 1031/38/989 1016/39/989
f 1024/40/990 1030/41/990 1032/33/990 1019/32/990
f 1020/42/991 1022/43/991 1017/44/991 1005/45/991
f 1022/43/992 1023/46/992 1018/47/992 1017/44/992
f 1023/46/993 1024/40/993 1019/32/993 1018/47/993
f 1000/48/994 1010/49/994 1014/50/994 1004/51/994
f 1010/49/995 1009/52/995 1015/53/995 1014/50/995
f 1009/52/996 1008/36/996 1016/39/996 1015/53/996
f 1005/45/997 1017/44/997 1011/54/997 1001/55/997
f 1017/44/998 1018/47/998 1012/56/998 1011/54/998
f 1018/47/999 1019/32/999 1013/35/999 1012/56/999
f 1015/53/1000 1016/39/1000 1024/40/1000 1023/46/1000
f 1014/50/1001 1015/53/1001 1023/46/1001 1022/43/1001
f 1004/51/1002 1014/50/1002 1022/43/1002 1020/42/1002
f 1016/39/1003 1031/38/1003 1030/41/1003 1024/40/1003
f 1052/32/1004 1046/35/1004 1036/34/1004 1065/33/1004
f 1026/57/1005 1007/58/1005 1025/59/1005
f 1025/59/1006 1007/58/1006 1021/60/1006 1029/61/1006
f 1029/61/1007 1021/60/1007 1006/62/1007 1028/63/1007
f 1028/63/1008 1006/62/1008 1027/64/1008
f 1002/37/1009 1026/57/1009 1025/59/1009 1031/38/1009
f 1031/38/1010 1025/59/1010 1029/61/1010 1030/41/1010
f 1030/41/1011 1029/61/1011 1028/63/1011 1032/33/1011
f 1032/33/1012 1028/63/1012 1027/64/1012 1003/34/1012
f 1041/36/1013 1049/39/1013 1064/38/1013 1035/37/1013
f 1057/40/1014 1052/32/1014 1065/33/1014 1063/41/1014
f 1053/42/1015 1038/45/1015 1050/44/1015 1055/43/1015
f 1055/43/1016 1050/44/1016 1051/47/1016 1056/46/1016
f 1056/46/1017 1051/47/1017 1052/32/1017 1057/40/1017
f 1033/48/1018 1037/51/1018 1047/50/1018 1043/49/1018
f 1043/49/1019 1047/50/1019 1048/53/1019 1042/52/1019
f 1042/52/1020 1048/53/1020 1049/39/1020 1041/36/1020
f 1038/45/1021 1034/55/1021 1044/54/1021 1050/44/1021
f 1050/44/1022 1044/54/1022 1045/56/1022 1051/47/1022
f 1051/47/1023 1045/56/1023 1046/35/1023 1052/32/1023
f 1048/53/1024 1056/46/1024 1057/40/1024 1049/39/1024
f 1047/50/1025 1055/43/1025 1056/46/1025 1048/53/1025
f 1037/51/1026 1053/42/1026 1055/43/1026 1047/50/1026
f 1049/39/1027 1057/40/1027 1063/41/1027 1064/38/1027
f 1059/57/1028 1058/59/1028 1040/58/1028
f 1058/59/1029 1062/61/1029 1054/60/1029 1040/58/1029
f 1062/61/1030 1061/63/1030 1039/62/1030 1054/60/1030
f 1061/63/1031 1060/64/1031 1039/62/1031
f 1035/37/1032 1064/38/1032 1058/59/1032 1059/57/1032
f 1064/38/1033 1063/41/1033 1062/61/1033 1058/59/1033
f 1063/41/1034 1065/33/1034 1061/63/1034 1062/61/1034
f 1065/33/1035 1036/34/1035 1060/64/1035 1061/63/1035
f 1026/65/1036 1002/66/1036 1035/66/1036 1059/65/1036
f 1008/67/1037 1009/68/1037 1042/68/1037 1041/67/1037
f 1007/69/1038 1026/65/1038 1059/65/1038 1040/69/1038
f 1000/48/1039 1004/51/1039 1037/51/1039 1033/48/1039
f 1009/68/1040 1010/70/1040 1043/70/1040 1042/68/1040
f 1003/71/1041 1027/72/1041 1060/72/1041 1036/71/1041
f 1020/42/1042 1005/45/1042 1038/45/1042 1053/42/1042
f 1001/73/1043 1011/74/1043 1044/74/1043 1034/73/1043
f 1027/72/1044 1006/75/1044 1039/75/1044 1060/72/1044
f 1011/74/1045 1012/76/1045 1045/76/1045 1044/74/1045
f 1021/77/1046 1007/69/1046 1040/69/1046 1054/77/1046
f 1010/70/1047 1000/78/1047 1033/78/1047 1043/70/1047
f 1012/76/1048 1013/79/1048 1046/79/1048 1045/76/1048
f 1005/45/1049 1001/55/1049 1034/55/1049 1038/45/1049
f 1004/51/1050 1020/42/1050 1053/42/1050 1037/51/1050
f 1013/79/1051 1003/71/1051 1036/71/1051 1046/79/1051
f 1006/75/1052 1021/77/1052 1054/77/1052 1039/75/1052
f 1002/66/1053 1008/67/1053 1041/67/1053 1035/66/1053
f 1085/1/1054 1066/2/1054 1067/3/1054 1086/4/1054
f 1086/4/1055 1067/3/1055 1068/5/1055 1087/6/1055
f 1087/6/1056 1068/5/1056 1069/7/1056 1088/8/1056
f 1088/8/1057 1069/7/1057 1070/9/1057 1089/10/1057
f 1071/11/1058 1070/12/1058 1076/13/1058 1077/14/1058
f 1089/10/1059 1070/9/1059 1071/15/1059 1090/16/1059
f 1090/16/1060 1071/15/1060 1066/2/1060 1085/1/1060
f 1067/17/1061 1066/18/1061 1072/19/1061 1073/20/1061
f 1069/21/1062 1068/22/1062 1074/23/1062 1075/24/1062
f 1066/18/1063 1071/11/1063 1077/14/1063 1072/19/1063
f 1070/12/1064 1069/21/1064 1075/24/1064 1076/13/1064
f 1068/22/1065 1067/17/1065 1073/20/1065 1074/23/1065
f 1072/19/1066 1077/14/1066 1083/25/1066 1078/26/1066
f 1076/13/1067 1075/24/1067 1081/27/1067 1082/28/1067
f 1074/23/1068 1073/20/1068 1079/29/1068 1080/30/1068
f 1077/14/1069 1076/13/1069 1082/28/1069 1083/25/1069
f 1075/24/1070 1074/23/1070 1080/30/1070 1081/27/1070
f 1073/20/1071 1072/19/1071 1078/26/1071 1079/29/1071
f 1083/25/1072 1082/28/1072 1084/31/1072
f 1081/27/1073 1080/30/1073 1084/31/1073
f 1079/29/1074 1078/26/1074 1084/31/1074
f 1078/26/1075 1083/25/1075 1084/31/1075
f 1082/28/1076 1081/27/1076 1084/31/1076
f 1080/30/1077 1079/29/1077 1084/31/1077
f 1110/32/1078 1123/33/1078 1094/34/1078 1104/35/1078
f 1099/36/1079 1093/37/1079 1122/38/1079 1107/39/1079
f 1115/40/1080 1121/41/1080 1123/33/1080 1110/32/1080
f 1111/42/1081 1113/43/1081 1108/44/1081 1096/45/1081
f 1113/43/1082 1114/46/1082 1109/47/1082 1108/44/1082
f 1114/46/1083 1115/40/1083 1110/32/1083 1109/47/1083
f 1091/48/1084 1101/49/1084 1105/50/1084 1095/51/1084
f 1101/49/1085 1100/52/1085 1106/53/1085 1105/50/1085
f 1100/52/1086 1099/36/1086 1107/39/1086 1106/53/1086
f 1096/45/1087 1108/44/1087 1102/54/1087 1092/55/1087
f 1108/44/1088 1109/47/1088 1103/56/1088 1102/54/1088
f 1109/47/1089 1110/32/1089 1104/35/1089 1103/56/1089
f 1106/53/1090 1107/39/1090 1115/40/1090 1114/46/1090
f 1105/50/1091 1106/53/1091 1114/46/1091 1113/43/1091
f 1095/51/1092 1105/50/1092 1113/43/1092 1111/42/1092
f 1107/39/1093 1122/38/1093 1121/41/1093 1115/40/1093
f 1143/32/1094 1137/35/1094 1127/34/1094 1156/33/1094
f 1117/57/1095 1098/58/1095 1116/59/1095
f 1116/59/1096 1098/58/1096 1112/60/1096 1120/61/1096
f 1120/61/1097 1112/60/1097 1097/62/1097 1119/63/1097
f 1119/63/1098 1097/62/1098 1118/64/1098
f 1093/37/1099 1117/57/1099 1116/59/1099 1122/38/1099
f 1122/38/1100 1116/59/1100 1120/61/1100 1121/41/1100
f 1121/41/1101 1120/61/1101 1119/63/1101 1123/33/1101
f 1123/33/1102 1119/63/1102 1118/64/1102 1094/34/1102
f 1132/36/1103 1140/39/1103 1155/38/1103 1126/37/1103
f 1148/40/1104 1143/32/1104 1156/33/1104 1154/41/1104
f 1144/42/1105 1129/45/1105 1141/44/1105 1146/43/1105
f 1146/43/1106 1141/44/1106 1142/47/1106 1147/46/1106
f 1147/46/1107 1142/47/1107 1143/32/1107 1148/40/1107
f 1124/48/1108 1128/51/1108 1138/50/1108 1134/49/1108
f 1134/49/1109 1138/50/1109 1139/53/1109 1133/52/1109
f 1133/52/1110 1139/53/1110 1140/39/1110 1132/36/1110
f 1129/45/1111 1125/55/1111 1135/54/1111 1141/44/1111
f 1141/44/1112 1135/54/1112 1136/56/1112 1142/47/1112
f 1142/47/1113 1136/56/1113 1137/35/1113 1143/32/1113
f 1139/53/1114 1147/46/1114 1148/40/1114 1140/39/1114
f 1138/50/1115 1146/43/1115 1147/46/1115 1139/53/1115
f 1128/51/1116 1144/42/1116 1146/43/1116 1138/50/1116
f 1140/39/1117 1148/40/1117 1154/41/1117 1155/38/1117
f 1150/57/1118 1149/59/1118 1131/58/1118
f 1149/59/1119 1153/61/1119 1145/60/1119 1131/58/1119
f 1153/61/1120 1152/63/1120 1130/62/1120 1145/60/1120
f 1152/63/1121 1151/64/1121 1130/62/1121
f 1126/37/1122 1155/38/1122 1149/59/1122 1150/57/1122
f 1155/38/1123 1154/41/1123 1153/61/1123 1149/59/1123
f 1154/41/1124 1156/33/1124 1152/63/1124 1153/61/1124
f 1156/33/1125 1127/34/1125 1151/64/1125 1152/63/1125
f 1117/65/1126 1093/66/1126 1126/66/1126 1150/65/1126
f 1099/67/1127 1100/68/1127 1133/68/1127 1132/67/1127
f 1098/69/1128 1117/65/1128 1150/65/1128 1131/69/1128
f 1091/48/1129 1095/51/1129 1128/51/1129 1124/48/1129
f 1100/68/1130 1101/70/1130 1134/70/1130 1133/68/1130
f 1094/71/1131 1118/72/1131 1151/72/1131 1127/71/1131
f 1111/42/1132 1096/45/1132 1129/45/1132 1144/42/1132
f 1092/73/1133 1102/74/1133 1135/74/1133 1125/73/1133
f 1118/72/1134 1097/75/1134 1130/75/1134 1151/72/1134
f 1102/74/1135 1103/76/1135 1136/76/1135 1135/74/1135
f 1112/77/1136 1098/69/1136 1131/69/1136 1145/77/1136
f 1101/70/1137 1091/78/1137 1124/78/1137 1134/70/1137
f 1103/76/1138 1104/79/1138 1137/79/1138 1136/76/1138
f 1096/45/1139 1092/55/1139 1125/55/1139 1129/45/1139
f 1095/51/1140 1111/42/1140 1144/42/1140 1128/51/1140
f 1104/79/1141 1094/71/1141 1127/71/1141 1137/79/1141
f 1097/75/1142 1112/77/1142 1145/77/1142 1130/75/1142
f 1093/66/1143 1099/67/1143 1132/67/1143 1126/66/1143
f 1176/32/1144 1189/33/1144 1160/34/1144 1170/35/1144
f 1165/36/1145 1159/37/1145 1188/38/1145 1173/39/1145
f 1181/40/1146 1187/41/1146 1189/33/1146 1176/32/1146
f 1177/42/1147 1179/43/1147 1174/44/1147 1162/45/1147
f 1179/43/1148 1180/46/1148 1175/47/1148 1174/44/1148
f 1180/46/1149 1181/40/1149 1176/32/1149 1175/47/1149
f 1157/48/1150 1167/49/1150 1171/50/1150 1161/51/1150
f 1167/49/1151 1166/52/1151 1172/53/1151 1171/50/1151
f 1166/52/1152 1165/36/1152 1173/39/1152 1172/53/1152
f 1162/45/1153 1174/44/1153 1168/54/1153 1158/55/1153
f 1174/44/1154 1175/47/1154 1169/56/1154 1168/54/1154
f 1175/47/1155 1176/32/1155 1170/35/1155 1169/56/1155
f 1172/53/1156 1173/39/1156 1181/40/1156 1180/46/1156
f 1171/50/1157 1172/53/1157 1180/46/1157 1179/43/1157
f 1161/51/1158 1171/50/1158 1179/43/1158 1177/42/1158
f 1173/39/1159 1188/38/1159 1187/41/1159 1181/40/1159
f 1209/32/1160 1203/35/1160 1193/34/1160 1222/33/1160
f 1183/57/1161 1164/58/1161 1182/59/1161
f 1182/59/1162 1164/58/1162 1178/60/1162 1186/61/1162
f 1186/61/1163 1178/60/1163 1163/62/1163 1185/63/1163
f 1185/63/1164 1163/62/1164 1184/64/1164
f 1159/37/1165 1183/57/1165 1182/59/1165 1188/38/1165
f 1188/38/1166 1182/59/1166 1186/61/1166 1187/41/1166
f 1187/41/1167 1186/61/1167 1185/63/1167 1189/33/1167
f 1189/33/1168 1185/63/1168 1184/64/1168 1160/34/1168
f 1198/36/1169 1206/39/1169 1221/38/1169 1192/37/1169
f 1214/40/1170 1209/32/1170 1222/33/1170 1220/41/1170
f 1210/42/1171 1195/45/1171 1207/44/1171 1212/43/1171
f 1212/43/1172 1207/44/1172 1208/47/1172 1213/46/1172
f 1213/46/1173 1208/47/1173 1209/32/1173 1214/40/1173
f 1190/48/1174 1194/51/1174 1204/50/1174 1200/49/1174
f 1200/49/1175 1204/50/1175 1205/53/1175 1199/52/1175
f 1199/52/1176 1205/53/1176 1206/39/1176 1198/36/1176
f 1195/45/1177 1191/55/1177 1201/54/1177 1207/44/1177
f 1207/44/1178 1201/54/1178 1202/56/1178 1208/47/1178
f 1208/47/1179 1202/56/1179 1203/35/1179 1209/32/1179
f 1205/53/1180 1213/46/1180 1214/40/1180 1206/39/1180
f 1204/50/1181 1212/43/1181 1213/46/1181 1205/53/1181
f 1194/51/1182 1210/42/1182 1212/43/1182 1204/50/1182
f 1206/39/1183 1214/40/1183 1220/41/1183 1221/38/1183
f 1216/57/1184 1215/59/1184 1197/58/1184
f 1215/59/1185 1219/61/1185 1211/60/1185 1197/58/1185
f 1219/61/1186 1218/63/1186 1196/62/1186 1211/60/1186
f 1218/63/1187 1217/64/1187 1196/62/1187
f 1192/37/1188 1221/38/1188 1215/59/1188 1216/57/1188
f 1221/38/1189 1220/41/1189 1219/61/1189 1215/59/1189
f 1220/41/1190 1222/33/1190 1218/63/1190 1219/61/1190
f 1222/33/1191 1193/34/1191 1217/64/1191 1218/63/1191
f 1183/65/1192 1159/66/1192 1192/66/1192 1216/65/1192
f 1165/67/1193 1166/68/1193 1199/68/1193 1198/67/1193
f 1164/69/1194 1183/65/1194 1216/65/1194 1197/69/1194
f 1157/48/1195 1161/51/1195 1194/51/1195 1190/48/1195
f 1166/68/1196 1167/70/1196 1200/70/1196 1199/68/1196
f 1160/71/1197 1184/72/1197 1217/72/1197 1193/71/1197
f 1177/42/1198 1162/45/1198 1195/45/1198 1210/42/1198
f 1158/73/1199 1168/74/1199 1201/74/1199 1191/73/1199
f 1184/72/1200 1163/75/1200 1196/75/1200 1217/72/1200
f 1168/74/1201 1169/76/1201 1202/76/1201 1201/74/1201
f 1178/77/1202 1164/69/1202 1197/69/1202 1211/77/1202
f 1167/70/1203 1157/78/1203 1190/78/1203 1200/70/1203
f 1169/76/1204 1170/79/1204 1203/79/1204 1202/76/1204
f 1162/45/1205 1158/55/1205 1191/55/1205 1195/45/1205
f 1161/51/1206 1177/42/1206 1210/42/1206 1194/51/1206
f 1170/79/1207 1160/71/1207 1193/71/1207 1203/79/1207
f 1163/75/1208 1178/77/1208 1211/77/1208 1196/75/1208
f 1159/66/1209 1165/67/1209 1198/67/1209 1192/66/1209
f 1242/32/1210 1255/33/1210 1226/34/1210 1236/35/1210
f 1231/36/1211 1225/37/1211 1254/38/1211 1239/39/1211
f 1247/40/1212 1253/41/1212 1255/33/1212 1242/32/1212
f 1243/42/1213 1245/43/1213 1240/44/1213 1228/45/1213
f 1245/43/1214 1246/46/1214 1241/47/1214 1240/44/1214
f 1246/46/1215 1247/40/1215 1242/32/1215 1241/47/1215
f 1223/48/1216 1233/49/1216 1237/50/1216 1227/51/1216
f 1233/49/1217 1232/52/1217 1238/53/1217 1237/50/1217
f 1232/52/1218 1231/36/1218 1239/39/1218 1238/53/1218
f 1228/45/1219 1240/44/1219 1234/54/1219 1224/55/1219
f 1240/44/1220 1241/47/1220 1235/56/1220 1234/54/1220
f 1241/47/1221 1242/32/1221 1236/35/1221 1235/56/1221
f 1238/53/1222 1239/39/1222 1247/40/1222 1246/46/1222
f 1237/50/1223 1238/53/1223 1246/46/1223 1245/43/1223
f 1227/51/1224 1237/50/1224 1245/43/1224 1243/42/1224
f 1239/39/1225 1254/38/1225 1253/41/1225 1247/40/1225
f 1275/32/1226 1269/35/1226 1259/34/1226 1288/33/1226
f 1249/57/1227 1230/58/1227 1248/59/1227
f 1248/59/1228 1230/58/1228 1244/60/1228 1252/61/1228
f 1252/61/1229 1244/60/1229 1229/62/1229 1251/63/1229
f 1251/63/1230 1229/62/1230 1250/64/1230
f 1225/37/1231 1249/57/1231 1248/59/1231 1254/38/1231
f 1254/38/1232 1248/59/1232 1252/61/1232 1253/41/1232
f 1253/41/1233 1252/61/1233 1251/63/1233 1255/33/1233
f 1255/33/1234 1251/63/1234 1250/64/1234 1226/34/1234
f 1264/36/1235 1272/39/1235 1287/38/1235 1258/37/1235
f 1280/40/1236 1275/32/1236 1288/33/1236 1286/41/1236
f 1276/42/1237 1261/45/1237 1273/44/1237 1278/43/1237
f 1278/43/1238 1273/44/1238 1274/47/1238 1279/46/1238
f 1279/46/1239 1274/47/1239 1275/32/1239 1280/40/1239
f 1256/48/1240 1260/51/1240 1270/50/1240 1266/49/1240
f 1266/49/1241 1270/50/1241 1271/53/1241 1265/52/1241
f 1265/52/1242 1271/53/1242 1272/39/1242 1264/36/1242
f 1261/45/1243 1257/55/1243 1267/54/1243 1273/44/1243
f 1273/44/1244 1267/54/1244 1268/56/1244 1274/47/1244
f 1274/47/1245 1268/56/1245 1269/35/1245 1275/32/1245
f 1271/53/1246 1279/46/1246 1280/40/1246 1272/39/1246
f 1270/50/1247 1278/43/1247 1279/46/1247 1271/53/1247
f 1260/51/1248 1276/42/1248 1278/43/1248 1270/50/1248
f 1272/39/1249 1280/40/1249 1286/41/1249 1287/38/1249
f 1282/57/1250 1281/59/1250 1263/58/1250
f 1281/59/1251 1285/61/1251 1277/60/1251 1263/58/1251
f 1285/61/1252 1284/63/1252 1262/62/1252 1277/60/1252
f 1284/63/1253 1283/64/1253 1262/62/1253
f 1258/37/1254 1287/38/1254 1281/59/1254 1282/57/1254
f 1287/38/1255 1286/41/1255 1285/61/1255 1281/59/1255
f 1286/41/1256 1288/33/1256 1284/63/1256 1285/61/1256
f 1288/33/1257 1259/34/1257 1283/64/1257 1284/63/1257
f 1249/65/1258 1225/66/1258 1258/66/1258 1282/65/1258
f 1231/67/1259 1232/68/1259 1265/68/1259 1264/67/1259
f 1230/69/1260 1249/65/1260 1282/65/1260 1263/69/1260
f 1223/48/1261 1227/51/1261 1260/51/1261 1256/48/1261
f 1232/68/1262 1233/70/1262 1266/70/1262 1265/68/1262
f 1226/71/1263 1250/72/1263 1283/72/1263 1259/71/1263
f 1243/42/1264 1228/45/1264 1261/45/1264 1276/42/1264
f 1224/73/1265 1234/74/1265 1267/74/1265 1257/73/1265
f 1250/72/1266 1229/75/1266 1262/75/1266 1283/72/1266
f 1234/74/1267 1235/76/1267 1268/76/1267 1267/74/1267
f 1244/77/1268 1230/69/1268 1263/69/1268 1277/77/1268
f 1233/70/1269 1223/78/1269 1256/78/1269 1266/70/1269
f 1235/76/1270 1236/79/1270 1269/79/1270 1268/76/1270
f 1228/45/1271 1224/55/1271 1257/55/1271 1261/45/1271
f 1227/51/1272 1243/42/1272 1276/42/1272 1260/51/1272
f 1236/79/1273 1226/71/1273 1259/71/1273 1269/79/1273
f 1229/75/1274 1244/77/1274 1277/77/1274 1262/75/1274
f 1225/66/1275 1231/67/1275 1264/67/1275 1258/66/1275
f 1308/32/1276 1321/33/1276 1292/34/1276 1302/35/1276
f 1297/36/1277 1291/37/1277 1320/38/1277 1305/39/1277
f 1313/40/1278 1319/41/1278 1321/33/1278 1308/32/1278
f 1309/42/1279 1311/43/1279 1306/44/1279 1294/45/1279
f 1311/43/1280 1312/46/1280 1307/47/1280 1306/44/1280
f 1312/46/1281 1313/40/1281 1308/32/1281 1307/47/1281
f 1289/48/1282 1299/49/1282 1303/50/1282 1293/51/1282
f 1299/49/1283 1298/52/1283 1304/53/1283 1303/50/1283
f 1298/52/1284 1297/36/1284 1305/39/1284 1304/53/1284
f 1294/45/1285 1306/44/1285 1300/54/1285 1290/55/1285
f 1306/44/1286 1307/47/1286 1301/56/1286 1300/54/1286
f 1307/47/1287 1308/32/1287 1302/35/1287 1301/56/1287
f 1304/53/1288 1305/39/1288 1313/40/1288 1312/46/1288
f 1303/50/1289 1304/53/1289 1312/46/1289 1311/43/1289
f 1293/51/1290 1303/50/1290 1311/43/1290 1309/42/1290
f 1305/39/1291 1320/38/1291 1319/41/1291 1313/40/1291
f 1341/32/1292 1335/35/1292 1325/34/1292 1354/33/1292
f 1315/57/1293 1296/58/1293 1314/59/1293
f 1314/59/1294 1296/58/1294 1310/60/1294 1318/61/1294
f 1318/61/1295 1310/60/1295 1295/62/1295 1317/63/1295
f 1317/63/1296 1295/62/1296 1316/64/1296
f 1291/37/1297 1315/57/1297 1314/59/1297 1320/38/1297
f 1320/38/1298 1314/59/1298 1318/61/1298 1319/41/1298
f 1319/41/1299 1318/61/1299 1317/63/1299 1321/33/1299
f 1321/33/1300 1317/63/1300 1316/64/1300 1292/34/1300
f 1330/36/1301 1338/39/1301 1353/38/1301 1324/37/1301
f 1346/40/1302 1341/32/1302 1354/33/1302 1352/41/1302
f 1342/42/1303 1327/45/1303 1339/44/1303 1344/43/1303
f 1344/43/1304 1339/44/1304 1340/47/1304 1345/46/1304
f 1345/46/1305 1340/47/1305 1341/32/1305 1346/40/1305
f 1322/48/1306 1326/51/1306 1336/50/1306 1332/49/1306
f 1332/49/1307 1336/50/1307 1337/53/1307 1331/52/1307
f 1331/52/1308 1337/53/1308 1338/39/1308 1330/36/1308
f 1327/45/1309 1323/55/1309 1333/54/1309 1339/44/1309
f 1339/44/1310 1333/54/1310 1334/56/1310 1340/47/1310
f 1340/47/1311 1334/56/1311 1335/35/1311 1341/32/1311
f 1337/53/1312 1345/46/1312 1346/40/1312 1338/39/1312
f 1336/50/1313 1344/43/1313 1345/46/1313 1337/53/1313
f 1326/51/1314 1342/42/1314 1344/43/1314 1336/50/1314
f 1338/39/1315 1346/40/1315 1352/41/1315 1353/38/1315
f 1348/57/1316 1347/59/1316 1329/58/1316
f 1347/59/1317 1351/61/1317 1343/60/1317 1329/58/1317
f 1351/61/1318 1350/63/1318 1328/62/1318 1343/60/1318
f 1350/63/1319 1349/64/1319 1328/62/1319
f 1324/37/1320 1353/38/1320 1347/59/1320 1348/57/1320
f 1353/38/1321 1352/41/1321 1351/61/1321 1347/59/1321
f 1352/41/1322 1354/33/1322 1350/63/1322 1351/61/1322
f 1354/33/1323 1325/34/1323 1349/64/1323 1350/63/1323
f 1315/65/1324 1291/66/1324 1324/66/1324 1348/65/1324
f 1297/67/1325 1298/68/1325 1331/68/1325 1330/67/1325
f 1296/69/1326 1315/65/1326 1348/65/1326 1329/69/1326
f 1289/48/1327 1293/51/1327 1326/51/1327 1322/48/1327
f 1298/68/1328 1299/70/1328 1332/70/1328 1331/68/1328
f 1292/71/1329 1316/72/1329 1349/72/1329 1325/71/1329
f 1309/42/1330 1294/45/1330 1327/45/1330 1342/42/1330
f 1290/73/1331 1300/74/1331 1333/74/1331 1323/73/1331
f 1316/72/1332 1295/75/1332 1328/75/1332 1349/72/1332
f 1300/74/1333 1301/76/1333 1334/76/1333 1333/74/1333
f 1310/77/1334 1296/69/1334 1329/69/1334 1343/77/1334
f 1299/70/1335 1289/78/1335 1322/78/1335 1332/70/1335
f 1301/76/1336 1302/79/1336 1335/79/1336 1334/76/1336
f 1294/45/1337 1290/55/1337 1323/55/1337 1327/45/1337
f 1293/51/1338 1309/42/1338 1342/42/1338 1326/51/1338
f 1302/79/1339 1292/71/1339 1325/71/1339 1335/79/1339
f 1295/75/1340 1310/77/1340 1343/77/1340 1328/75/1340
f 1291/66/1341 1297/67/1341 1330/67/1341 1324/66/1341
f 1374/32/1342 1387/33/1342 1358/34/1342 1368/35/1342
f 1363/36/1343 1357/37/1343 1386/38/1343 1371/39/1343
f 1379/40/1344 1385/41/1344 1387/33/1344 1374/32/1344
f 1375/42/1345 1377/43/1345 1372/44/1345 1360/45/1345
f 1377/43/1346 1378/46/1346 1373/47/1346 1372/44/1346
f 1378/46/1347 1379/40/1347 1374/32/1347 1373/47/1347
f 1355/48/1348 1365/49/1348 1369/50/1348 1359/51/1348
f 1365/49/1349 1364/52/1349 1370/53/1349 1369/50/1349
f 1364/52/1350 1363/36/1350 1371/39/1350 1370/53/1350
f 1360/45/1351 1372/44/1351 1366/54/1351 1356/55/1351
f 1372/44/1352 1373/47/1352 1367/56/1352 1366/54/1352
f 1373/47/1353 1374/32/1353 1368/35/1353 1367/56/1353
f 1370/53/1354 1371/39/1354 1379/40/1354 1378/46/1354
f 1369/50/1355 1370/53/1355 1378/46/1355 1377/43/1355
f 1359/51/1356 1369/50/1356 1377/43/1356 1375/42/1356
f 1371/39/1357 1386/38/1357 1385/41/1357 1379/40/1357
f 1407/32/1358 1401/35/1358 1391/34/1358 1420/33/1358
f 1381/57/1359 1362/58/1359 1380/59/1359
f 1380/59/1360 1362/58/1360 1376/60/1360 1384/61/1360
f 1384/61/1361 1376/60/1361 1361/62/1361 1383/63/1361
f 1383/63/1362 1361/62/1362 1382/64/1362
f 1357/37/1363 1381/57/1363 1380/59/1363 1386/38/1363
f 1386/38/1364 1380/59/1364 1384/61/1364 1385/41/1364
f 1385/41/1365 1384/61/1365 1383/63/1365 1387/33/1365
f 1387/33/1366 1383/63/1366 1382/64/1366 1358/34/1366
f 1396/36/1367 1404/39/1367 1419/38/1367 1390/37/1367
f 1412/40/1368 1407/32/1368 1420/33/1368 1418/41/1368
f 1408/42/1369 1393/45/1369 1405/44/1369 1410/43/1369
f 1410/43/1370 1405/44/1370 1406/47/1370 1411/46/1370
f 1411/46/1371 1406/47/1371 1407/32/1371 1412/40/1371
f 1388/48/1372 1392/51/1372 1402/50/1372 1398/49/1372
f 1398/49/1373 1402/50/1373 1403/53/1373 1397/52/1373
f 1397/52/1374 1403/53/1374 1404/39/1374 1396/36/1374
f 1393/45/1375 1389/55/1375 1399/54/1375 1405/44/1375
f 1405/44/1376 1399/54/1376 1400/56/1376 1406/47/1376
f 1406/47/1377 1400/56/1377 1401/35/1377 1407/32/1377
f 1403/53/1378 1411/46/1378 1412/40/1378 1404/39/1378
f 1402/50/1379 1410/43/1379 1411/46/1379 1403/53/1379
f 1392/51/1380 1408/42/1380 1410/43/1380 1402/50/1380
f 1404/39/1381 1412/40/1381 1418/41/1381 1419/38/1381
f 1414/57/1382 1413/59/1382 1395/58/1382
f 1413/59/1383 1417/61/1383 1409/60/1383 1395/58/1383
f 1417/61/1384 1416/63/1384 1394/62/1384 1409/60/1384
f 1416/63/1385 1415/64/1385 1394/62/1385
f 1390/37/1386 1419/38/1386 1413/59/1386 1414/57/1386
f 1419/38/1387 1418/41/1387 1417/61/1387 1413/59/1387
f 1418/41/1388 1420/33/1388 1416/63/1388 1417/61/1388
f 1420/33/1389 1391/34/1389 1415/64/1389 1416/63/1389
f 1381/65/1390 1357/66/1390 1390/66/1390 1414/65/1390
f 1363/67/1391 1364/68/1391 1397/68/1391 1396/67/1391
f 1362/69/1392 1381/65/1392 1414/65/1392 1395/69/1392
f 1355/48/1393 1359/51/1393 1392/51/1393 1388/48/1393
f 1364/68/1394 1365/70/1394 1398/70/1394 1397/68/1394
f 1358/71/1395 1382/72/1395 1415/72/1395 1391/71/1395
f 1375/42/1396 1360/45/1396 1393/45/1396 1408/42/1396
f 1356/73/1397 1366/74/1397 1399/74/1397 1389/73/1397
f 1382/72/1398 1361/75/1398 1394/75/1398 1415/72/1398
f 1366/74/1399 1367/76/1399 1400/76/1399 1399/74/1399
f 1376/77/1400 1362/69/1400 1395/69/1400 1409/77/1400
f 1365/70/1401 1355/78/1401 1388/78/1401 1398/70/1401
f 1367/76/1402 1368/79/1402 1401/79/1402 1400/76/1402
f 1360/45/1403 1356/55/1403 1389/55/1403 1393/45/1403
f 1359/51/1404 1375/42/1404 1408/42/1404 1392/51/1404
f 1368/79/1405 1358/71/1405 1391/71/1405 1401/79/1405
f 1361/75/1406 1376/77/1406 1409/77/1406 1394/75/1406
f 1357/66/1407 1363/67/1407 1396/67/1407 1390/66/1407
f 1440/32/1408 1453/33/1408 1424/34/1408 1434/35/1408
f 1429/36/1409 1423/37/1409 1452/38/1409 1437/39/1409
f 1445/40/1410 1451/41/1410 1453/33/1410 1440/32/1410
f 1441/42/1411 1443/43/1411 1438/44/1411 1426/45/1411
f 1443/43/1412 1444/46/1412 1439/47/1412 1438/44/1412
f 1444/46/1413 1445/40/1413 1440/32/1413 1439/47/1413
f 1421/48/1414 1431/49/1414 1435/50/1414 1425/51/1414
f 1431/49/1415 1430/52/1415 1436/53/1415 1435/50/1415
f 1430/52/1416 1429/36/1416 1437/39/1416 1436/53/1416
f 1426/45/1417 1438/44/1417 1432/54/1417 1422/55/1417
f 1438/44/1418 1439/47/1418 1433/56/1418 1432/54/1418
f 1439/47/1419 1440/32/1419 1434/35/1419 1433/56/1419
f 1436/53/1420 1437/39/1420 1445/40/1420 1444/46/1420
f 1435/50/1421 1436/53/1421 1444/46/1421 1443/43/1421
f 1425/51/1422 1435/50/1422 1443/43/1422 1441/42/1422
f 1437/39/1423 1452/38/1423 1451/41/1423 1445/40/1423
f 1473/32/1424 1467/35/1424 1457/34/1424 1486/33/1424
f 1447/57/1425 1428/58/1425 1446/59/1425
f 1446/59/1426 1428/58/1426 1442/60/1426 1450/61/1426
f 1450/61/1427 1442/60/1427 1427/62/1427 1449/63/1427
f 1449/63/1428 1427/62/1428 1448/64/1428
f 1423/37/1429 1447/57/1429 1446/59/1429 1452/38/1429
f 1452/38/1430 1446/59/1430 1450/61/1430 1451/41/1430
f 1451/41/1431 1450/61/1431 1449/63/1431 1453/33/1431
f 1453/33/1432 1449/63/1432 1448/64/1432 1424/34/1432
f 1462/36/1433 1470/39/1433 1485/38/1433 1456/37/1433
f 1478/40/1434 1473/32/1434 1486/33/1434 1484/41/1434
f 1474/42/1435 1459/45/1435 1471/44/1435 1476/43/1435
f 1476/43/1436 1471/44/1436 1472/47/1436 1477/46/1436
f 1477/46/1437 1472/47/1437 1473/32/1437 1478/40/1437
f 1454/48/1438 1458/51/1438 1468/50/1438 1464/49/1438
f 1464/49/1439 1468/50/1439 1469/53/1439 1463/52/1439
f 1463/52/1440 1469/53/1440 1470/39/1440 1462/36/1440
f 1459/45/1441 1455/55/1441 1465/54/1441 1471/44/1441
f 1471/44/1442 1465/54/1442 1466/56/1442 1472/47/1442
f 1472/47/1443 1466/56/1443 1467/35/1443 1473/32/1443
f 1469/53/1444 1477/46/1444 1478/40/1444 1470/39/1444
f 1468/50/1445 1476/43/1445 1477/46/1445 1469/53/1445
f 1458/51/1446 1474/42/1446 1476/43/1446 1468/50/1446
f 1470/39/1447 1478/40/1447 1484/41/1447 1485/38/1447
f 1480/57/1448 1479/59/1448 1461/58/1448
f 1479/59/1449 1483/61/1449 1475/60/1449 1461/58/1449
f 1483/61/1450 1482/63/1450 1460/62/1450 1475/60/1450
f 1482/63/1451 1481/64/1451 1460/62/1451
f 1456/37/1452 1485/38/1452 1479/59/1452 1480/57/1452
f 1485/38/1453 1484/41/1453 1483/61/1453 1479/59/1453
f 1484/41/1454 1486/33/1454 1482/63/1454 1483/61/1454
f 1486/33/1455 1457/34/1455 1481/64/1455 1482/63/1455
f 1447/65/1456 1423/66/1456 1456/66/1456 1480/65/1456
f 1429/67/1457 1430/68/1457 1463/68/1457 1462/67/1457
f 1428/69/1458 1447/65/1458 1480/65/1458 1461/69/1458
f 1421/48/1459 1425/51/1459 1458/51/1459 1454/48/1459
f 1430/68/1460 1431/70/1460 1464/70/1460 1463/68/1460
f 1424/71/1461 1448/72/1461 1481/72/1461 1457/71/1461
f 1441/42/1462 1426/45/1462 1459/45/1462 1474/42/1462
f 1422/73/1463 1432/74/1463 1465/74/1463 1455/73/1463
f 1448/72/1464 1427/75/1464 1460/75/1464 1481/72/1464
f 1432/74/1465 1433/76/1465 1466/76/1465 1465/74/1465
f 1442/77/1466 1428/69/1466 1461/69/1466 1475/77/1466
f 1431/70/1467 1421/78/1467 1454/78/1467 1464/70/1467
f 1433/76/1468 1434/79/1468 1467/79/1468 1466/76/1468
f 1426/45/1469 1422/55/1469 1455/55/1469 1459/45/1469
f 1425/51/1470 1441/42/1470 1474/42/1470 1458/51/1470
f 1434/79/1471 1424/71/1471 1457/71/1471 1467/79/1471
f 1427/75/1472 1442/77/1472 1475/77/1472 1460/75/1472
f 1423/66/1473 1429/67/1473 1462/67/1473 1456/66/1473
f 1506/32/1474 1519/33/1474 1490/34/1474 1500/35/1474
f 1495/36/1475 1489/37/1475 1518/38/1475 1503/39/1475
f 1511/40/1476 1517/41/1476 1519/33/1476 1506/32/1476
f 1507/42/1477 1509/43/1477 1504/44/1477 1492/45/1477
f 1509/43/1478 1510/46/1478 1505/47/1478 1504/44/1478
f 1510/46/1479 1511/40/1479 1506/32/1479 1505/47/1479
f 1487/48/1480 1497/49/1480 1501/50/1480 1491/51/1480
f 1497/49/1481 1496/52/1481 1502/53/1481 1501/50/1481
f 1496/52/1482 1495/36/1482 1503/39/1482 1502/53/1482
f 1492/45/1483 1504/44/1483 1498/54/1483 1488/55/1483
f 1504/44/1484 1505/47/1484 1499/56/1484 1498/54/1484
f 1505/47/1485 1506/32/1485 1500/35/1485 1499/56/1485
f 1502/53/1486 1503/39/1486 1511/40/1486 1510/46/1486
f 1501/50/1487 1502/53/1487 1510/46/1487 1509/43/1487
f 1491/51/1488 1501/50/1488 1509/43/1488 1507/42/1488
f 1503/39/1489 1518/38/1489 1517/41/1489 1511/40/1489
f 1539/32/1490 1533/35/1490 1523/34/1490 1552/33/1490
f 1513/57/1491 1494/58/1491 1512/59/1491
f 1512/59/1492 1494/58/1492 1508/60/1492 1516/61/1492
f 1516/61/1493 1508/60/1493 1493/62/1493 1515/63/1493
f 1515/63/1494 1493/62/1494 1514/64/1494
f 1489/37/1495 1513/57/1495 1512/59/1495 1518/38/1495
f 1518/38/1496 1512/59/1496 1516/61/1496 1517/41/1496
f 1517/41/1497 1516/61/1497 1515/63/1497 1519/33/1497
f 1519/33/1498 1515/63/1498 1514/64/1498 1490/34/1498
f 1528/36/1499 1536/39/1499 1551/38/1499 1522/37/1499
f 1544/40/1500 1539/32/1500 1552/33/1500 1550/41/1500
f 1540/42/1501 1525/45/1501 1537/44/1501 1542/43/1501
f 1542/43/1502 1537/44/1502 1538/47/1502 1543/46/1502
f 1543/46/1503 1538/47/1503 1539/32/1503 1544/40/1503
f 1520/48/1504 1524/51/1504 1534/50/1504 1530/49/1504
f 1530/49/1505 1534/50/1505 1535/53/1505 1529/52/1505
f 1529/52/1506 1535/53/1506 1536/39/1506 1528/36/1506
f 1525/45/1507 1521/55/1507 1531/54/1507 1537/44/1507
f 1537/44/1508 1531/54/1508 1532/56/1508 1538/47/1508
f 1538/47/1509 1532/56/1509 1533/35/1509 1539/32/1509
f 1535/53/1510 1543/46/1510 1544/40/1510 1536/39/1510
f 1534/50/1511 1542/43/1511 1543/46/1511 1535/53/1511
f 1524/51/1512 1540/42/1512 1542/43/1512 1534/50/1512
f 1536/39/1513 1544/40/1513 1550/41/1513 1551/38/1513
f 1546/57/1514 1545/59/1514 1527/58/1514
f 1545/59/1515 1549/61/1515 1541/60/1515 1527/58/1515
f 1549/61/1516 1548/63/1516 1526/62/1516 1541/60/1516
f 1548/63/1517 1547/64/1517 1526/62/1517
f 1522/37/1518 1551/38/1518 1545/59/1518 1546/57/1518
f 1551/38/1519 1550/41/1519 1549/61/1519 1545/59/1519
f 1550/41/1520 1552/33/1520 1548/63/1520 1549/61/1520
f 1552/33/1521 1523/34/1521 1547/64/1521 1548/63/1521
f 1513/65/1522 1489/66/1522 1522/66/1522 1546/65/1522
f 1495/67/1523 1496/68/1523 1529/68/1523 1528/67/1523
f 1494/69/1524 1513/65/1524 1546/65/1524 1527/69/1524
f 1487/48/1525 1491/51/1525 1524/51/1525 1520/48/1525
f 1496/68/1526 1497/70/1526 1530/70/1526 1529/68/1526
f 1490/71/1527 1514/72/1527 1547/72/1527 1523/71/1527
f 1507/42/1528 1492/45/1528 1525/45/1528 1540/42/1528
f 1488/73/1529 1498/74/1529 1531/74/1529 1521/73/1529
f 1514/72/1530 1493/75/1530 1526/75/1530 1547/72/1530
f 1498/74/1531 1499/76/1531 1532/76/1531 1531/74/1531
f 1508/77/1532 1494/69/1532 1527/69/1532 1541/77/1532
f 1497/70/1533 1487/78/1533 1520/78/1533 1530/70/1533
f 1499/76/1534 1500/79/1534 1533/79/1534 1532/76/1534
f 1492/45/1535 1488/55/1535 1521/55/1535 1525/45/1535
f 1491/51/1536 1507/42/1536 1540/42/1536 1524/51/1536
f 1500/79/1537 1490/71/1537 1523/71/1537 1533/79/1537
f 1493/75/1538 1508/77/1538 1541/77/1538 1526/75/1538
f 1489/66/1539 1495/67/1539 1528/67/1539 1522/66/1539
f 1572/1/1540 1553/2/1540 1554/3/1540 1573/4/1540
f 1573/4/1541 1554/3/1541 1555/5/1541 1574/6/1541
f 1574/6/1542 1555/5/1542 1556/7/1542 1575/8/1542
f 1575/8/1543 1556/7/1543 1557/9/1543 1576/10/1543
f 1558/11/1544 1557/12/1544 1563/13/1544 1564/14/1544
f 1576/10/1545 1557/9/1545 1558/15/1545 1577/16/1545
f 1577/16/1546 1558/15/1546 1553/2/1546 1572/1/1546
f 1554/17/1547 1553/18/1547 1559/19/1547 1560/20/1547
f 1556/21/1548 1555/22/1548 1561/23/1548 1562/24/1548
f 1553/18/1549 1558/11/1549 1564/14/1549 1559/19/1549
f 1557/12/1550 1556/21/1550 1562/24/1550 1563/13/1550
f 1555/22/1551 1554/17/1551 1560/20/1551 1561/23/1551
f 1559/19/1552 1564/14/1552 1570/25/1552 1565/26/1552
f 1563/13/1553 1562/24/1553 1568/27/1553 1569/28/1553
f 1561/23/1554 1560/20/1554 1566/29/1554 1567/30/1554
f 1564/14/1555 1563/13/1555 1569/28/1555 1570/25/1555
f 1562/24/1556 1561/23/1556 1567/30/1556 1568/27/1556
f 1560/20/1557 1559/19/1557 1565/26/1557 1566/29/1557
f 1570/25/1558 1569/28/1558 1571/31/1558
f 1568/27/1559 1567/30/1559 1571/31/1559
f 1566/29/1560 1565/26/1560 1571/31/1560
f 1565/26/1561 1570/25/1561 1571/31/1561
f 1569/28/1562 1568/27/1562 1571/31/1562
f 1567/30/1563 1566/29/1563 1571/31/1563
f 1597/32/1564 1610/33/1564 1581/34/1564 1591/35/1564
f 1586/36/1565 1580/37/1565 1609/38/1565 1594/39/1565
f 1602/40/1566 1608/41/1566 1610/33/1566 1597/32/1566
f 1598/42/1567 1600/43/1567 1595/44/1567 1583/45/1567
f 1600/43/1568 1601/46/1568 1596/47/1568 1595/44/1568
f 1601/46/1569 1602/40/1569 1597/32/1569 1596/47/1569
f 1578/48/1570 1588/49/1570 1592/50/1570 1582/51/1570
f 1588/49/1571 1587/52/1571 1593/53/1571 1592/50/1571
f 1587/52/1572 1586/36/1572 1594/39/1572 1593/53/1572
f 1583/45/1573 1595/44/1573 1589/54/1573 1579/55/1573
f 1595/44/1574 1596/47/1574 1590/56/1574 1589/54/1574
f 1596/47/1575 1597/32/1575 1591/35/1575 1590/56/1575
f 1593/53/1576 1594/39/1576 1602/40/1576 1601/46/1576
f 1592/50/1577 1593/53/1577 1601/46/1577 1600/43/1577
f 1582/51/1578 1592/50/1578 1600/43/1578 1598/42/1578
f 1594/39/1579 1609/38/1579 1608/41/1579 1602/40/1579
f 1630/32/1580 1624/35/1580 1614/34/1580 1643/33/1580
f 1604/57/1581 1585/58/1581 1603/59/1581
f 1603/59/1582 1585/58/1582 1599/60/1582 1607/61/1582
f 1607/61/1583 1599/60/1583 1584/62/1583 1606/63/1583
f 1606/63/1584 1584/62/1584 1605/64/1584
f 1580/37/1585 1604/57/1585 1603/59/1585 1609/38/1585
f 1609/38/1586 1603/59/1586 1607/61/1586 1608/41/1586
f 1608/41/1587 1607/61/1587 1606/63/1587 1610/33/1587
f 1610/33/1588 1606/63/1588 1605/64/1588 1581/34/1588
f 1619/36/1589 1627/39/1589 1642/38/1589 1613/37/1589
f 1635/40/1590 1630/32/1590 1643/33/1590 1641/41/1590
f 1631/42/1591 1616/45/1591 1628/44/1591 1633/43/1591
f 1633/43/1592 1628/44/1592 1629/47/1592 1634/46/1592
f 1634/46/1593 1629/47/1593 1630/32/1593 1635/40/1593
f 1611/48/1594 1615/51/1594 1625/50/1594 1621/49/1594
f 1621/49/1595 1625/50/1595 1626/53/1595 1620/52/1595
f 1620/52/1596 1626/53/1596 1627/39/1596 1619/36/1596
f 1616/45/1597 1612/55/1597 1622/54/1597 1628/44/1597
f 1628/44/1598 1622/54/1598 1623/56/1598 1629/47/1598
f 1629/47/1599 1623/56/1599 1624/35/1599 1630/32/1599
f 1626/53/1600 1634/46/1600 1635/40/1600 1627/39/1600
f 1625/50/1601 1633/43/1601 1634/46/1601 1626/53/1601
f 1615/51/1602 1631/42/1602 1633/43/1602 1625/50/1602
f 1627/39/1603 1635/40/1603 1641/41/1603 1642/38/1603
f 1637/57/1604 1636/59/1604 1618/58/1604
f 1636/59/1605 1640/61/1605 1632/60/1605 1618/58/1605
f 1640/61/1606 1639/63/1606 1617/62/1606 1632/60/1606
f 1639/63/1607 1638/64/1607 1617/62/1607
f 1613/37/1608 1642/38/1608 1636/59/1608 1637/57/1608
f 1642/38/1609 1641/41/1609 1640/61/1609 1636/59/1609
f 1641/41/1610 1643/33/1610 1639/63/1610 1640/61/1610
f 1643/33/1611 1614/34/1611 1638/64/1611 1639/63/1611
f 1604/65/1612 1580/66/1612 1613/66/1612 1637/65/1612
f 1586/67/1613 1587/68/1613 1620/68/1613 1619/67/1613
f 1585/69/1614 1604/65/1614 1637/65/1614 1618/69/1614
f 1578/48/1615 1582/51/1615 1615/51/1615 1611/48/1615
f 1587/68/1616 1588/70/1616 1621/70/1616 1620/68/1616
f 1581/71/1617 1605/72/1617 1638/72/1617 1614/71/1617
f 1598/42/1618 1583/45/1618 1616/45/1618 1631/42/1618
f 1579/73/1619 1589/74/1619 1622/74/1619 1612/73/1619
f 1605/72/1620 1584/75/1620 1617/75/1620 1638/72/1620
f 1589/74/1621 1590/76/1621 1623/76/1621 1622/74/1621
f 1599/77/1622 1585/69/1622 1618/69/1622 1632/77/1622
f 1588/70/1623 1578/78/1623 1611/78/1623 1621/70/1623
f 1590/76/1624 1591/79/1624 1624/79/1624 1623/76/1624
f 1583/45/1625 1579/55/1625 1612/55/1625 1616/45/1625
f 1582/51/1626 1598/42/1626 1631/42/1626 1615/51/1626
f 1591/79/1627 1581/71/1627 1614/71/1627 1624/79/1627
f 1584/75/1628 1599/77/1628 1632/77/1628 1617/75/1628
f 1580/66/1629 1586/67/1629 1619/67/1629 1613/66/1629
f 1663/32/1630 1676/33/1630 1647/34/1630 1657/35/1630
f 1652/36/1631 1646/37/1631 1675/38/1631 1660/39/1631
f 1668/40/1632 1674/41/1632 1676/33/1632 1663/32/1632
f 1664/42/1633 1666/43/1633 1661/44/1633 1649/45/1633
f 1666/43/1634 1667/46/1634 1662/47/1634 1661/44/1634
f 1667/46/1635 1668/40/1635 1663/32/1635 1662/47/1635
f 1644/48/1636 1654/49/1636 1658/50/1636 1648/51/1636
f 1654/49/1637 1653/52/1637 1659/53/1637 1658/50/1637
f 1653/52/1638 1652/36/1638 1660/39/1638 1659/53/1638
f 1649/45/1639 1661/44/1639 1655/54/1639 1645/55/1639
f 1661/44/1640 1662/47/1640 1656/56/1640 1655/54/1640
f 1662/47/1641 1663/32/1641 1657/35/1641 1656/56/1641
f 1659/53/1642 1660/39/1642 1668/40/1642 1667/46/1642
f 1658/50/1643 1659/53/1643 1667/46/1643 1666/43/1643
f 1648/51/1644 1658/50/1644 1666/43/1644 1664/42/1644
f 1660/39/1645 1675/38/1645 1674/41/1645 1668/40/1645
f 1696/32/1646 1690/35/1646 1680/34/1646 1709/33/1646
f 1670/57/1647 1651/58/1647 1669/59/1647
f 1669/59/1648 1651/58/1648 1665/60/1648 1673/61/1648
f 1673/61/1649 1665/60/1649 1650/62/1649 1672/63/1649
f 1672/63/1650 1650/62/1650 1671/64/1650
f 1646/37/1651 1670/57/1651 1669/59/1651 1675/38/1651
f 1675/38/1652 1669/59/1652 1673/61/1652 1674/41/1652
f 1674/41/1653 1673/61/1653 1672/63/1653 1676/33/1653
f 1676/33/1654 1672/63/1654 1671/64/1654 1647/34/1654
f 1685/36/1655 1693/39/1655 1708/38/1655 1679/37/1655
f 1701/40/1656 1696/32/1656 1709/33/1656 1707/41/1656
f 1697/42/1657 1682/45/1657 1694/44/1657 1699/43/1657
f 1699/43/1658 1694/44/1658 1695/47/1658 1700/46/1658
f 1700/46/1659 1695/47/1659 1696/32/1659 1701/40/1659
f 1677/48/1660 1681/51/1660 1691/50/1660 1687/49/1660
f 1687/49/1661 1691/50/1661 1692/53/1661 1686/52/1661
f 1686/52/1662 1692/53/1662 1693/39/1662 1685/36/1662
f 1682/45/1663 1678/55/1663 1688/54/1663 1694/44/1663
f 1694/44/1664 1688/54/1664 1689/56/1664 1695/47/1664
f 1695/47/1665 1689/56/1665 1690/35/1665 1696/32/1665
f 1692/53/1666 1700/46/1666 1701/40/1666 1693/39/1666
f 1691/50/1667 1699/43/1667 1700/46/1667 1692/53/1667
f 1681/51/1668 1697/42/1668 1699/43/1668 1691/50/1668
f 1693/39/1669 1701/40/1669 1707/41/1669 1708/38/1669
f 1703/57/1670 1702/59/1670 1684/58/1670
f 1702/59/1671 1706/61/1671 1698/60/1671 1684/58/1671
f 1706/61/1672 1705/63/1672 1683/62/1672 1698/60/1672
f 1705/63/1673 1704/64/1673 1683/62/1673
f 1679/37/1674 1708/38/1674 1702/59/1674 1703/57/1674
f 1708/38/1675 1707/41/1675 1706/61/1675 1702/59/1675
f 1707/41/1676 1709/33/1676 1705/63/1676 1706/61/1676
f 1709/33/1677 1680/34/1677 1704/64/1677 1705/63/1677
f 1670/65/1678 1646/66/1678 1679/66/1678 1703/65/1678
f 1652/67/1679 1653/68/1679 1686/68/1679 1685/67/1679
f 1651/69/1680 1670/65/1680 1703/65/1680 1684/69/1680
f 1644/48/1681 1648/51/1681 1681/51/1681 1677/48/1681
f 1653/68/1682 1654/70/1682 1687/70/1682 1686/68/1682
f 1647/71/1683 1671/72/1683 1704/72/1683 1680/71/1683
f 1664/42/1684 1649/45/1684 1682/45/1684 1697/42/1684
f 1645/73/1685 1655/74/1685 1688/74/1685 1678/73/1685
f 1671/72/1686 1650/75/1686 1683/75/1686 1704/72/1686
f 1655/74/1687 1656/76/1687 1689/76/1687 1688/74/1687
f 1665/77/1688 1651/69/1688 1684/69/1688 1698/77/1688
f 1654/70/1689 1644/78/1689 1677/78/1689 1687/70/1689
f 1656/76/1690 1657/79/1690 1690/79/1690 1689/76/1690
f 1649/45/1691 1645/55/1691 1678/55/1691 1682/45/1691
f 1648/51/1692 1664/42/1692 1697/42/1692 1681/51/1692
f 1657/79/1693 1647/71/1693 1680/71/1693 1690/79/1693
f 1650/75/1694 1665/77/1694 1698/77/1694 1683/75/1694
f 1646/66/1695 1652/67/1695 1685/67/1695 1679/66/1695
f 1729/32/1696 1742/33/1696 1713/34/1696 1723/35/1696
f 1718/36/1697 1712/37/1697 1741/38/1697 1726/39/1697
f 1734/40/1698 1740/41/1698 1742/33/1698 1729/32/1698
f 1730/42/1699 1732/43/1699 1727/44/1699 1715/45/1699
f 1732/43/1700 1733/46/1700 1728/47/1700 1727/44/1700
f 1733/46/1701 1734/40/1701 1729/32/1701 1728/47/1701
f 1710/48/1702 1720/49/1702 1724/50/1702 1714/51/1702
f 1720/49/1703 1719/52/1703 1725/53/1703 1724/50/1703
f 1719/52/1704 1718/36/1704 1726/39/1704 1725/53/1704
f 1715/45/1705 1727/44/1705 1721/54/1705 1711/55/1705
f 1727/44/1706 1728/47/1706 1722/56/1706 1721/54/1706
f 1728/47/1707 1729/32/1707 1723/35/1707 1722/56/1707
f 1725/53/1708 1726/39/1708 1734/40/1708 1733/46/1708
f 1724/50/1709 1725/53/1709 1733/46/1709 1732/43/1709
f 1714/51/1710 1724/50/1710 1732/43/1710 1730/42/1710
f 1726/39/1711 1741/38/1711 1740/41/1711 1734/40/1711
f 1762/32/1712 1756/35/1712 1746/34/1712 1775/33/1712
f 1736/57/1713 1717/58/1713 1735/59/1713
f 1735/59/1714 1717/58/1714 1731/60/1714 1739/61/1714
f 1739/61/1715 1731/60/1715 1716/62/1715 1738/63/1715
f 1738/63/1716 1716/62/1716 1737/64/1716
f 1712/37/1717 1736/57/1717 1735/59/1717 1741/38/1717
f 1741/38/1718 1735/59/1718 1739/61/1718 1740/41/1718
f 1740/41/1719 1739/61/1719 1738/63/1719 1742/33/1719
f 1742/33/1720 1738/63/1720 1737/64/1720 1713/34/1720
f 1751/36/1721 1759/39/1721 1774/38/1721 1745/37/1721
f 1767/40/1722 1762/32/1722 1775/33/1722 1773/41/1722
f 1763/42/1723 1748/45/1723 1760/44/1723 1765/43/1723
f 1765/43/1724 1760/44/1724 1761/47/1724 1766/46/1724
f 1766/46/1725 1761/47/1725 1762/32/1725 1767/40/1725
f 1743/48/1726 1747/51/1726 1757/50/1726 1753/49/1726
f 1753/49/1727 1757/50/1727 1758/53/1727 1752/52/1727
f 1752/52/1728 1758/53/1728 1759/39/1728 1751/36/1728
f 1748/45/1729 1744/55/1729 1754/54/1729 1760/44/1729
f 1760/44/1730 1754/54/1730 1755/56/1730 1761/47/1730
f 1761/47/1731 1755/56/1731 1756/35/1731 1762/32/1731
f 1758/53/1732 1766/46/1732 1767/40/1732 1759/39/1732
f 1757/50/1733 1765/43/1733 1766/46/1733 1758/53/1733
f 1747/51/1734 1763/42/1734 1765/43/1734 1757/50/1734
f 1759/39/1735 1767/40/1735 1773/41/1735 1774/38/1735
f 1769/57/1736 1768/59/1736 1750/58/1736
f 1768/59/1737 1772/61/1737 1764/60/1737 1750/58/1737
f 1772/61/1738 1771/63/1738 1749/62/1738 1764/60/1738
f 1771/63/1739 1770/64/1739 1749/62/1739
f 1745/37/1740 1774/38/1740 1768/59/1740 1769/57/1740
f 1774/38/1741 1773/41/1741 1772/61/1741 1768/59/1741
f 1773/41/1742 1775/33/1742 1771/63/1742 1772/61/1742
f 1775/33/1743 1746/34/1743 1770/64/1743 1771/63/1743
f 1736/65/1744 1712/66/1744 1745/66/1744 1769/65/1744
f 1718/67/1745 1719/68/1745 1752/68/1745 1751/67/1745
f 1717/69/1746 1736/65/1746 1769/65/1746 1750/69/1746
f 1710/48/1747 1714/51/1747 1747/51/1747 1743/48/1747
f 1719/68/1748 1720/70/1748 1753/70/1748 1752/68/1748
f 1713/71/1749 1737/72/1749 1770/72/1749 1746/71/1749
f 1730/42/1750 1715/45/1750 1748/45/1750 1763/42/1750
f 1711/73/1751 1721/74/1751 1754/74/1751 1744/73/1751
f 1737/72/1752 1716/75/1752 1749/75/1752 1770/72/1752
f 1721/74/1753 1722/76/1753 1755/76/1753 1754/74/1753
f 1731/77/1754 1717/69/1754 1750/69/1754 1764/77/1754
f 1720/70/1755 1710/78/1755 1743/78/1755 1753/70/1755
f 1722/76/1756 1723/79/1756 1756/79/1756 1755/76/1756
f 1715/45/1757 1711/55/1757 1744/55/1757 1748/45/1757
f 1714/51/1758 1730/42/1758 1763/42/1758 1747/51/1758
f 1723/79/1759 1713/71/1759 1746/71/1759 1756/79/1759
f 1716/75/1760 1731/77/1760 1764/77/1760 1749/75/1760
f 1712/66/1761 1718/67/1761 1751/67/1761 1745/66/1761
f 1795/32/1762 1808/33/1762 1779/34/1762 1789/35/1762
f 1784/36/1763 1778/37/1763 1807/38/1763 1792/39/1763
f 1800/40/1764 1806/41/1764 1808/33/1764 1795/32/1764
f 1796/42/1765 1798/43/1765 1793/44/1765 1781/45/1765
f 1798/43/1766 1799/46/1766 1794/47/1766 1793/44/1766
f 1799/46/1767 1800/40/1767 1795/32/1767 1794/47/1767
f 1776/48/1768 1786/49/1768 1790/50/1768 1780/51/1768
f 1786/49/1769 1785/52/1769 1791/53/1769 1790/50/1769
f 1785/52/1770 1784/36/1770 1792/39/1770 1791/53/1770
f 1781/45/1771 1793/44/1771 1787/54/1771 1777/55/1771
f 1793/44/1772 1794/47/1772 1788/56/1772 1787/54/1772
f 1794/47/1773 1795/32/1773 1789/35/1773 1788/56/1773
f 1791/53/1774 1792/39/1774 1800/40/1774 1799/46/1774
f 1790/50/1775 1791/53/1775 1799/46/1775 1798/43/1775
f 1780/51/1776 1790/50/1776 1798/43/1776 1796/42/1776
f 1792/39/1777 1807/38/1777 1806/41/1777 1800/40/1777
f 1828/32/1778 1822/35/1778 1812/34/1778 1841/33/1778
f 1802/57/1779 1783/58/1779 1801/59/1779
f 1801/59/1780 1783/58/1780 1797/60/1780 1805/61/1780
f 1805/61/1781 1797/60/1781 1782/62/1781 1804/63/1781
f 1804/63/1782 1782/62/1782 1803/64/1782
f 1778/37/1783 1802/57/1783 1801/59/1783 1807/38/1783
f 1807/38/1784 1801/59/1784 1805/61/1784 1806/41/1784
f 1806/41/1785 1805/61/1785 1804/63/1785 1808/33/1785
f 1808/33/1786 1804/63/1786 1803/64/1786 1779/34/1786
f 1817/36/1787 1825/39/1787 1840/38/1787 1811/37/1787
f 1833/40/1788 1828/32/1788 1841/33/1788 1839/41/1788
f 1829/42/1789 1814/45/1789 1826/44/1789 1831/43/1789
f 1831/43/1790 1826/44/1790 1827/47/1790 1832/46/1790
f 1832/46/1791 1827/47/1791 1828/32/1791 1833/40/1791
f 1809/48/1792 1813/51/1792 1823/50/1792 1819/49/1792
f 1819/49/1793 1823/50/1793 1824/53/1793 1818/52/1793
f 1818/52/1794 1824/53/1794 1825/39/1794 1817/36/1794
f 1814/45/1795 1810/55/1795 1820/54/1795 1826/44/1795
f 1826/44/1796 1820/54/1796 1821/56/1796 1827/47/1796
f 1827/47/1797 1821/56/1797 1822/35/1797 1828/32/1797
f 1824/53/1798 1832/46/1798 1833/40/1798 1825/39/1798
f 1823/50/1799 1831/43/1799 1832/46/1799 1824/53/1799
f 1813/51/1800 1829/42/1800 1831/43/1800 1823/50/1800
f 1825/39/1801 1833/40/1801 1839/41/1801 1840/38/1801
f 1835/57/1802 1834/59/1802 1816/58/1802
f 1834/59/1803 1838/61/1803 1830/60/1803 1816/58/1803
f 1838/61/1804 1837/63/1804 1815/62/1804 1830/60/1804
f 1837/63/1805 1836/64/1805 1815/62/1805
f 1811/37/1806 1840/38/1806 1834/59/1806 1835/57/1806
f 1840/38/1807 1839/41/1807 1838/61/1807 1834/59/1807
f 1839/41/1808 1841/33/1808 1837/63/1808 1838/61/1808
f 1841/33/1809 1812/34/1809 1836/64/1809 1837/63/1809
f 1802/65/1810 1778/66/1810 1811/66/1810 1835/65/1810
f 1784/67/1811 1785/68/1811 1818/68/1811 1817/67/1811
f 1783/69/1812 1802/65/1812 1835/65/1812 1816/69/1812
f 1776/48/1813 1780/51/1813 1813/51/1813 1809/48/1813
f 1785/68/1814 1786/70/1814 1819/70/1814 1818/68/1814
f 1779/71/1815 1803/72/1815 1836/72/1815 1812/71/1815
f 1796/42/1816 1781/45/1816 1814/45/1816 1829/42/1816
f 1777/73/1817 1787/74/1817 1820/74/1817 1810/73/1817
f 1803/72/1818 1782/75/1818 1815/75/1818 1836/72/1818
f 1787/74/1819 1788/76/1819 1821/76/1819 1820/74/1819
f 1797/77/1820 1783/69/1820 1816/69/1820 1830/77/1820
f 1786/70/1821 1776/78/1821 1809/78/1821 1819/70/1821
f 1788/76/1822 1789/79/1822 1822/79/1822 1821/76/1822
f 1781/45/1823 1777/55/1823 1810/55/1823 1814/45/1823
f 1780/51/1824 1796/42/1824 1829/42/1824 1813/51/1824
f 1789/79/1825 1779/71/1825 1812/71/1825 1822/79/1825
f 1782/75/1826 1797/77/1826 1830/77/1826 1815/75/1826
f 1778/66/1827 1784/67/1827 1817/67/1827 1811/66/1827
f 1861/32/1828 1874/33/1828 1845/34/1828 1855/35/1828
f 1850/36/1829 1844/37/1829 1873/38/1829 1858/39/1829
f 1866/40/1830 1872/41/1830 1874/33/1830 1861/32/1830
f 1862/42/1831 1864/43/1831 1859/44/1831 1847/45/1831
f 1864/43/1832 1865/46/1832 1860/47/1832 1859/44/1832
f 1865/46/1833 1866/40/1833 1861/32/1833 1860/47/1833
f 1842/48/1834 1852/49/1834 1856/50/1834 1846/51/1834
f 1852/49/1835 1851/52/1835 1857/53/1835 1856/50/1835
f 1851/52/1836 1850/36/1836 1858/39/1836 1857/53/1836
f 1847/45/1837 1859/44/1837 1853/54/1837 1843/55/1837
f 1859/44/1838 1860/47/1838 1854/56/1838 1853/54/1838
f 1860/47/1839 1861/32/1839 1855/35/1839 1854/56/1839
f 1857/53/1840 1858/39/1840 1866/40/1840 1865/46/1840
f 1856/50/1841 1857/53/1841 1865/46/1841 1864/43/1841
f 1846/51/1842 1856/50/1842 1864/43/1842 1862/42/1842
f 1858/39/1843 1873/38/1843 1872/41/1843 1866/40/1843
f 1894/32/1844 1888/35/1844 1878/34/1844 1907/33/1844
f 1868/57/1845 1849/58/1845 1867/59/1845
f 1867/59/1846 1849/58/1846 1863/60/1846 1871/61/1846
f 1871/61/1847 1863/60/1847 1848/62/1847 1870/63/1847
f 1870/63/1848 1848/62/1848 1869/64/1848
f 1844/37/1849 1868/57/1849 1867/59/1849 1873/38/1849
f 1873/38/1850 1867/59/1850 1871/61/1850 1872/41/1850
f 1872/41/1851 1871/61/1851 1870/63/1851 1874/33/1851
f 1874/33/1852 1870/63/1852 1869/64/1852 1845/34/1852
f 1883/36/1853 1891/39/1853 1906/38/1853 1877/37/1853
f 1899/40/1854 1894/32/1854 1907/33/1854 1905/41/1854
f 1895/42/1855 1880/45/1855 1892/44/1855 1897/43/1855
f 1897/43/1856 1892/44/1856 1893/47/1856 1898/46/1856
f 1898/46/1857 1893/47/1857 1894/32/1857 1899/40/1857
f 1875/48/1858 1879/51/1858 1889/50/1858 1885/49/1858
f 1885/49/1859 1889/50/1859 1890/53/1859 1884/52/1859
f 1884/52/1860 1890/53/1860 1891/39/1860 1883/36/1860
f 1880/45/1861 1876/55/1861 1886/54/1861 1892/44/1861
f 1892/44/1862 1886/54/1862 1887/56/1862 1893/47/1862
f 1893/47/1863 1887/56/1863 1888/35/1863 1894/32/1863
f 1890/53/1864 1898/46/1864 1899/40/1864 1891/39/1864
f 1889/50/1865 1897/43/1865 1898/46/1865 1890/53/1865
f 1879/51/1866 1895/42/1866 1897/43/1866 1889/50/1866
f 1891/39/1867 1899/40/1867 1905/41/1867 1906/38/1867
f 1901/57/1868 1900/59/1868 1882/58/1868
f 1900/59/1869 1904/61/1869 1896/60/1869 1882/58/1869
f 1904/61/1870 1903/63/1870 1881/62/1870 1896/60/1870
f 1903/63/1871 1902/64/1871 1881/62/1871
f 1877/37/1872 1906/38/1872 1900/59/1872 1901/57/1872
f 1906/38/1873 1905/41/1873 1904/61/1873 1900/59/1873
f 1905/41/1874 1907/33/1874 1903/63/1874 1904/61/1874
f 1907/33/1875 1878/34/1875 1902/64/1875 1903/63/1875
f 1868/65/1876 1844/66/1876 1877/66/1876 1901/65/1876
f 1850/67/1877 1851/68/1877 1884/68/1877 1883/67/1877
f 1849/69/1878 1868/65/1878 1901/65/1878 1882/69/1878
f 1842/48/1879 1846/51/1879 1879/51/1879 1875/48/1879
f 1851/68/1880 1852/70/1880 1885/70/1880 1884/68/1880
f 1845/71/1881 1869/72/1881 1902/72/1881 1878/71/1881
f 1862/42/1882 1847/45/1882 1880/45/1882 1895/42/1882
f 1843/73/1883 1853/74/1883 1886/74/1883 1876/73/1883
f 1869/72/1884 1848/75/1884 1881/75/1884 1902/72/1884
f 1853/74/1885 1854/76/1885 1887/76/1885 1886/74/1885
f 1863/77/1886 1849/69/1886 1882/69/1886 1896/77/1886
f 1852/70/1887 1842/78/1887 1875/78/1887 1885/70/1887
f 1854/76/1888 1855/79/1888 1888/79/1888 1887/76/1888
f 1847/45/1889 1843/55/1889 1876/55/1889 1880/45/1889
f 1846/51/1890 1862/42/1890 1895/42/1890 1879/51/1890
f 1855/79/1891 1845/71/1891 1878/71/1891 1888/79/1891
f 1848/75/1892 1863/77/1892 1896/77/1892 1881/75/1892
f 1844/66/1893 1850/67/1893 1883/67/1893 1877/66/1893
f 1927/32/1894 1940/33/1894 1911/34/1894 1921/35/1894
f 1916/36/1895 1910/37/1895 1939/38/1895 1924/39/1895
f 1932/40/1896 1938/41/1896 1940/33/1896 1927/32/1896
f 1928/42/1897 1930/43/1897 1925/44/1897 1913/45/1897
f 1930/43/1898 1931/46/1898 1926/47/1898 1925/44/1898
f 1931/46/1899 1932/40/1899 1927/32/1899 1926/47/1899
f 1908/48/1900 1918/49/1900 1922/50/1900 1912/51/1900
f 1918/49/1901 1917/52/1901 1923/53/1901 1922/50/1901
f 1917/52/1902 1916/36/1902 1924/39/1902 1923/53/1902
f 1913/45/1903 1925/44/1903 1919/54/1903 1909/55/1903
f 1925/44/1904 1926/47/1904 1920/56/1904 1919/54/1904
f 1926/47/1905 1927/32/1905 1921/35/1905 1920/56/1905
f 1923/53/1906 1924/39/1906 1932/40/1906 1931/46/1906
f 1922/50/1907 1923/53/1907 1931/46/1907 1930/43/1907
f 1912/51/1908 1922/50/1908 1930/43/1908 1928/42/1908
f 1924/39/1909 1939/38/1909 1938/41/1909 1932/40/1909
f 1960/32/1910 1954/35/1910 1944/34/1910 1973/33/1910
f 1934/57/1911 1915/58/1911 1933/59/1911
f 1933/59/1912 1915/58/1912 1929/60/1912 1937/61/1912
f 1937/61/1913 1929/60/1913 1914/62/1913 1936/63/1913
f 1936/63/1914 1914/62/1914 1935/64/1914
f 1910/37/1915 1934/57/1915 1933/59/1915 1939/38/1915
f 1939/38/1916 1933/59/1916 1937/61/1916 1938/41/1916
f 1938/41/1917 1937/61/1917 1936/63/1917 1940/33/1917
f 1940/33/1918 1936/63/1918 1935/64/1918 1911/34/1918
f 1949/36/1919 1957/39/1919 1972/38/1919 1943/37/1919
f 1965/40/1920 1960/32/1920 1973/33/1920 1971/41/1920
f 1961/42/1921 1946/45/1921 1958/44/1921 1963/43/1921
f 1963/43/1922 1958/44/1922 1959/47/1922 1964/46/1922
f 1964/46/1923 1959/47/1923 1960/32/1923 1965/40/1923
f 1941/48/1924 1945/51/1924 1955/50/1924 1951/49/1924
f 1951/49/1925 1955/50/1925 1956/53/1925 1950/52/1925
f 1950/52/1926 1956/53/1926 1957/39/1926 1949/36/1926
f 1946/45/1927 1942/55/1927 1952/54/1927 1958/44/1927
f 1958/44/1928 1952/54/1928 1953/56/1928 1959/47/1928
f 1959/47/1929 1953/56/1929 1954/35/1929 1960/32/1929
f 1956/53/1930 1964/46/1930 1965/40/1930 1957/39/1930
f 1955/50/1931 1963/43/1931 1964/46/1931 1956/53/1931
f 1945/51/1932 1961/42/1932 1963/43/1932 1955/50/1932
f 1957/39/1933 1965/40/1933 1971/41/1933 1972/38/1933
f 1967/57/1934 1966/59/1934 1948/58/1934
f 1966/59/1935 1970/61/1935 1962/60/1935 1948/58/1935
f 1970/61/1936 1969/63/1936 1947/62/1936 1962/60/1936
f 1969/63/1937 1968/64/1937 1947/62/1937
f 1943/37/1938 1972/38/1938 1966/59/1938 1967/57/1938
f 1972/38/1939 1971/41/1939 1970/61/1939 1966/59/1939
f 1971/41/1940 1973/33/1940 1969/63/1940 1970/61/1940
f 1973/33/1941 1944/34/1941 1968/64/1941 1969/63/1941
f 1934/65/1942 1910/66/1942 1943/66/1942 1967/65/1942
f 1916/67/1943 1917/68/1943 1950/68/1943 1949/67/1943
f 1915/69/1944 1934/65/1944 1967/65/1944 1948/69/1944
f 1908/48/1945 1912/51/1945 1945/51/1945 1941/48/1945
f 1917/68/1946 1918/70/1946 1951/70/1946 1950/68/1946
f 1911/71/1947 1935/72/1947 1968/72/1947 1944/71/1947
f 1928/42/1948 1913/45/1948 1946/45/1948 1961/42/1948
f 1909/73/1949 1919/74/1949 1952/74/1949 1942/73/1949
f 1935/72/1950 1914/75/1950 1947/75/1950 1968/72/1950
f 1919/74/1951 1920/76/1951 1953/76/1951 1952/74/1951
f 1929/77/1952 1915/69/1952 1948/69/1952 1962/77/1952
f 1918/70/1953 1908/78/1953 1941/78/1953 1951/70/1953
f 1920/76/1954 1921/79/1954 1954/79/1954 1953/76/1954
f 1913/45/1955 1909/55/1955 1942/55/1955 1946/45/1955
f 1912/51/1956 1928/42/1956 1961/42/1956 1945/51/1956
f 1921/79/1957 1911/71/1957 1944/71/1957 1954/79/1957
f 1914/75/1958 1929/77/1958 1962/77/1958 1947/75/1958
f 1910/66/1959 1916/67/1959 1949/67/1959 1943/66/1959
f 1993/32/1960 2006/33/1960 1977/34/1960 1987/35/1960
f 1982/36/1961 1976/37/1961 2005/38/1961 1990/39/1961
f 1998/40/1962 2004/41/1962 2006/33/1962 1993/32/1962
f 1994/42/1963 1996/43/1963 1991/44/1963 1979/45/1963
f 1996/43/1964 1997/46/1964 1992/47/1964 1991/44/1964
f 1997/46/1965 1998/40/1965 1993/32/1965 1992/47/1965
f 1974/48/1966 1984/49/1966 1988/50/1966 1978/51/1966
f 1984/49/1967 1983/52/1967 1989/53/1967 1988/50/1967
f 1983/52/1968 1982/36/1968 1990/39/1968 1989/53/1968
f 1979/45/1969 1991/44/1969 1985/54/1969 1975/55/1969
f 1991/44/1970 1992/47/1970 1986/56/1970 1985/54/1970
f 1992/47/1971 1993/32/1971 1987/35/1971 1986/56/1971
f 1989/53/1972 1990/39/1972 1998/40/1972 1997/46/1972
f 1988/50/1973 1989/53/1973 1997/46/1973 1996/43/1973
f 1978/51/1974 1988/50/1974 1996/43/1974 1994/42/1974
f 1990/39/1975 2005/38/1975 2004/41/1975 1998/40/1975
f 2026/32/1976 2020/35/1976 2010/34/1976 2039/33/1976
f 2000/57/1977 1981/58/1977 1999/59/1977
f 1999/59/1978 1981/58/1978 1995/60/1978 2003/61/1978
f 2003/61/1979 1995/60/1979 1980/62/1979 2002/63/1979
f 2002/63/1980 1980/62/1980 2001/64/1980
f 1976/37/1981 2000/57/1981 1999/59/1981 2005/38/1981
f 2005/38/1982 1999/59/1982 2003/61/1982 2004/41/1982
f 2004/41/1983 2003/61/1983 2002/63/1983 2006/33/1983
f 2006/33/1984 2002/63/1984 2001/64/1984 1977/34/1984
f 2015/36/1985 2023/39/1985 2038/38/1985 2009/37/1985
f 2031/40/1986 2026/32/1986 2039/33/1986 2037/41/1986
f 2027/42/1987 2012/45/1987 2024/44/1987 2029/43/1987
f 2029/43/1988 2024/44/1988 2025/47/1988 2030/46/1988
f 2030/46/1989 2025/47/1989 2026/32/1989 2031/40/1989
f 2007/48/1990 2011/51/1990 2021/50/1990 2017/49/1990
f 2017/49/1991 2021/50/1991 2022/53/1991 2016/52/1991
f 2016/52/1992 2022/53/1992 2023/39/1992 2015/36/1992
f 2012/45/1993 2008/55/1993 2018/54/1993 2024/44/1993
f 2024/44/1994 2018/54/1994 2019/56/1994 2025/47/1994
f 2025/47/1995 2019/56/1995 2020/35/1995 2026/32/1995
f 2022/53/1996 2030/46/1996 2031/40/1996 2023/39/1996
f 2021/50/1997 2029/43/1997 2030/46/1997 2022/53/1997
f 2011/51/1998 2027/42/1998 2029/43/1998 2021/50/1998
f 2023/39/1999 2031/40/1999 2037/41/1999 2038/38/1999
f 2033/57/2000 2032/59/2000 2014/58/2000
f 2032/59/2001 2036/61/2001 2028/60/2001 2014/58/2001
f 2036/61/2002 2035/63/2002 2013/62/2002 2028/60/2002
f 2035/63/2003 2034/64/2003 2013/62/2003
f 2009/37/2004 2038/38/2004 2032/59/2004 2033/57/2004
f 2038/38/2005 2037/41/2005 2036/61/2005 2032/59/2005
f 2037/41/2006 2039/33/2006 2035/63/2006 2036/61/2006
f 2039/33/2007 2010/34/2007 2034/64/2007 2035/63/2007
f 2000/65/2008 1976/66/2008 2009/66/2008 2033/65/2008
f 1982/67/2009 1983/68/2009 2016/68/2009 2015/67/2009
f 1981/69/2010 2000/65/2010 2033/65/2010 2014/69/2010
f 1974/48/2011 1978/51/2011 2011/51/2011 2007/48/2011
f 1983/68/2012 1984/70/2012 2017/70/2012 2016/68/2012
f 1977/71/2013 2001/72/2013 2034/72/2013 2010/71/2013
f 1994/42/2014 1979/45/2014 2012/45/2014 2027/42/2014
f 1975/73/2015 1985/74/2015 2018/74/2015 2008/73/2015
f 2001/72/2016 1980/75/2016 2013/75/2016 2034/72/2016
f 1985/74/2017 1986/76/2017 2019/76/2017 2018/74/2017
f 1995/77/2018 1981/69/2018 2014/69/2018 2028/77/2018
f 1984/70/2019 1974/78/2019 2007/78/2019 2017/70/2019
f 1986/76/2020 1987/79/2020 2020/79/2020 2019/76/2020
f 1979/45/2021 1975/55/2021 2008/55/2021 2012/45/2021
f 1978/51/2022 1994/42/2022 2027/42/2022 2011/51/2022
f 1987/79/2023 1977/71/2023 2010/71/2023 2020/79/2023
f 1980/75/2024 1995/77/2024 2028/77/2024 2013/75/2024
f 1976/66/2025 1982/67/2025 2015/67/2025 2009/66/2025
f 2059/1/2026 2040/2/2026 2041/3/2026 2060/4/2026
f 2060/4/2027 2041/3/2027 2042/5/2027 2061/6/2027
f 2061/6/2028 2042/5/2028 2043/7/2028 2062/8/2028
f 2062/8/2029 2043/7/2029 2044/9/2029 2063/10/2029
f 2045/11/2030 2044/12/2030 2050/13/2030 2051/14/2030
f 2063/10/2031 2044/9/2031 2045/15/2031 2064/16/2031
f 2064/16/2032 2045/15/2032 2040/2/2032 2059/1/2032
f 2041/17/2033 2040/18/2033 2046/19/2033 2047/20/2033
f 2043/21/2034 2042/22/2034 2048/23/2034 2049/24/2034
f 2040/18/2035 2045/11/2035 2051/14/2035 2046/19/2035
f 2044/12/2036 2043/21/2036 2049/24/2036 2050/13/2036
f 2042/22/2037 2041/17/2037 2047/20/2037 2048/23/2037
f 2046/19/2038 2051/14/2038 2057/25/2038 2052/26/2038
f 2050/13/2039 2049/24/2039 2055/27/2039 2056/28/2039
f 2048/23/2040 2047/20/2040 2053/29/2040 2054/30/2040
f 2051/14/2041 2050/13/2041 2056/28/2041 2057/25/2041
f 2049/24/2042 2048/23/2042 2054/30/2042 2055/27/2042
f 2047/20/2043 2046/19/2043 2052/26/2043 2053/29/2043
f 2057/25/2044 2056/28/2044 2058/31/2044
f 2055/27/2045 2054/30/2045 2058/31/2045
f 2053/29/2046 2052/26/2046 2058/31/2046
f 2052/26/2047 2057/25/2047 2058/31/2047
f 2056/28/2048 2055/27/2048 2058/31/2048
f 2054/30/2049 2053/29/2049 2058/31/2049
f 2084/32/2050 2097/33/2050 2068/34/2050 2078/35/2050
f 2073/36/2051 2067/37/2051 2096/38/2051 2081/39/2051
f 2089/40/2052 2095/41/2052 2097/33/2052 2084/32/2052
f 2085/42/2053 2087/43/2053 2082/44/2053 2070/45/2053
f 2087/43/2054 2088/46/2054 2083/47/2054 2082/44/2054
f 2088/46/2055 2089/40/2055 2084/32/2055 2083/47/2055
f 2065/48/2056 2075/49/2056 2079/50/2056 2069/51/2056
f 2075/49/2057 2074/52/2057 2080/53/2057 2079/50/2057
f 2074/52/2058 2073/36/2058 2081/39/2058 2080/53/2058
f 2070/45/2059 2082/44/2059 2076/54/2059 2066/55/2059
f 2082/44/2060 2083/47/2060 2077/56/2060 2076/54/2060
f 2083/47/2061 2084/32/2061 2078/35/2061 2077/56/2061
f 2080/53/2062 2081/39/2062 2089/40/2062 2088/46/2062
f 2079/50/2063 2080/53/2063 2088/46/2063 2087/43/2063
f 2069/51/2064 2079/50/2064 2087/43/2064 2085/42/2064
f 2081/39/2065 2096/38/2065 2095/41/2065 2089/40/2065
f 2117/32/2066 2111/35/2066 2101/34/2066 2130/33/2066
f 2091/57/2067 2072/58/2067 2090/59/2067
f 2090/59/2068 2072/58/2068 2086/60/2068 2094/61/2068
f 2094/61/2069 2086/60/2069 2071/62/2069 2093/63/2069
f 2093/63/2070 2071/62/2070 2092/64/2070
f 2067/37/2071 2091/57/2071 2090/59/2071 2096/38/2071
f 2096/38/2072 2090/59/2072 2094/61/2072 2095/41/2072
f 2095/41/2073 2094/61/2073 2093/63/2073 2097/33/2073
f 2097/33/2074 2093/63/2074 2092/64/2074 2068/34/2074
f 2106/36/2075 2114/39/2075 2129/38/2075 2100/37/2075
f 2122/40/2076 2117/32/2076 2130/33/2076 2128/41/2076
f 2118/42/2077 2103/45/2077 2115/44/2077 2120/43/2077
f 2120/43/2078 2115/44/2078 2116/47/2078 2121/46/2078
f 2121/46/2079 2116/47/2079 2117/32/2079 2122/40/2079
f 2098/48/2080 2102/51/2080 2112/50/2080 2108/49/2080
f 2108/49/2081 2112/50/2081 2113/53/2081 2107/52/2081
f 2107/52/2082 2113/53/2082 2114/39/2082 2106/36/2082
f 2103/45/2083 2099/55/2083 2109/54/2083 2115/44/2083
f 2115/44/2084 2109/54/2084 2110/56/2084 2116/47/2084
f 2116/47/2085 2110/56/2085 2111/35/2085 2117/32/2085
f 2113/53/2086 2121/46/2086 2122/40/2086 2114/39/2086
f 2112/50/2087 2120/43/2087 2121/46/2087 2113/53/2087
f 2102/51/2088 2118/42/2088 2120/43/2088 2112/50/2088
f 2114/39/2089 2122/40/2089 2128/41/2089 2129/38/2089
f 2124/57/2090 2123/59/2090 2105/58/2090
f 2123/59/2091 2127/61/2091 2119/60/2091 2105/58/2091
f 2127/61/2092 2126/63/2092 2104/62/2092 2119/60/2092
f 2126/63/2093 2125/64/2093 2104/62/2093
f 2100/37/2094 2129/38/2094 2123/59/2094 2124/57/2094
f 2129/38/2095 2128/41/2095 2127/61/2095 2123/59/2095
f 2128/41/2096 2130/33/2096 2126/63/2096 2127/61/2096
f 2130/33/2097 2101/34/2097 2125/64/2097 2126/63/2097
f 2091/65/2098 2067/66/2098 2100/66/2098 2124/65/2098
f 2073/67/2099 2074/68/2099 2107/68/2099 2106/67/2099
f 2072/69/2100 2091/65/2100 2124/65/2100 2105/69/2100
f 2065/48/2101 2069/51/2101 2102/51/2101 2098/48/2101
f 2074/68/2102 2075/70/2102 2108/70/2102 2107/68/2102
f 2068/71/2103 2092/72/2103 2125/72/2103 2101/71/2103
f 2085/42/2104 2070/45/2104 2103/45/2104 2118/42/2104
f 2066/73/2105 2076/74/2105 2109/74/2105 2099/73/2105
f 2092/72/2106 2071/75/2106 2104/75/2106 2125/72/2106
f 2076/74/2107 2077/76/2107 2110/76/2107 2109/74/2107
f 2086/77/2108 2072/69/2108 2105/69/2108 2119/77/2108
f 2075/70/2109 2065/78/2109 2098/78/2109 2108/70/2109
f 2077/76/2110 2078/79/2110 2111/79/2110 2110/76/2110
f 2070/45/2111 2066/55/2111 2099/55/2111 2103/45/2111
f 2069/51/2112 2085/42/2112 2118/42/2112 2102/51/2112
f 2078/79/2113 2068/71/2113 2101/71/2113 2111/79/2113
f 2071/75/2114 2086/77/2114 2119/77/2114 2104/75/2114
f 2067/66/2115 2073/67/2115 2106/67/2115 2100/66/2115
f 2150/32/2116 2163/33/2116 2134/34/2116 2144/35/2116
f 2139/36/2117 2133/37/2117 2162/38/2117 2147/39/2117
f 2155/40/2118 2161/41/2118 2163/33/2118 2150/32/2118
f 2151/42/2119 2153/43/2119 2148/44/2119 2136/45/2119
f 2153/43/2120 2154/46/2120 2149/47/2120 2148/44/2120
f 2154/46/2121 2155/40/2121 2150/32/2121 2149/47/2121
f 2131/48/2122 2141/49/2122 2145/50/2122 2135/51/2122
f 2141/49/2123 2140/52/2123 2146/53/2123 2145/50/2123
f 2140/52/2124 2139/36/2124 2147/39/2124 2146/53/2124
f 2136/45/2125 2148/44/2125 2142/54/2125 2132/55/2125
f 2148/44/2126 2149/47/2126 2143/56/2126 2142/54/2126
f 2149/47/2127 2150/32/2127 2144/35/2127 2143/56/2127
f 2146/53/2128 2147/39/2128 2155/40/2128 2154/46/2128
f 2145/50/2129 2146/53/2129 2154/46/2129 2153/43/2129
f 2135/51/2130 2145/50/2130 2153/43/2130 2151/42/2130
f 2147/39/2131 2162/38/2131 2161/41/2131 2155/40/2131
f 2183/32/2132 2177/35/2132 2167/34/2132 2196/33/2132
f 2157/57/2133 2138/58/2133 2156/59/2133
f 2156/59/2134 2138/58/2134 2152/60/2134 2160/61/2134
f 2160/61/2135 2152/60/2135 2137/62/2135 2159/63/2135
f 2159/63/2136 2137/62/2136 2158/64/2136
f 2133/37/2137 2157/57/2137 2156/59/2137 2162/38/2137
f 2162/38/2138 2156/59/2138 2160/61/2138 2161/41/2138
f 2161/41/2139 2160/61/2139 2159/63/2139 2163/33/2139
f 2163/33/2140 2159/63/2140 2158/64/2140 2134/34/2140
f 2172/36/2141 2180/39/2141 2195/38/2141 2166/37/2141
f 2188/40/2142 2183/32/2142 2196/33/2142 2194/41/2142
f 2184/42/2143 2169/45/2143 2181/44/2143 2186/43/2143
f 2186/43/2144 2181/44/2144 2182/47/2144 2187/46/2144
f 2187/46/2145 2182/47/2145 2183/32/2145 2188/40/2145
f 2164/48/2146 2168/51/2146 2178/50/2146 2174/49/2146
f 2174/49/2147 2178/50/2147 2179/53/2147 2173/52/2147
f 2173/52/2148 2179/53/2148 2180/39/2148 2172/36/2148
f 2169/45/2149 2165/55/2149 2175/54/2149 2181/44/2149
f 2181/44/2150 2175/54/2150 2176/56/2150 2182/47/2150
f 2182/47/2151 2176/56/2151 2177/35/2151 2183/32/2151
f 2179/53/2152 2187/46/2152 2188/40/2152 2180/39/2152
f 2178/50/2153 2186/43/2153 2187/46/2153 2179/53/2153
f 2168/51/2154 2184/42/2154 2186/43/2154 2178/50/2154
f 2180/39/2155 2188/40/2155 2194/41/2155 2195/38/2155
f 2190/57/2156 2189/59/2156 2171/58/2156
f 2189/59/2157 2193/61/2157 2185/60/2157 2171/58/2157
f 2193/61/2158 2192/63/2158 2170/62/2158 2185/60/2158
f 2192/63/2159 2191/64/2159 2170/62/2159
f 2166/37/2160 2195/38/2160 2189/59/2160 2190/57/2160
f 2195/38/2161 2194/41/2161 2193/61/2161 2189/59/2161
f 2194/41/2162 2196/33/2162 2192/63/2162 2193/61/2162
f 2196/33/2163 2167/34/2163 2191/64/2163 2192/63/2163
f 2157/65/2164 2133/66/2164 2166/66/2164 2190/65/2164
f 2139/67/2165 2140/68/2165 2173/68/2165 2172/67/2165
f 2138/69/2166 2157/65/2166 2190/65/2166 2171/69/2166
f 2131/48/2167 2135/51/2167 2168/51/2167 2164/48/2167
f 2140/68/2168 2141/70/2168 2174/70/2168 2173/68/2168
f 2134/71/2169 2158/72/2169 2191/72/2169 2167/71/2169
f 2151/42/2170 2136/45/2170 2169/45/2170 2184/42/2170
f 2132/73/2171 2142/74/2171 2175/74/2171 2165/73/2171
f 2158/72/2172 2137/75/2172 2170/75/2172 2191/72/2172
f 2142/74/2173 2143/76/2173 2176/76/2173 2175/74/2173
f 2152/77/2174 2138/69/2174 2171/69/2174 2185/77/2174
f 2141/70/2175 2131/78/2175 2164/78/2175 2174/70/2175
f 2143/76/2176 2144/79/2176 2177/79/2176 2176/76/2176
f 2136/45/2177 2132/55/2177 2165/55/2177 2169/45/2177
f 2135/51/2178 2151/42/2178 2184/42/2178 2168/51/2178
f 2144/79/2179 2134/71/2179 2167/71/2179 2177/79/2179
f 2137/75/2180 2152/77/2180 2185/77/2180 2170/75/2180
f 2133/66/2181 2139/67/2181 2172/67/2181 2166/66/2181
f 2216/32/2182 2229/33/2182 2200/34/2182 2210/35/2182
f 2205/36/2183 2199/37/2183 2228/38/2183 2213/39/2183
f 2221/40/2184 2227/41/2184 2229/33/2184 2216/32/2184
f 2217/42/2185 2219/43/2185 2214/44/2185 2202/45/2185
f 2219/43/2186 2220/46/2186 2215/47/2186 2214/44/2186
f 2220/46/2187 2221/40/2187 2216/32/2187 2215/47/2187
f 2197/48/2188 2207/49/2188 2211/50/2188 2201/51/2188
f 2207/49/2189 2206/52/2189 2212/53/2189 2211/50/2189
f 2206/52/2190 2205/36/2190 2213/39/2190 2212/53/2190
f 2202/45/2191 2214/44/2191 2208/54/2191 2198/55/2191
f 2214/44/2192 2215/47/2192 2209/56/2192 2208/54/2192
f 2215/47/2193 2216/32/2193 2210/35/2193 2209/56/2193
f 2212/53/2194 2213/39/2194 2221/40/2194 2220/46/2194
f 2211/50/2195 2212/53/2195 2220/46/2195 2219/43/2195
f 2201/51/2196 2211/50/2196 2219/43/2196 2217/42/2196
f 2213/39/2197 2228/38/2197 2227/41/2197 2221/40/2197
f 2249/32/2198 2243/35/2198 2233/34/2198 2262/33/2198
f 2223/57/2199 2204/58/2199 2222/59/2199
f 2222/59/2200 2204/58/2200 2218/60/2200 2226/61/2200
f 2226/61/2201 2218/60/2201 2203/62/2201 2225/63/2201
f 2225/63/2202 2203/62/2202 2224/64/2202
f 2199/37/2203 2223/57/2203 2222/59/2203 2228/38/2203
f 2228/38/2204 2222/59/2204 2226/61/2204 2227/41/2204
f 2227/41/2205 2226/61/2205 2225/63/2205 2229/33/2205
f 2229/33/2206 2225/63/2206 2224/64/2206 2200/34/2206
f 2238/36/2207 2246/39/2207 2261/38/2207 2232/37/2207
f 2254/40/2208 2249/32/2208 2262/33/2208 2260/41/2208
f 2250/42/2209 2235/45/2209 2247/44/2209 2252/43/2209
f 2252/43/2210 2247/44/2210 2248/47/2210 2253/46/2210
f 2253/46/2211 2248/47/2211 2249/32/2211 2254/40/2211
f 2230/48/2212 2234/51/2212 2244/50/2212 2240/49/2212
f 2240/49/2213 2244/50/2213 2245/53/2213 2239/52/2213
f 2239/52/2214 2245/53/2214 2246/39/2214 2238/36/2214
f 2235/45/2215 2231/55/2215 2241/54/2215 2247/44/2215
f 2247/44/2216 2241/54/2216 2242/56/2216 2248/47/2216
f 2248/47/2217 2242/56/2217 2243/35/2217 2249/32/2217
f 2245/53/2218 2253/46/2218 2254/40/2218 2246/39/2218
f 2244/50/2219 2252/43/2219 2253/46/2219 2245/53/2219
f 2234/51/2220 2250/42/2220 2252/43/2220 2244/50/2220
f 2246/39/2221 2254/40/2221 2260/41/2221 2261/38/2221
f 2256/57/2222 2255/59/2222 2237/58/2222
f 2255/59/2223 2259/61/2223 2251/60/2223 2237/58/2223
f 2259/61/2224 2258/63/2224 2236/62/2224 2251/60/2224
f 2258/63/2225 2257/64/2225 2236/62/2225
f 2232/37/2226 2261/38/2226 2255/59/2226 2256/57/2226
f 2261/38/2227 2260/41/2227 2259/61/2227 2255/59/2227
f 2260/41/2228 2262/33/2228 2258/63/2228 2259/61/2228
f 2262/33/2229 2233/34/2229 2257/64/2229 2258/63/2229
f 2223/65/2230 2199/66/2230 2232/66/2230 2256/65/2230
f 2205/67/2231 2206/68/2231 2239/68/2231 2238/67/2231
f 2204/69/2232 2223/65/2232 2256/65/2232 2237/69/2232
f 2197/48/2233 2201/51/2233 2234/51/2233 2230/48/2233
f 2206/68/2234 2207/70/2234 2240/70/2234 2239/68/2234
f 2200/71/2235 2224/72/2235 2257/72/2235 2233/71/2235
f 2217/42/2236 2202/45/2236 2235/45/2236 2250/42/2236
f 2198/73/2237 2208/74/2237 2241/74/2237 2231/73/2237
f 2224/72/2238 2203/75/2238 2236/75/2238 2257/72/2238
f 2208/74/2239 2209/76/2239 2242/76/2239 2241/74/2239
f 2218/77/2240 2204/69/2240 2237/69/2240 2251/77/2240
f 2207/70/2241 2197/78/2241 2230/78/2241 2240/70/2241
f 2209/76/2242 2210/79/2242 2243/79/2242 2242/76/2242
f 2202/45/2243 2198/55/2243 2231/55/2243 2235/45/2243
f 2201/51/2244 2217/42/2244 2250/42/2244 2234/51/2244
f 2210/79/2245 2200/71/2245 2233/71/2245 2243/79/2245
f 2203/75/2246 2218/77/2246 2251/77/2246 2236/75/2246
f 2199/66/2247 2205/67/2247 2238/67/2247 2232/66/2247
f 2282/32/2248 2295/33/2248 2266/34/2248 2276/35/2248
f 2271/36/2249 2265/37/2249 2294/38/2249 2279/39/2249
f 2287/40/2250 2293/41/2250 2295/33/2250 2282/32/2250
f 2283/42/2251 2285/43/2251 2280/44/2251 2268/45/2251
f 2285/43/2252 2286/46/2252 2281/47/2252 2280/44/2252
f 2286/46/2253 2287/40/2253 2282/32/2253 2281/47/2253
f 2263/48/2254 2273/49/2254 2277/50/2254 2267/51/2254
f 2273/49/2255 2272/52/2255 2278/53/2255 2277/50/2255
f 2272/52/2256 2271/36/2256 2279/39/2256 2278/53/2256
f 2268/45/2257 2280/44/2257 2274/54/2257 2264/55/2257
f 2280/44/2258 2281/47/2258 2275/56/2258 2274/54/2258
f 2281/47/2259 2282/32/2259 2276/35/2259 2275/56/2259
f 2278/53/2260 2279/39/2260 2287/40/2260 2286/46/2260
f 2277/50/2261 2278/53/2261 2286/46/2261 2285/43/2261
f 2267/51/2262 2277/50/2262 2285/43/2262 2283/42/2262
f 2279/39/2263 2294/38/2263 2293/41/2263 2287/40/2263
f 2315/32/2264 2309/35/2264 2299/34/2264 2328/33/2264
f 2289/57/2265 2270/58/2265 2288/59/2265
f 2288/59/2266 2270/58/2266 2284/60/2266 2292/61/2266
f 2292/61/2267 2284/60/2267 2269/62/2267 2291/63/2267
f 2291/63/2268 2269/62/2268 2290/64/2268
f 2265/37/2269 2289/57/2269 2288/59/2269 2294/38/2269
f 2294/38/2270 2288/59/2270 2292/61/2270 2293/41/2270
f 2293/41/2271 2292/61/2271 2291/63/2271 2295/33/2271
f 2295/33/2272 2291/63/2272 2290/64/2272 2266/34/2272
f 2304/36/2273 2312/39/2273 2327/38/2273 2298/37/2273
f 2320/40/2274 2315/32/2274 2328/33/2274 2326/41/2274
f 2316/42/2275 2301/45/2275 2313/44/2275 2318/43/2275
f 2318/43/2276 2313/44/2276 2314/47/2276 2319/46/2276
f 2319/46/2277 2314/47/2277 2315/32/2277 2320/40/2277
f 2296/48/2278 2300/51/2278 2310/50/2278 2306/49/2278
f 2306/49/2279 2310/50/2279 2311/53/2279 2305/52/2279
f 2305/52/2280 2311/53/2280 2312/39/2280 2304/36/2280
f 2301/45/2281 2297/55/2281 2307/54/2281 2313/44/2281
f 2313/44/2282 2307/54/2282 2308/56/2282 2314/47/2282
f 2314/47/2283 2308/56/2283 2309/35/2283 2315/32/2283
f 2311/53/2284 2319/46/2284 2320/40/2284 2312/39/2284
f 2310/50/2285 2318/43/2285 2319/46/2285 2311/53/2285
f 2300/51/2286 2316/42/2286 2318/43/2286 2310/50/2286
f 2312/39/2287 2320/40/2287 2326/41/2287 2327/38/2287
f 2322/57/2288 2321/59/2288 2303/58/2288
f 2321/59/2289 2325/61/2289 2317/60/2289 2303/58/2289
f 2325/61/2290 2324/63/2290 2302/62/2290 2317/60/2290
f 2324/63/2291 2323/64/2291 2302/62/2291
f 2298/37/2292 2327/38/2292 2321/59/2292 2322/57/2292
f 2327/38/2293 2326/41/2293 2325/61/2293 2321/59/2293
f 2326/41/2294 2328/33/2294 2324/63/2294 2325/61/2294
f 2328/33/2295 2299/34/2295 2323/64/2295 2324/63/2295
f 2289/65/2296 2265/66/2296 2298/66/2296 2322/65/2296
f 2271/67/2297 2272/68/2297 2305/68/2297 2304/67/2297
f 2270/69/2298 2289/65/2298 2322/65/2298 2303/69/2298
f 2263/48/2299 2267/51/2299 2300/51/2299 2296/48/2299
f 2272/68/2300 2273/70/2300 2306/70/2300 2305/68/2300
f 2266/71/2301 2290/72/2301 2323/72/2301 2299/71/2301
f 2283/42/2302 2268/45/2302 2301/45/2302 2316/42/2302
f 2264/73/2303 2274/74/2303 2307/74/2303 2297/73/2303
f 2290/72/2304 2269/75/2304 2302/75/2304 2323/72/2304
f 2274/74/2305 2275/76/2305 2308/76/2305 2307/74/2305
f 2284/77/2306 2270/69/2306 2303/69/2306 2317/77/2306
f 2273/70/2307 2263/78/2307 2296/78/2307 2306/70/2307
f 2275/76/2308 2276/79/2308 2309/79/2308 2308/76/2308
f 2268/45/2309 2264/55/2309 2297/55/2309 2301/45/2309
f 2267/51/2310 2283/42/2310 2316/42/2310 2300/51/2310
f 2276/79/2311 2266/71/2311 2299/71/2311 2309/79/2311
f 2269/75/2312 2284/77/2312 2317/77/2312 2302/75/2312
f 2265/66/2313 2271/67/2313 2304/67/2313 2298/66/2313
f 2348/32/2314 2361/33/2314 2332/34/2314 2342/35/2314
f 2337/36/2315 2331/37/2315 2360/38/2315 2345/39/2315
f 2353/40/2316 2359/41/2316 2361/33/2316 2348/32/2316
f 2349/42/2317 2351/43/2317 2346/44/2317 2334/45/2317
f 2351/43/2318 2352/46/2318 2347/47/2318 2346/44/2318
f 2352/46/2319 2353/40/2319 2348/32/2319 2347/47/2319
f 2329/48/2320 2339/49/2320 2343/50/2320 2333/51/2320
f 2339/49/2321 2338/52/2321 2344/53/2321 2343/50/2321
f 2338/52/2322 2337/36/2322 2345/39/2322 2344/53/2322
f 2334/45/2323 2346/44/2323 2340/54/2323 2330/55/2323
f 2346/44/2324 2347/47/2324 2341/56/2324 2340/54/2324
f 2347/47/2325 2348/32/2325 2342/35/2325 2341/56/2325
f 2344/53/2326 2345/39/2326 2353/40/2326 2352/46/2326
f 2343/50/2327 2344/53/2327 2352/46/2327 2351/43/2327
f 2333/51/2328 2343/50/2328 2351/43/2328 2349/42/2328
f 2345/39/2329 2360/38/2329 2359/41/2329 2353/40/2329
f 2381/32/2330 2375/35/2330 2365/34/2330 2394/33/2330
f 2355/57/2331 2336/58/2331 2354/59/2331
f 2354/59/2332 2336/58/2332 2350/60/2332 2358/61/2332
f 2358/61/2333 2350/60/2333 2335/62/2333 2357/63/2333
f 2357/63/2334 2335/62/2334 2356/64/2334
f 2331/37/2335 2355/57/2335 2354/59/2335 2360/38/2335
f 2360/38/2336 2354/59/2336 2358/61/2336 2359/41/2336
f 2359/41/2337 2358/61/2337 2357/63/2337 2361/33/2337
f 2361/33/2338 2357/63/2338 2356/64/2338 2332/34/2338
f 2370/36/2339 2378/39/2339 2393/38/2339 2364/37/2339
f 2386/40/2340 2381/32/2340 2394/33/2340 2392/41/2340
f 2382/42/2341 2367/45/2341 2379/44/2341 2384/43/2341
f 2384/43/2342 2379/44/2342 2380/47/2342 2385/46/2342
f 2385/46/2343 2380/47/2343 2381/32/2343 2386/40/2343
f 2362/48/2344 2366/51/2344 2376/50/2344 2372/49/2344
f 2372/49/2345 2376/50/2345 2377/53/2345 2371/52/2345
f 2371/52/2346 2377/53/2346 2378/39/2346 2370/36/2346
f 2367/45/2347 2363/55/2347 2373/54/2347 2379/44/2347
f 2379/44/2348 2373/54/2348 2374/56/2348 2380/47/2348
f 2380/47/2349 2374/56/2349 2375/35/2349 2381/32/2349
f 2377/53/2350 2385/46/2350 2386/40/2350 2378/39/2350
f 2376/50/2351 2384/43/2351 2385/46/2351 2377/53/2351
f 2366/51/2352 2382/42/2352 2384/43/2352 2376/50/2352
f 2378/39/2353 2386/40/2353 2392/41/2353 2393/38/2353
f 2388/57/2354 2387/59/2354 2369/58/2354
f 2387/59/2355 2391/61/2355 2383/60/2355 2369/58/2355
f 2391/61/2356 2390/63/2356 2368/62/2356 2383/60/2356
f 2390/63/2357 2389/64/2357 2368/62/2357
f 2364/37/2358 2393/38/2358 2387/59/2358 2388/57/2358
f 2393/38/2359 2392/41/2359 2391/61/2359 2387/59/2359
f 2392/41/2360 2394/33/2360 2390/63/2360 2391/61/2360
f 2394/33/2361 2365/34/2361 2389/64/2361 2390/63/2361
f 2355/65/2362 2331/66/2362 2364/66/2362 2388/65/2362
f 2337/67/2363 2338/68/2363 2371/68/2363 2370/67/2363
f 2336/69/2364 2355/65/2364 2388/65/2364 2369/69/2364
f 2329/48/2365 2333/51/2365 2366/51/2365 2362/48/2365
f 2338/68/2366 2339/70/2366 2372/70/2366 2371/68/2366
f 2332/71/2367 2356/72/2367 2389/72/2367 2365/71/2367
f 2349/42/2368 2334/45/2368 2367/45/2368 2382/42/2368
f 2330/73/2369 2340/74/2369 2373/74/2369 2363/73/2369
f 2356/72/2370 2335/75/2370 2368/75/2370 2389/72/2370
f 2340/74/2371 2341/76/2371 2374/76/2371 2373/74/2371
f 2350/77/2372 2336/69/2372 2369/69/2372 2383/77/2372
f 2339/70/2373 2329/78/2373 2362/78/2373 2372/70/2373
f 2341/76/2374 2342/79/2374 2375/79/2374 2374/76/2374
f 2334/45/2375 2330/55/2375 2363/55/2375 2367/45/2375
f 2333/51/2376 2349/42/2376 2382/42/2376 2366/51/2376
f 2342/79/2377 2332/71/2377 2365/71/2377 2375/79/2377
f 2335/75/2378 2350/77/2378 2383/77/2378 2368/75/2378
f 2331/66/2379 2337/67/2379 2370/67/2379 2364/66/2379
f 2414/32/2380 2427/33/2380 2398/34/2380 2408/35/2380
f 2403/36/2381 2397/37/2381 2426/38/2381 2411/39/2381
f 2419/40/2382 2425/41/2382 2427/33/2382 2414/32/2382
f 2415/42/2383 2417/43/2383 2412/44/2383 2400/45/2383
f 2417/43/2384 2418/46/2384 2413/47/2384 2412/44/2384
f 2418/46/2385 2419/40/2385 2414/32/2385 2413/47/2385
f 2395/48/2386 2405/49/2386 2409/50/2386 2399/51/2386
f 2405/49/2387 2404/52/2387 2410/53/2387 2409/50/2387
f 2404/52/2388 2403/36/2388 2411/39/2388 2410/53/2388
f 2400/45/2389 2412/44/2389 2406/54/2389 2396/55/2389
f 2412/44/2390 2413/47/2390 2407/56/2390 2406/54/2390
f 2413/47/2391 2414/32/2391 2408/35/2391 2407/56/2391
f 2410/53/2392 2411/39/2392 2419/40/2392 2418/46/2392
f 2409/50/2393 2410/53/2393 2418/46/2393 2417/43/2393
f 2399/51/2394 2409/50/2394 2417/43/2394 2415/42/2394
f 2411/39/2395 2426/38/2395 2425/41/2395 2419/40/2395
f 2447/32/2396 2441/35/2396 2431/34/2396 2460/33/2396
f 2421/57/2397 2402/58/2397 2420/59/2397
f 2420/59/2398 2402/58/2398 2416/60/2398 2424/61/2398
f 2424/61/2399 2416/60/2399 2401/62/2399 2423/63/2399
f 2423/63/2400 2401/62/2400 2422/64/2400
f 2397/37/2401 2421/57/2401 2420/59/2401 2426/38/2401
f 2426/38/2402 2420/59/2402 2424/61/2402 2425/41/2402
f 2425/41/2403 2424/61/2403 2423/63/2403 2427/33/2403
f 2427/33/2404 2423/63/2404 2422/64/2404 2398/34/2404
f 2436/36/2405 2444/39/2405 2459/38/2405 2430/37/2405
f 2452/40/2406 2447/32/2406 2460/33/2406 2458/41/2406
f 2448/42/2407 2433/45/2407 2445/44/2407 2450/43/2407
f 2450/43/2408 2445/44/2408 2446/47/2408 2451/46/2408
f 2451/46/2409 2446/47/2409 2447/32/2409 2452/40/2409
f 2428/48/2410 2432/51/2410 2442/50/2410 2438/49/2410
f 2438/49/2411 2442/50/2411 2443/53/2411 2437/52/2411
f 2437/52/2412 2443/53/2412 2444/39/2412 2436/36/2412
f 2433/45/2413 2429/55/2413 2439/54/2413 2445/44/2413
f 2445/44/2414 2439/54/2414 2440/56/2414 2446/47/2414
f 2446/47/2415 2440/56/2415 2441/35/2415 2447/32/2415
f 2443/53/2416 2451/46/2416 2452/40/2416 2444/39/2416
f 2442/50/2417 2450/43/2417 2451/46/2417 2443/53/2417
f 2432/51/2418 2448/42/2418 2450/43/2418 2442/50/2418
f 2444/39/2419 2452/40/2419 2458/41/2419 2459/38/2419
f 2454/57/2420 2453/59/2420 2435/58/2420
f 2453/59/2421 2457/61/2421 2449/60/2421 2435/58/2421
f 2457/61/2422 2456/63/2422 2434/62/2422 2449/60/2422
f 2456/63/2423 2455/64/2423 2434/62/2423
f 2430/37/2424 2459/38/2424 2453/59/2424 2454/57/2424
f 2459/38/2425 2458/41/2425 2457/61/2425 2453/59/2425
f 2458/41/2426 2460/33/2426 2456/63/2426 2457/61/2426
f 2460/33/2427 2431/34/2427 2455/64/2427 2456/63/2427
f 2421/65/2428 2397/66/2428 2430/66/2428 2454/65/2428
f 2403/67/2429 2404/68/2429 2437/68/2429 2436/67/2429
f 2402/69/2430 2421/65/2430 2454/65/2430 2435/69/2430
f 2395/48/2431 2399/51/2431 2432/51/2431 2428/48/2431
f 2404/68/2432 2405/70/2432 2438/70/2432 2437/68/2432
f 2398/71/2433 2422/72/2433 2455/72/2433 2431/71/2433
f 2415/42/2434 2400/45/2434 2433/45/2434 2448/42/2434
f 2396/73/2435 2406/74/2435 2439/74/2435 2429/73/2435
f 2422/72/2436 2401/75/2436 2434/75/2436 2455/72/2436
f 2406/74/2437 2407/76/2437 2440/76/2437 2439/74/2437
f 2416/77/2438 2402/69/2438 2435/69/2438 2449/77/2438
f 2405/70/2439 2395/78/2439 2428/78/2439 2438/70/2439
f 2407/76/2440 2408/79/2440 2441/79/2440 2440/76/2440
f 2400/45/2441 2396/55/2441 2429/55/2441 2433/45/2441
f 2399/51/2442 2415/42/2442 2448/42/2442 2432/51/2442
f 2408/79/2443 2398/71/2443 2431/71/2443 2441/79/2443
f 2401/75/2444 2416/77/2444 2449/77/2444 2434/75/2444
f 2397/66/2445 2403/67/2445 2436/67/2445 2430/66/2445
f 2480/32/2446 2493/33/2446 2464/34/2446 2474/35/2446
f 2469/36/2447 2463/37/2447 2492/38/2447 2477/39/2447
f 2485/40/2448 2491/41/2448 2493/33/2448 2480/32/2448
f 2481/42/2449 2483/43/2449 2478/44/2449 2466/45/2449
f 2483/43/2450 2484/46/2450 2479/47/2450 2478/44/2450
f 2484/46/2451 2485/40/2451 2480/32/2451 2479/47/2451
f 2461/48/2452 2471/49/2452 2475/50/2452 2465/51/2452
f 2471/49/2453 2470/52/2453 2476/53/2453 2475/50/2453
f 2470/52/2454 2469/36/2454 2477/39/2454 2476/53/2454
f 2466/45/2455 2478/44/2455 2472/54/2455 2462/55/2455
f 2478/44/2456 2479/47/2456 2473/56/2456 2472/54/2456
f 2479/47/2457 2480/32/2457 2474/35/2457 2473/56/2457
f 2476/53/2458 2477/39/2458 2485/40/2458 2484/46/2458
f 2475/50/2459 2476/53/2459 2484/46/2459 2483/43/2459
f 2465/51/2460 2475/50/2460 2483/43/2460 2481/42/2460
f 2477/39/2461 2492/38/2461 2491/41/2461 2485/40/2461
f 2513/32/2462 2507/35/2462 2497/34/2462 2526/33/2462
f 2487/57/2463 2468/58/2463 2486/59/2463
f 2486/59/2464 2468/58/2464 2482/60/2464 2490/61/2464
f 2490/61/2465 2482/60/2465 2467/62/2465 2489/63/2465
f 2489/63/2466 2467/62/2466 2488/64/2466
f 2463/37/2467 2487/57/2467 2486/59/2467 2492/38/2467
f 2492/38/2468 2486/59/2468 2490/61/2468 2491/41/2468
f 2491/41/2469 2490/61/2469 2489/63/2469 2493/33/2469
f 2493/33/2470 2489/63/2470 2488/64/2470 2464/34/2470
f 2502/36/2471 2510/39/2471 2525/38/2471 2496/37/2471
f 2518/40/2472 2513/32/2472 2526/33/2472 2524/41/2472
f 2514/42/2473 2499/45/2473 2511/44/2473 2516/43/2473
f 2516/43/2474 2511/44/2474 2512/47/2474 2517/46/2474
f 2517/46/2475 2512/47/2475 2513/32/2475 2518/40/2475
f 2494/48/2476 2498/51/2476 2508/50/2476 2504/49/2476
f 2504/49/2477 2508/50/2477 2509/53/2477 2503/52/2477
f 2503/52/2478 2509/53/2478 2510/39/2478 2502/36/2478
f 2499/45/2479 2495/55/2479 2505/54/2479 2511/44/2479
f 2511/44/2480 2505/54/2480 2506/56/2480 2512/47/2480
f 2512/47/2481 2506/56/2481 2507/35/2481 2513/32/2481
f 2509/53/2482 2517/46/2482 2518/40/2482 2510/39/2482
f 2508/50/2483 2516/43/2483 2517/46/2483 2509/53/2483
f 2498/51/2484 2514/42/2484 2516/43/2484 2508/50/2484
f 2510/39/2485 2518/40/2485 2524/41/2485 2525/38/2485
f 2520/57/2486 2519/59/2486 2501/58/2486
f 2519/59/2487 2523/61/2487 2515/60/2487 2501/58/2487
f 2523/61/2488 2522/63/2488 2500/62/2488 2515/60/2488
f 2522/63/2489 2521/64/2489 2500/62/2489
f 2496/37/2490 2525/38/2490 2519/59/2490 2520/57/2490
f 2525/38/2491 2524/41/2491 2523/61/2491 2519/59/2491
f 2524/41/2492 2526/33/2492 2522/63/2492 2523/61/2492
f 2526/33/2493 2497/34/2493 2521/64/2493 2522/63/2493
f 2487/65/2494 2463/66/2494 2496/66/2494 2520/65/2494
f 2469/67/2495 2470/68/2495 2503/68/2495 2502/67/2495
f 2468/69/2496 2487/65/2496 2520/65/2496 2501/69/2496
f 2461/48/2497 2465/51/2497 2498/51/2497 2494/48/2497
f 2470/68/2498 2471/70/2498 2504/70/2498 2503/68/2498
f 2464/71/2499 2488/72/2499 2521/72/2499 2497/71/2499
f 2481/42/2500 2466/45/2500 2499/45/2500 2514/42/2500
f 2462/73/2501 2472/74/2501 2505/74/2501 2495/73/2501
f 2488/72/2502 2467/75/2502 2500/75/2502 2521/72/2502
f 2472/74/2503 2473/76/2503 2506/76/2503 2505/74/2503
f 2482/77/2504 2468/69/2504 2501/69/2504 2515/77/2504
f 2471/70/2505 2461/78/2505 2494/78/2505 2504/70/2505
f 2473/76/2506 2474/79/2506 2507/79/2506 2506/76/2506
f 2466/45/2507 2462/55/2507 2495/55/2507 2499/45/2507
f 2465/51/2508 2481/42/2508 2514/42/2508 2498/51/2508
f 2474/79/2509 2464/71/2509 2497/71/2509 2507/79/2509
f 2467/75/2510 2482/77/2510 2515/77/2510 2500/75/2510
f 2463/66/2511 2469/67/2511 2502/67/2511 2496/66/2511
f 2546/1/2512 2527/2/2512 2528/3/2512 2547/4/2512
f 2547/4/2513 2528/3/2513 2529/5/2513 2548/6/2513
f 2548/6/2514 2529/5/2514 2530/7/2514 2549/8/2514
f 2549/8/2515 2530/7/2515 2531/9/2515 2550/10/2515
f 2532/11/2516 2531/12/2516 2537/13/2516 2538/14/2516
f 2550/10/2517 2531/9/2517 2532/15/2517 2551/16/2517
f 2551/16/2518 2532/15/2518 2527/2/2518 2546/1/2518
f 2528/17/2519 2527/18/2519 2533/19/2519 2534/20/2519
f 2530/21/2520 2529/22/2520 2535/23/2520 2536/24/2520
f 2527/18/2521 2532/11/2521 2538/14/2521 2533/19/2521
f 2531/12/2522 2530/21/2522 2536/24/2522 2537/13/2522
f 2529/22/2523 2528/17/2523 2534/20/2523 2535/23/2523
f 2533/19/2524 2538/14/2524 2544/25/2524 2539/26/2524
f 2537/13/2525 2536/24/2525 2542/27/2525 2543/28/2525
f 2535/23/2526 2534/20/2526 2540/29/2526 2541/30/2526
f 2538/14/2527 2537/13/2527 2543/28/2527 2544/25/2527
f 2536/24/2528 2535/23/2528 2541/30/2528 2542/27/2528
f 2534/20/2529 2533/19/2529 2539/26/2529 2540/29/2529
f 2544/25/2530 2543/28/2530 2545/31/2530
f 2542/27/2531 2541/30/2531 2545/31/2531
f 2540/29/2532 2539/26/2532 2545/31/2532
f 2539/26/2533 2544/25/2533 2545/31/2533
f 2543/28/2534 2542/27/2534 2545/31/2534
f 2541/30/2535 2540/29/2535 2545/31/2535
f 2571/32/2536 2584/33/2536 2555/34/2536 2565/35/2536
f 2560/36/2537 2554/37/2537 2583/38/2537 2568/39/2537
f 2576/40/2538 2582/41/2538 2584/33/2538 2571/32/2538
f 2572/42/2539 2574/43/2539 2569/44/2539 2557/45/2539
f 2574/43/2540 2575/46/2540 2570/47/2540 2569/44/2540
f 2575/46/2541 2576/40/2541 2571/32/2541 2570/47/2541
f 2552/48/2542 2562/49/2542 2566/50/2542 2556/51/2542
f 2562/49/2543 2561/52/2543 2567/53/2543 2566/50/2543
f 2561/52/2544 2560/36/2544 2568/39/2544 2567/53/2544
f 2557/45/2545 2569/44/2545 2563/54/2545 2553/55/2545
f 2569/44/2546 2570/47/2546 2564/56/2546 2563/54/2546
f 2570/47/2547 2571/32/2547 2565/35/2547 2564/56/2547
f 2567/53/2548 2568/39/2548 2576/40/2548 2575/46/2548
f 2566/50/2549 2567/53/2549 2575/46/2549 2574/43/2549
f 2556/51/2550 2566/50/2550 2574/43/2550 2572/42/2550
f 2568/39/2551 2583/38/2551 2582/41/2551 2576/40/2551
f 2604/32/2552 2598/35/2552 2588/34/2552 2617/33/2552
f 2578/57/2553 2559/58/2553 2577/59/2553
f 2577/59/2554 2559/58/2554 2573/60/2554 2581/61/2554
f 2581/61/2555 2573/60/2555 2558/62/2555 2580/63/2555
f 2580/63/2556 2558/62/2556 2579/64/2556
f 2554/37/2557 2578/57/2557 2577/59/2557 2583/38/2557
f 2583/38/2558 2577/59/2558 2581/61/2558 2582/41/2558
f 2582/41/2559 2581/61/2559 2580/63/2559 2584/33/2559
f 2584/33/2560 2580/63/2560 2579/64/2560 2555/34/2560
f 2593/36/2561 2601/39/2561 2616/38/2561 2587/37/2561
f 2609/40/2562 2604/32/2562 2617/33/2562 2615/41/2562
f 2605/42/2563 2590/45/2563 2602/44/2563 2607/43/2563
f 2607/43/2564 2602/44/2564 2603/47/2564 2608/46/2564
f 2608/46/2565 2603/47/2565 2604/32/2565 2609/40/2565
f 2585/48/2566 2589/51/2566 2599/50/2566 2595/49/2566
f 2595/49/2567 2599/50/2567 2600/53/2567 2594/52/2567
f 2594/52/2568 2600/53/2568 2601/39/2568 2593/36/2568
f 2590/45/2569 2586/55/2569 2596/54/2569 2602/44/2569
f 2602/44/2570 2596/54/2570 2597/56/2570 2603/47/2570
f 2603/47/2571 2597/56/2571 2598/35/2571 2604/32/2571
f 2600/53/2572 2608/46/2572 2609/40/2572 2601/39/2572
f 2599/50/2573 2607/43/2573 2608/46/2573 2600/53/2573
f 2589/51/2574 2605/42/2574 2607/43/2574 2599/50/2574
f 2601/39/2575 2609/40/2575 2615/41/2575 2616/38/2575
f 2611/57/2576 2610/59/2576 2592/58/2576
f 2610/59/2577 2614/61/2577 2606/60/2577 2592/58/2577
f 2614/61/2578 2613/63/2578 2591/62/2578 2606/60/2578
f 2613/63/2579 2612/64/2579 2591/62/2579
f 2587/37/2580 2616/38/2580 2610/59/2580 2611/57/2580
f 2616/38/2581 2615/41/2581 2614/61/2581 2610/59/2581
f 2615/41/2582 2617/33/2582 2613/63/2582 2614/61/2582
f 2617/33/2583 2588/34/2583 2612/64/2583 2613/63/2583
f 2578/65/2584 2554/66/2584 2587/66/2584 2611/65/2584
f 2560/67/2585 2561/68/2585 2594/68/2585 2593/67/2585
f 2559/69/2586 2578/65/2586 2611/65/2586 2592/69/2586
f 2552/48/2587 2556/51/2587 2589/51/2587 2585/48/2587
f 2561/68/2588 2562/70/2588 2595/70/2588 2594/68/2588
f 2555/71/2589 2579/72/2589 2612/72/2589 2588/71/2589
f 2572/42/2590 2557/45/2590 2590/45/2590 2605/42/2590
f 2553/73/2591 2563/74/2591 2596/74/2591 2586/73/2591
f 2579/72/2592 2558/75/2592 2591/75/2592 2612/72/2592
f 2563/74/2593 2564/76/2593 2597/76/2593 2596/74/2593
f 2573/77/2594 2559/69/2594 2592/69/2594 2606/77/2594
f 2562/70/2595 2552/78/2595 2585/78/2595 2595/70/2595
f 2564/76/2596 2565/79/2596 2598/79/2596 2597/76/2596
f 2557/45/2597 2553/55/2597 2586/55/2597 2590/45/2597
f 2556/51/2598 2572/42/2598 2605/42/2598 2589/51/2598
f 2565/79/2599 2555/71/2599 2588/71/2599 2598/79/2599
f 2558/75/2600 2573/77/2600 2606/77/2600 2591/75/2600
f 2554/66/2601 2560/67/2601 2593/67/2601 2587/66/2601
f 2637/32/2602 2650/33/2602 2621/34/2602 2631/35/2602
f 2626/36/2603 2620/37/2603 2649/38/2603 2634/39/2603
f 2642/40/2604 2648/41/2604 2650/33/2604 2637/32/2604
f 2638/42/2605 2640/43/2605 2635/44/2605 2623/45/2605
f 2640/43/2606 2641/46/2606 2636/47/2606 2635/44/2606
f 2641/46/2607 2642/40/2607 2637/32/2607 2636/47/2607
f 2618/48/2608 2628/49/2608 2632/50/2608 2622/51/2608
f 2628/49/2609 2627/52/2609 2633/53/2609 2632/50/2609
f 2627/52/2610 2626/36/2610 2634/39/2610 2633/53/2610
f 2623/45/2611 2635/44/2611 2629/54/2611 2619/55/2611
f 2635/44/2612 2636/47/2612 2630/56/2612 2629/54/2612
f 2636/47/2613 2637/32/2613 2631/35/2613 2630/56/2613
f 2633/53/2614 2634/39/2614 2642/40/2614 2641/46/2614
f 2632/50/2615 2633/53/2615 2641/46/2615 2640/43/2615
f 2622/51/2616 2632/50/2616 2640/43/2616 2638/42/2616
f 2634/39/2617 2649/38/2617 2648/41/2617 2642/40/2617
f 2670/32/2618 2664/35/2618 2654/34/2618 2683/33/2618
f 2644/57/2619 2625/58/2619 2643/59/2619
f 2643/59/2620 2625/58/2620 2639/60/2620 2647/61/2620
f 2647/61/2621 2639/60/2621 2624/62/2621 2646/63/2621
f 2646/63/2622 2624/62/2622 2645/64/2622
f 2620/37/2623 2644/57/2623 2643/59/2623 2649/38/2623
f 2649/38/2624 2643/59/2624 2647/61/2624 2648/41/2624
f 2648/41/2625 2647/61/2625 2646/63/2625 2650/33/2625
f 2650/33/2626 2646/63/2626 2645/64/2626 2621/34/2626
f 2659/36/2627 2667/39/2627 2682/38/2627 2653/37/2627
f 2675/40/2628 2670/32/2628 2683/33/2628 2681/41/2628
f 2671/42/2629 2656/45/2629 2668/44/2629 2673/43/2629
f 2673/43/2630 2668/44/2630 2669/47/2630 2674/46/2630
f 2674/46/2631 2669/47/2631 2670/32/2631 2675/40/2631
f 2651/48/2632 2655/51/2632 2665/50/2632 2661/49/2632
f 2661/49/2633 2665/50/2633 2666/53/2633 2660/52/2633
f 2660/52/2634 2666/53/2634 2667/39/2634 2659/36/2634
f 2656/45/2635 2652/55/2635 2662/54/2635 2668/44/2635
f 2668/44/2636 2662/54/2636 2663/56/2636 2669/47/2636
f 2669/47/2637 2663/56/2637 2664/35/2637 2670/32/2637
f 2666/53/2638 2674/46/2638 2675/40/2638 2667/39/2638
f 2665/50/2639 2673/43/2639 2674/46/2639 2666/53/2639
f 2655/51/2640 2671/42/2640 2673/43/2640 2665/50/2640
f 2667/39/2641 2675/40/2641 2681/41/2641 2682/38/2641
f 2677/57/2642 2676/59/2642 2658/58/2642
f 2676/59/2643 2680/61/2643 2672/60/2643 2658/58/2643
f 2680/61/2644 2679/63/2644 2657/62/2644 2672/60/2644
f 2679/63/2645 2678/64/2645 2657/62/2645
f 2653/37/2646 2682/38/2646 2676/59/2646 2677/57/2646
f 2682/38/2647 2681/41/2647 2680/61/2647 2676/59/2647
f 2681/41/2648 2683/33/2648 2679/63/2648 2680/61/2648
f 2683/33/2649 2654/34/2649 2678/64/2649 2679/63/2649
f 2644/65/2650 2620/66/2650 2653/66/2650 2677/65/2650
f 2626/67/2651 2627/68/2651 2660/68/2651 2659/67/2651
f 2625/69/2652 2644/65/2652 2677/65/2652 2658/69/2652
f 2618/48/2653 2622/51/2653 2655/51/2653 2651/48/2653
f 2627/68/2654 2628/70/2654 2661/70/2654 2660/68/2654
f 2621/71/2655 2645/72/2655 2678/72/2655 2654/71/2655
f 2638/42/2656 2623/45/2656 2656/45/2656 2671/42/2656
f 2619/73/2657 2629/74/2657 2662/74/2657 2652/73/2657
f 2645/72/2658 2624/75/2658 2657/75/2658 2678/72/2658
f 2629/74/2659 2630/76/2659 2663/76/2659 2662/74/2659
f 2639/77/2660 2625/69/2660 2658/69/2660 2672/77/2660
f 2628/70/2661 2618/78/2661 2651/78/2661 2661/70/2661
f 2630/76/2662 2631/79/2662 2664/79/2662 2663/76/2662
f 2623/45/2663 2619/55/2663 2652/55/2663 2656/45/2663
f 2622/51/2664 2638/42/2664 2671/42/2664 2655/51/2664
f 2631/79/2665 2621/71/2665 2654/71/2665 2664/79/2665
f 2624/75/2666 2639/77/2666 2672/77/2666 2657/75/2666
f 2620/66/2667 2626/67/2667 2659/67/2667 2653/66/2667
f 2703/32/2668 2716/33/2668 2687/34/2668 2697/35/2668
f 2692/36/2669 2686/37/2669 2715/38/2669 2700/39/2669
f 2708/40/2670 2714/41/2670 2716/33/2670 2703/32/2670
f 2704/42/2671 2706/43/2671 2701/44/2671 2689/45/2671
f 2706/43/2672 2707/46/2672 2702/47/2672 2701/44/2672
f 2707/46/2673 2708/40/2673 2703/32/2673 2702/47/2673
f 2684/48/2674 2694/49/2674 2698/50/2674 2688/51/2674
f 2694/49/2675 2693/52/2675 2699/53/2675 2698/50/2675
f 2693/52/2676 2692/36/2676 2700/39/2676 2699/53/2676
f 2689/45/2677 2701/44/2677 2695/54/2677 2685/55/2677
f 2701/44/2678 2702/47/2678 2696/56/2678 2695/54/2678
f 2702/47/2679 2703/32/2679 2697/35/2679 2696/56/2679
f 2699/53/2680 2700/39/2680 2708/40/2680 2707/46/2680
f 2698/50/2681 2699/53/2681 2707/46/2681 2706/43/2681
f 2688/51/2682 2698/50/2682 2706/43/2682 2704/42/2682
f 2700/39/2683 2715/38/2683 2714/41/2683 2708/40/2683
f 2736/32/2684 2730/35/2684 2720/34/2684 2749/33/2684
f 2710/57/2685 2691/58/2685 2709/59/2685
f 2709/59/2686 2691/58/2686 2705/60/2686 2713/61/2686
f 2713/61/2687 2705/60/2687 2690/62/2687 2712/63/2687
f 2712/63/2688 2690/62/2688 2711/64/2688
f 2686/37/2689 2710/57/2689 2709/59/2689 2715/38/2689
f 2715/38/2690 2709/59/2690 2713/61/2690 2714/41/2690
f 2714/41/2691 2713/61/2691 2712/63/2691 2716/33/2691
f 2716/33/2692 2712/63/2692 2711/64/2692 2687/34/2692
f 2725/36/2693 2733/39/2693 2748/38/2693 2719/37/2693
f 2741/40/2694 2736/32/2694 2749/33/2694 2747/41/2694
f 2737/42/2695 2722/45/2695 2734/44/2695 2739/43/2695
f 2739/43/2696 2734/44/2696 2735/47/2696 2740/46/2696
f 2740/46/2697 2735/47/2697 2736/32/2697 2741/40/2697
f 2717/48/2698 2721/51/2698 2731/50/2698 2727/49/2698
f 2727/49/2699 2731/50/2699 2732/53/2699 2726/52/2699
f 2726/52/2700 2732/53/2700 2733/39/2700 2725/36/2700
f 2722/45/2701 2718/55/2701 2728/54/2701 2734/44/2701
f 2734/44/2702 2728/54/2702 2729/56/2702 2735/47/2702
f 2735/47/2703 2729/56/2703 2730/35/2703 2736/32/2703
f 2732/53/2704 2740/46/2704 2741/40/2704 2733/39/2704
f 2731/50/2705 2739/43/2705 2740/46/2705 2732/53/2705
f 2721/51/2706 2737/42/2706 2739/43/2706 2731/50/2706
f 2733/39/2707 2741/40/2707 2747/41/2707 2748/38/2707
f 2743/57/2708 2742/59/2708 2724/58/2708
f 2742/59/2709 2746/61/2709 2738/60/2709 2724/58/2709
f 2746/61/2710 2745/63/2710 2723/62/2710 2738/60/2710
f 2745/63/2711 2744/64/2711 2723/62/2711
f 2719/37/2712 2748/38/2712 2742/59/2712 2743/57/2712
f 2748/38/2713 2747/41/2713 2746/61/2713 2742/59/2713
f 2747/41/2714 2749/33/2714 2745/63/2714 2746/61/2714
f 2749/33/2715 2720/34/2715 2744/64/2715 2745/63/2715
f 2710/65/2716 2686/66/2716 2719/66/2716 2743/65/2716
f 2692/67/2717 2693/68/2717 2726/68/2717 2725/67/2717
f 2691/69/2718 2710/65/2718 2743/65/2718 2724/69/2718
f 2684/48/2719 2688/51/2719 2721/51/2719 2717/48/2719
f 2693/68/2720 2694/70/2720 2727/70/2720 2726/68/2720
f 2687/71/2721 2711/72/2721 2744/72/2721 2720/71/2721
f 2704/42/2722 2689/45/2722 2722/45/2722 2737/42/2722
f 2685/73/2723 2695/74/2723 2728/74/2723 2718/73/2723
f 2711/72/2724 2690/75/2724 2723/75/2724 2744/72/2724
f 2695/74/2725 2696/76/2725 2729/76/2725 2728/74/2725
f 2705/77/2726 2691/69/2726 2724/69/2726 2738/77/2726
f 2694/70/2727 2684/78/2727 2717/78/2727 2727/70/2727
f 2696/76/2728 2697/79/2728 2730/79/2728 2729/76/2728
f 2689/45/2729 2685/55/2729 2718/55/2729 2722/45/2729
f 2688/51/2730 2704/42/2730 2737/42/2730 2721/51/2730
f 2697/79/2731 2687/71/2731 2720/71/2731 2730/79/2731
f 2690/75/2732 2705/77/2732 2738/77/2732 2723/75/2732
f 2686/66/2733 2692/67/2733 2725/67/2733 2719/66/2733
f 2769/32/2734 2782/33/2734 2753/34/2734 2763/35/2734
f 2758/36/2735 2752/37/2735 2781/38/2735 2766/39/2735
f 2774/40/2736 2780/41/2736 2782/33/2736 2769/32/2736
f 2770/42/2737 2772/43/2737 2767/44/2737 2755/45/2737
f 2772/43/2738 2773/46/2738 2768/47/2738 2767/44/2738
f 2773/46/2739 2774/40/2739 2769/32/2739 2768/47/2739
f 2750/48/2740 2760/49/2740 2764/50/2740 2754/51/2740
f 2760/49/2741 2759/52/2741 2765/53/2741 2764/50/2741
f 2759/52/2742 2758/36/2742 2766/39/2742 2765/53/2742
f 2755/45/2743 2767/44/2743 2761/54/2743 2751/55/2743
f 2767/44/2744 2768/47/2744 2762/56/2744 2761/54/2744
f 2768/47/2745 2769/32/2745 2763/35/2745 2762/56/2745
f 2765/53/2746 2766/39/2746 2774/40/2746 2773/46/2746
f 2764/50/2747 2765/53/2747 2773/46/2747 2772/43/2747
f 2754/51/2748 2764/50/2748 2772/43/2748 2770/42/2748
f 2766/39/2749 2781/38/2749 2780/41/2749 2774/40/2749
f 2802/32/2750 2796/35/2750 2786/34/2750 2815/33/2750
f 2776/57/2751 2757/58/2751 2775/59/2751
f 2775/59/2752 2757/58/2752 2771/60/2752 2779/61/2752
f 2779/61/2753 2771/60/2753 2756/62/2753 2778/63/2753
f 2778/63/2754 2756/62/2754 2777/64/2754
f 2752/37/2755 2776/57/2755 2775/59/2755 2781/38/2755
f 2781/38/2756 2775/59/2756 2779/61/2756 2780/41/2756
f 2780/41/2757 2779/61/2757 2778/63/2757 2782/33/2757
f 2782/33/2758 2778/63/2758 2777/64/2758 2753/34/2758
f 2791/36/2759 2799/39/2759 2814/38/2759 2785/37/2759
f 2807/40/2760 2802/32/2760 2815/33/2760 2813/41/2760
f 2803/42/2761 2788/45/2761 2800/44/2761 2805/43/2761
f 2805/43/2762 2800/44/2762 2801/47/2762 2806/46/2762
f 2806/46/2763 2801/47/2763 2802/32/2763 2807/40/2763
f 2783/48/2764 2787/51/2764 2797/50/2764 2793/49/2764
f 2793/49/2765 2797/50/2765 2798/53/2765 2792/52/2765
f 2792/52/2766 2798/53/2766 2799/39/2766 2791/36/2766
f 2788/45/2767 2784/55/2767 2794/54/2767 2800/44/2767
f 2800/44/2768 2794/54/2768 2795/56/2768 2801/47/2768
f 2801/47/2769 2795/56/2769 2796/35/2769 2802/32/2769
f 2798/53/2770 2806/46/2770 2807/40/2770 2799/39/2770
f 2797/50/2771 2805/43/2771 2806/46/2771 2798/53/2771
f 2787/51/2772 2803/42/2772 2805/43/2772 2797/50/2772
f 2799/39/2773 2807/40/2773 2813/41/2773 2814/38/2773
f 2809/57/2774 2808/59/2774 2790/58/2774
f 2808/59/2775 2812/61/2775 2804/60/2775 2790/58/2775
f 2812/61/2776 2811/63/2776 2789/62/2776 2804/60/2776
f 2811/63/2777 2810/64/2777 2789/62/2777
f 2785/37/2778 2814/38/2778 2808/59/2778 2809/57/2778
f 2814/38/2779 2813/41/2779 2812/61/2779 2808/59/2779
f 2813/41/2780 2815/33/2780 2811/63/2780 2812/61/2780
f 2815/33/2781 2786/34/2781 2810/64/2781 2811/63/2781
f 2776/65/2782 2752/66/2782 2785/66/2782 2809/65/2782
f 2758/67/2783 2759/68/2783 2792/68/2783 2791/67/2783
f 2757/69/2784 2776/65/2784 2809/65/2784 2790/69/2784
f 2750/48/2785 2754/51/2785 2787/51/2785 2783/48/2785
f 2759/68/2786 2760/70/2786 2793/70/2786 2792/68/2786
f 2753/71/2787 2777/72/2787 2810/72/2787 2786/71/2787
f 2770/42/2788 2755/45/2788 2788/45/2788 2803/42/2788
f 2751/73/2789 2761/74/2789 2794/74/2789 2784/73/2789
f 2777/72/2790 2756/75/2790 2789/75/2790 2810/72/2790
f 2761/74/2791 2762/76/2791 2795/76/2791 2794/74/2791
f 2771/77/2792 2757/69/2792 2790/69/2792 2804/77/2792
f 2760/70/2793 2750/78/2793 2783/78/2793 2793/70/2793
f 2762/76/2794 2763/79/2794 2796/79/2794 2795/76/2794
f 2755/45/2795 2751/55/2795 2784/55/2795 2788/45/2795
f 2754/51/2796 2770/42/2796 2803/42/2796 2787/51/2796
f 2763/79/2797 2753/71/2797 2786/71/2797 2796/79/2797
f 2756/75/2798 2771/77/2798 2804/77/2798 2789/75/2798
f 2752/66/2799 2758/67/2799 2791/67/2799 2785/66/2799
f 2835/32/2800 2848/33/2800 2819/34/2800 2829/35/2800
f 2824/36/2801 2818/37/2801 2847/38/2801 2832/39/2801
f 2840/40/2802 2846/41/2802 2848/33/2802 2835/32/2802
f 2836/42/2803 2838/43/2803 2833/44/2803 2821/45/2803
f 2838/43/2804 2839/46/2804 2834/47/2804 2833/44/2804
f 2839/46/2805 2840/40/2805 2835/32/2805 2834/47/2805
f 2816/48/2806 2826/49/2806 2830/50/2806 2820/51/2806
f 2826/49/2807 2825/52/2807 2831/53/2807 2830/50/2807
f 2825/52/2808 2824/36/2808 2832/39/2808 2831/53/2808
f 2821/45/2809 2833/44/2809 2827/54/2809 2817/55/2809
f 2833/44/2810 2834/47/2810 2828/56/2810 2827/54/2810
f 2834/47/2811 2835/32/2811 2829/35/2811 2828/56/2811
f 2831/53/2812 2832/39/2812 2840/40/2812 2839/46/2812
f 2830/50/2813 2831/53/2813 2839/46/2813 2838/43/2813
f 2820/51/2814 2830/50/2814 2838/43/2814 2836/42/2814
f 2832/39/2815 2847/38/2815 2846/41/2815 2840/40/2815
f 2868/32/2816 2862/35/2816 2852/34/2816 2881/33/2816
f 2842/57/2817 2823/58/2817 2841/59/2817
f 2841/59/2818 2823/58/2818 2837/60/2818 2845/61/2818
f 2845/61/2819 2837/60/2819 2822/62/2819 2844/63/2819
f 2844/63/2820 2822/62/2820 2843/64/2820
f 2818/37/2821 2842/57/2821 2841/59/2821 2847/38/2821
f 2847/38/2822 2841/59/2822 2845/61/2822 2846/41/2822
f 2846/41/2823 2845/61/2823 2844/63/2823 2848/33/2823
f 2848/33/2824 2844/63/2824 2843/64/2824 2819/34/2824
f 2857/36/2825 2865/39/2825 2880/38/2825 2851/37/2825
f 2873/40/2826 2868/32/2826 2881/33/2826 2879/41/2826
f 2869/42/2827 2854/45/2827 2866/44/2827 2871/43/2827
f 2871/43/2828 2866/44/2828 2867/47/2828 2872/46/2828
f 2872/46/2829 2867/47/2829 2868/32/2829 2873/40/2829
f 2849/48/2830 2853/51/2830 2863/50/2830 2859/49/2830
f 2859/49/2831 2863/50/2831 2864/53/2831 2858/52/2831
f 2858/52/2832 2864/53/2832 2865/39/2832 2857/36/2832
f 2854/45/2833 2850/55/2833 2860/54/2833 2866/44/2833
f 2866/44/2834 2860/54/2834 2861/56/2834 2867/47/2834
f 2867/47/2835 2861/56/2835 2862/35/2835 2868/32/2835
f 2864/53/2836 2872/46/2836 2873/40/2836 2865/39/2836
f 2863/50/2837 2871/43/2837 2872/46/2837 2864/53/2837
f 2853/51/2838 2869/42/2838 2871/43/2838 2863/50/2838
f 2865/39/2839 2873/40/2839 2879/41/2839 2880/38/2839
f 2875/57/2840 2874/59/2840 2856/58/2840
f 2874/59/2841 2878/61/2841 2870/60/2841 2856/58/2841
f 2878/61/2842 2877/63/2842 2855/62/2842 2870/60/2842
f 2877/63/2843 2876/64/2843 2855/62/2843
f 2851/37/2844 2880/38/2844 2874/59/2844 2875/57/2844
f 2880/38/2845 2879/41/2845 2878/61/2845 2874/59/2845
f 2879/41/2846 2881/33/2846 2877/63/2846 2878/61/2846
f 2881/33/2847 2852/34/2847 2876/64/2847 2877/63/2847
f 2842/65/2848 2818/66/2848 2851/66/2848 2875/65/2848
f 2824/67/2849 2825/68/2849 2858/68/2849 2857/67/2849
f 2823/69/2850 2842/65/2850 2875/65/2850 2856/69/2850
f 2816/48/2851 2820/51/2851 2853/51/2851 2849/48/2851
f 2825/68/2852 2826/70/2852 2859/70/2852 2858/68/2852
f 2819/71/2853 2843/72/2853 2876/72/2853 2852/71/2853
f 2836/42/2854 2821/45/2854 2854/45/2854 2869/42/2854
f 2817/73/2855 2827/74/2855 2860/74/2855 2850/73/2855
f 2843/72/2856 2822/75/2856 2855/75/2856 2876/72/2856
f 2827/74/2857 2828/76/2857 2861/76/2857 2860/74/2857
f 2837/77/2858 2823/69/2858 2856/69/2858 2870/77/2858
f 2826/70/2859 2816/78/2859 2849/78/2859 2859/70/2859
f 2828/76/2860 2829/79/2860 2862/79/2860 2861/76/2860
f 2821/45/2861 2817/55/2861 2850/55/2861 2854/45/2861
f 2820/51/2862 2836/42/2862 2869/42/2862 2853/51/2862
f 2829/79/2863 2819/71/2863 2852/71/2863 2862/79/2863
f 2822/75/2864 2837/77/2864 2870/77/2864 2855/75/2864
f 2818/66/2865 2824/67/2865 2857/67/2865 2851/66/2865
f 2901/32/2866 2914/33/2866 2885/34/2866 2895/35/2866
f 2890/36/2867 2884/37/2867 2913/38/2867 2898/39/2867
f 2906/40/2868 2912/41/2868 2914/33/2868 2901/32/2868
f 2902/42/2869 2904/43/2869 2899/44/2869 2887/45/2869
f 2904/43/2870 2905/46/2870 2900/47/2870 2899/44/2870
f 2905/46/2871 2906/40/2871 2901/32/2871 2900/47/2871
f 2882/48/2872 2892/49/2872 2896/50/2872 2886/51/2872
f 2892/49/2873 2891/52/2873 2897/53/2873 2896/50/2873
f 2891/52/2874 2890/36/2874 2898/39/2874 2897/53/2874
f 2887/45/2875 2899/44/2875 2893/54/2875 2883/55/2875
f 2899/44/2876 2900/47/2876 2894/56/2876 2893/54/2876
f 2900/47/2877 2901/32/2877 2895/35/2877 2894/56/2877
f 2897/53/2878 2898/39/2878 2906/40/2878 2905/46/2878
f 2896/50/2879 2897/53/2879 2905/46/2879 2904/43/2879
f 2886/51/2880 2896/50/2880 2904/43/2880 2902/42/2880
f 2898/39/2881 2913/38/2881 2912/41/2881 2906/40/2881
f 2934/32/2882 2928/35/2882 2918/34/2882 2947/33/2882
f 2908/57/2883 2889/58/2883 2907/59/2883
f 2907/59/2884 2889/58/2884 2903/60/2884 2911/61/2884
f 2911/61/2885 2903/60/2885 2888/62/2885 2910/63/2885
f 2910/63/2886 2888/62/2886 2909/64/2886
f 2884/37/2887 2908/57/2887 2907/59/2887 2913/38/2887
f 2913/38/2888 2907/59/2888 2911/61/2888 2912/41/2888
f 2912/41/2889 2911/61/2889 2910/63/2889 2914/33/2889
f 2914/33/2890 2910/63/2890 2909/64/2890 2885/34/2890
f 2923/36/2891 2931/39/2891 2946/38/2891 2917/37/2891
f 2939/40/2892 2934/32/2892 2947/33/2892 2945/41/2892
f 2935/42/2893 2920/45/2893 2932/44/2893 2937/43/2893
f 2937/43/2894 2932/44/2894 2933/47/2894 2938/46/2894
f 2938/46/2895 2933/47/2895 2934/32/2895 2939/40/2895
f 2915/48/2896 2919/51/2896 2929/50/2896 2925/49/2896
f 2925/49/2897 2929/50/2897 2930/53/2897 2924/52/2897
f 2924/52/2898 2930/53/2898 2931/39/2898 2923/36/2898
f 2920/45/2899 2916/55/2899 2926/54/2899 2932/44/2899
f 2932/44/2900 2926/54/2900 2927/56/2900 2933/47/2900
f 2933/47/2901 2927/56/2901 2928/35/2901 2934/32/2901
f 2930/53/2902 2938/46/2902 2939/40/2902 2931/39/2902
f 2929/50/2903 2937/43/2903 2938/46/2903 2930/53/2903
f 2919/51/2904 2935/42/2904 2937/43/2904 2929/50/2904
f 2931/39/2905 2939/40/2905 2945/41/2905 2946/38/2905
f 2941/57/2906 2940/59/2906 2922/58/2906
f 2940/59/2907 2944/61/2907 2936/60/2907 2922/58/2907
f 2944/61/2908 2943/63/2908 2921/62/2908 2936/60/2908
f 2943/63/2909 2942/64/2909 2921/62/2909
f 2917/37/2910 2946/38/2910 2940/59/2910 2941/57/2910
f 2946/38/2911 2945/41/2911 2944/61/2911 2940/59/2911
f 2945/41/2912 2947/33/2912 2943/63/2912 2944/61/2912
f 2947/33/2913 2918/34/2913 2942/64/2913 2943/63/2913
f 2908/65/2914 2884/66/2914 2917/66/2914 2941/65/2914
f 2890/67/2915 2891/68/2915 2924/68/2915 2923/67/2915
f 2889/69/2916 2908/65/2916 2941/65/2916 2922/69/2916
f 2882/48/2917 2886/51/2917 2919/51/2917 2915/48/2917
f 2891/68/2918 2892/70/2918 2925/70/2918 2924/68/2918
f 2885/71/2919 2909/72/2919 2942/72/2919 2918/71/2919
f 2902/42/2920 2887/45/2920 2920/45/2920 2935/42/2920
f 2883/73/2921 2893/74/2921 2926/74/2921 2916/73/2921
f 2909/72/2922 2888/75/2922 2921/75/2922 2942/72/2922
f 2893/74/2923 2894/76/2923 2927/76/2923 2926/74/2923
f 2903/77/2924 2889/69/2924 2922/69/2924 2936/77/2924
f 2892/70/2925 2882/78/2925 2915/78/2925 2925/70/2925
f 2894/76/2926 2895/79/2926 2928/79/2926 2927/76/2926
f 2887/45/2927 2883/55/2927 2916/55/2927 2920/45/2927
f 2886/51/2928 2902/42/2928 2935/42/2928 2919/51/2928
f 2895/79/2929 2885/71/2929 2918/71/2929 2928/79/2929
f 2888/75/2930 2903/77/2930 2936/77/2930 2921/75/2930
f 2884/66/2931 2890/67/2931 2923/67/2931 2917/66/2931
f 2967/32/2932 2980/33/2932 2951/34/2932 2961/35/2932
f 2956/36/2933 2950/37/2933 2979/38/2933 2964/39/2933
f 2972/40/2934 2978/41/2934 2980/33/2934 2967/32/2934
f 2968/42/2935 2970/43/2935 2965/44/2935 2953/45/2935
f 2970/43/2936 2971/46/2936 2966/47/2936 2965/44/2936
f 2971/46/2937 2972/40/2937 2967/32/2937 2966/47/2937
f 2948/48/2938 2958/49/2938 2962/50/2938 2952/51/2938
f 2958/49/2939 2957/52/2939 2963/53/2939 2962/50/2939
f 2957/52/2940 2956/36/2940 2964/39/2940 2963/53/2940
f 2953/45/2941 2965/44/2941 2959/54/2941 2949/55/2941
f 2965/44/2942 2966/47/2942 2960/56/2942 2959/54/2942
f 2966/47/2943 2967/32/2943 2961/35/2943 2960/56/2943
f 2963/53/2944 2964/39/2944 2972/40/2944 2971/46/2944
f 2962/50/2945 2963/53/2945 2971/46/2945 2970/43/2945
f 2952/51/2946 2962/50/2946 2970/43/2946 2968/42/2946
f 2964/39/2947 2979/38/2947 2978/41/2947 2972/40/2947
f 3000/32/2948 2994/35/2948 2984/34/2948 3013/33/2948
f 2974/57/2949 2955/58/2949 2973/59/2949
f 2973/59/2950 2955/58/2950 2969/60/2950 2977/61/2950
f 2977/61/2951 2969/60/2951 2954/62/2951 2976/63/2951
f 2976/63/2952 2954/62/2952 2975/64/2952
f 2950/37/2953 2974/57/2953 2973/59/2953 2979/38/2953
f 2979/38/2954 2973/59/2954 2977/61/2954 2978/41/2954
f 2978/41/2955 2977/61/2955 2976/63/2955 2980/33/2955
f 2980/33/2956 2976/63/2956 2975/64/2956 2951/34/2956
f 2989/36/2957 2997/39/2957 3012/38/2957 2983/37/2957
f 3005/40/2958 3000/32/2958 3013/33/2958 3011/41/2958
f 3001/42/2959 2986/45/2959 2998/44/2959 3003/43/2959
f 3003/43/2960 2998/44/2960 2999/47/2960 3004/46/2960
f 3004/46/2961 2999/47/2961 3000/32/2961 3005/40/2961
f 2981/48/2962 2985/51/2962 2995/50/2962 2991/49/2962
f 2991/49/2963 2995/50/2963 2996/53/2963 2990/52/2963
f 2990/52/2964 2996/53/2964 2997/39/2964 2989/36/2964
f 2986/45/2965 2982/55/2965 2992/54/2965 2998/44/2965
f 2998/44/2966 2992/54/2966 2993/56/2966 2999/47/2966
f 2999/47/2967 2993/56/2967 2994/35/2967 3000/32/2967
f 2996/53/2968 3004/46/2968 3005/40/2968 2997/39/2968
f 2995/50/2969 3003/43/2969 3004/46/2969 2996/53/2969
f 2985/51/2970 3001/42/2970 3003/43/2970 2995/50/2970
f 2997/39/2971 3005/40/2971 3011/41/2971 3012/38/2971
f 3007/57/2972 3006/59/2972 2988/58/2972
f 3006/59/2973 3010/61/2973 3002/60/2973 2988/58/2973
f 3010/61/2974 3009/63/2974 2987/62/2974 3002/60/2974
f 3009/63/2975 3008/64/2975 2987/62/2975
f 2983/37/2976 3012/38/2976 3006/59/2976 3007/57/2976
f 3012/38/2977 3011/41/2977 3010/61/2977 3006/59/2977
f 3011/41/2978 3013/33/2978 3009/63/2978 3010/61/2978
f 3013/33/2979 2984/34/2979 3008/64/2979 3009/63/2979
f 2974/65/2980 2950/66/2980 2983/66/2980 3007/65/2980
f 2956/67/2981 2957/68/2981 2990/68/2981 2989/67/2981
f 2955/69/2982 2974/65/2982 3007/65/2982 2988/69/2982
f 2948/48/2983 2952/51/2983 2985/51/2983 2981/48/2983
f 2957/68/2984 2958/70/2984 2991/70/2984 2990/68/2984
f 2951/71/2985 2975/72/2985 3008/72/2985 2984/71/2985
f 2968/42/2986 2953/45/2986 2986/45/2986 3001/42/2986
f 2949/73/2987 2959/74/2987 2992/74/2987 2982/73/2987
f 2975/72/2988 2954/75/2988 2987/75/2988 3008/72/2988
f 2959/74/2989 2960/76/2989 2993/76/2989 2992/74/2989
f 2969/77/2990 2955/69/2990 2988/69/2990 3002/77/2990
f 2958/70/2991 2948/78/2991 2981/78/2991 2991/70/2991
f 2960/76/2992 2961/79/2992 2994/79/2992 2993/76/2992
f 2953/45/2993 2949/55/2993 2982/55/2993 2986/45/2993
f 2952/51/2994 2968/42/2994 3001/42/2994 2985/51/2994
f 2961/79/2995 2951/71/2995 2984/71/2995 2994/79/2995
f 2954/75/2996 2969/77/2996 3002/77/2996 2987/75/2996
f 2950/66/2997 2956/67/2997 2989/67/2997 2983/66/2997
f 3033/1/2998 3014/2/2998 3015/3/2998 3034/4/2998
f 3034/4/2999 3015/3/2999 3016/5/2999 3035/6/2999
f 3035/6/3000 3016/5/3000 3017/7/3000 3036/8/3000
f 3036/8/3001 3017/7/3001 3018/9/3001 3037/10/3001
f 3019/11/3002 3018/12/3002 3024/13/3002 3025/14/3002
f 3037/10/3003 3018/9/3003 3019/15/3003 3038/16/3003
f 3038/16/3004 3019/15/3004 3014/2/3004 3033/1/3004
f 3015/17/3005 3014/18/3005 3020/19/3005 3021/20/3005
f 3017/21/3006 3016/22/3006 3022/23/3006 3023/24/3006
f 3014/18/3007 3019/11/3007 3025/14/3007 3020/19/3007
f 3018/12/3008 3017/21/3008 3023/24/3008 3024/13/3008
f 3016/22/3009 3015/17/3009 3021/20/3009 3022/23/3009
f 3020/19/3010 3025/14/3010 3031/25/3010 3026/26/3010
f 3024/13/3011 3023/24/3011 3029/27/3011 3030/28/3011
f 3022/23/3012 3021/20/3012 3027/29/3012 3028/30/3012
f 3025/14/3013 3024/13/3013 3030/28/3013 3031/25/3013
f 3023/24/3014 3022/23/3014 3028/30/3014 3029/27/3014
f 3021/20/3015 3020/19/3015 3026/26/3015 3027/29/3015
f 3031/25/3016 3030/28/3016 3032/31/3016
f 3029/27/3017 3028/30/3017 3032/31/3017
f 3027/29/3018 3026/26/3018 3032/31/3018
f 3026/26/3019 3031/25/3019 3032/31/3019
f 3030/28/3020 3029/27/3020 3032/31/3020
f 3028/30/3021 3027/29/3021 3032/31/3021
f 3058/32/3022 3071/33/3022 3042/34/3022 3052/35/3022
f 3047/36/3023 3041/37/3023 3070/38/3023 3055/39/3023
f 3063/40/3024 3069/41/3024 3071/33/3024 3058/32/3024
f 3059/42/3025 3061/43/3025 3056/44/3025 3044/45/3025
f 3061/43/3026 3062/46/3026 3057/47/3026 3056/44/3026
f 3062/46/3027 3063/40/3027 3058/32/3027 3057/47/3027
f 3039/48/3028 3049/49/3028 3053/50/3028 3043/51/3028
f 3049/49/3029 3048/52/3029 3054/53/3029 3053/50/3029
f 3048/52/3030 3047/36/3030 3055/39/3030 3054/53/3030
f 3044/45/3031 3056/44/3031 3050/54/3031 3040/55/3031
f 3056/44/3032 3057/47/3032 3051/56/3032 3050/54/3032
f 3057/47/3033 3058/32/3033 3052/35/3033 3051/56/3033
f 3054/53/3034 3055/39/3034 3063/40/3034 3062/46/3034
f 3053/50/3035 3054/53/3035 3062/46/3035 3061/43/3035
f 3043/51/3036 3053/50/3036 3061/43/3036 3059/42/3036
f 3055/39/3037 3070/38/3037 3069/41/3037 3063/40/3037
f 3091/32/3038 3085/35/3038 3075/34/3038 3104/33/3038
f 3065/57/3039 3046/58/3039 3064/59/3039
f 3064/59/3040 3046/58/3040 3060/60/3040 3068/61/3040
f 3068/61/3041 3060/60/3041 3045/62/3041 3067/63/3041
f 3067/63/3042 3045/62/3042 3066/64/3042
f 3041/37/3043 3065/57/3043 3064/59/3043 3070/38/3043
f 3070/38/3044 3064/59/3044 3068/61/3044 3069/41/3044
f 3069/41/3045 3068/61/3045 3067/63/3045 3071/33/3045
f 3071/33/3046 3067/63/3046 3066/64/3046 3042/34/3046
f 3080/36/3047 3088/39/3047 3103/38/3047 3074/37/3047
f 3096/40/3048 3091/32/3048 3104/33/3048 3102/41/3048
f 3092/42/3049 3077/45/3049 3089/44/3049 3094/43/3049
f 3094/43/3050 3089/44/3050 3090/47/3050 3095/46/3050
f 3095/46/3051 3090/47/3051 3091/32/3051 3096/40/3051
f 3072/48/3052 3076/51/3052 3086/50/3052 3082/49/3052
f 3082/49/3053 3086/50/3053 3087/53/3053 3081/52/3053
f 3081/52/3054 3087/53/3054 3088/39/3054 3080/36/3054
f 3077/45/3055 3073/55/3055 3083/54/3055 3089/44/3055
f 3089/44/3056 3083/54/3056 3084/56/3056 3090/47/3056
f 3090/47/3057 3084/56/3057 3085/35/3057 3091/32/3057
f 3087/53/3058 3095/46/3058 3096/40/3058 3088/39/3058
f 3086/50/3059 3094/43/3059 3095/46/3059 3087/53/3059
f 3076/51/3060 3092/42/3060 3094/43/3060 3086/50/3060
f 3088/39/3061 3096/40/3061 3102/41/3061 3103/38/3061
f 3098/57/3062 3097/59/3062 3079/58/3062
f 3097/59/3063 3101/61/3063 3093/60/3063 3079/58/3063
f 3101/61/3064 3100/63/3064 3078/62/3064 3093/60/3064
f 3100/63/3065 3099/64/3065 3078/62/3065
f 3074/37/3066 3103/38/3066 3097/59/3066 3098/57/3066
f 3103/38/3067 3102/41/3067 3101/61/3067 3097/59/3067
f 3102/41/3068 3104/33/3068 3100/63/3068 3101/61/3068
f 3104/33/3069 3075/34/3069 3099/64/3069 3100/63/3069
f 3065/65/3070 3041/66/3070 3074/66/3070 3098/65/3070
f 3047/67/3071 3048/68/3071 3081/68/3071 3080/67/3071
f 3046/69/3072 3065/65/3072 3098/65/3072 3079/69/3072
f 3039/48/3073 3043/51/3073 3076/51/3073 3072/48/3073
f 3048/68/3074 3049/70/3074 3082/70/3074 3081/68/3074
f 3042/71/3075 3066/72/3075 3099/72/3075 3075/71/3075
f 3059/42/3076 3044/45/3076 3077/45/3076 3092/42/3076
f 3040/73/3077 3050/74/3077 3083/74/3077 3073/73/3077
f 3066/72/3078 3045/75/3078 3078/75/3078 3099/72/3078
f 3050/74/3079 3051/76/3079 3084/76/3079 3083/74/3079
f 3060/77/3080 3046/69/3080 3079/69/3080 3093/77/3080
f 3049/70/3081 3039/78/3081 3072/78/3081 3082/70/3081
f 3051/76/3082 3052/79/3082 3085/79/3082 3084/76/3082
f 3044/45/3083 3040/55/3083 3073/55/3083 3077/45/3083
f 3043/51/3084 3059/42/3084 3092/42/3084 3076/51/3084
f 3052/79/3085 3042/71/3085 3075/71/3085 3085/79/3085
f 3045/75/3086 3060/77/3086 3093/77/3086 3078/75/3086
f 3041/66/3087 3047/67/3087 3080/67/3087 3074/66/3087
f 3124/32/3088 3137/33/3088 3108/34/3088 3118/35/3088
f 3113/36/3089 3107/37/3089 3136/38/3089 3121/39/3089
f 3129/40/3090 3135/41/3090 3137/33/3090 3124/32/3090
f 3125/42/3091 3127/43/3091 3122/44/3091 3110/45/3091
f 3127/43/3092 3128/46/3092 3123/47/3092 3122/44/3092
f 3128/46/3093 3129/40/3093 3124/32/3093 3123/47/3093
f 3105/48/3094 3115/49/3094 3119/50/3094 3109/51/3094
f 3115/49/3095 3114/52/3095 3120/53/3095 3119/50/3095
f 3114/52/3096 3113/36/3096 3121/39/3096 3120/53/3096
f 3110/45/3097 3122/44/3097 3116/54/3097 3106/55/3097
f 3122/44/3098 3123/47/3098 3117/56/3098 3116/54/3098
f 3123/47/3099 3124/32/3099 3118/35/3099 3117/56/3099
f 3120/53/3100 3121/39/3100 3129/40/3100 3128/46/3100
f 3119/50/3101 3120/53/3101 3128/46/3101 3127/43/3101
f 3109/51/3102 3119/50/3102 3127/43/3102 3125/42/3102
f 3121/39/3103 3136/38/3103 3135/41/3103 3129/40/3103
f 3157/32/3104 3151/35/3104 3141/34/3104 3170/33/3104
f 3131/57/3105 3112/58/3105 3130/59/3105
f 3130/59/3106 3112/58/3106 3126/60/3106 3134/61/3106
f 3134/61/3107 3126/60/3107 3111/62/3107 3133/63/3107
f 3133/63/3108 3111/62/3108 3132/64/3108
f 3107/37/3109 3131/57/3109 3130/59/3109 3136/38/3109
f 3136/38/3110 3130/59/3110 3134/61/3110 3135/41/3110
f 3135/41/3111 3134/61/3111 3133/63/3111 3137/33/3111
f 3137/33/3112 3133/63/3112 3132/64/3112 3108/34/3112
f 3146/36/3113 3154/39/3113 3169/38/3113 3140/37/3113
f 3162/40/3114 3157/32/3114 3170/33/3114 3168/41/3114
f 3158/42/3115 3143/45/3115 3155/44/3115 3160/43/3115
f 3160/43/3116 3155/44/3116 3156/47/3116 3161/46/3116
f 3161/46/3117 3156/47/3117 3157/32/3117 3162/40/3117
f 3138/48/3118 3142/51/3118 3152/50/3118 3148/49/3118
f 3148/49/3119 3152/50/3119 3153/53/3119 3147/52/3119
f 3147/52/3120 3153/53/3120 3154/39/3120 3146/36/3120
f 3143/45/3121 3139/55/3121 3149/54/3121 3155/44/3121
f 3155/44/3122 3149/54/3122 3150/56/3122 3156/47/3122
f 3156/47/3123 3150/56/3123 3151/35/3123 3157/32/3123
f 3153/53/3124 3161/46/3124 3162/40/3124 3154/39/3124
f 3152/50/3125 3160/43/3125 3161/46/3125 3153/53/3125
f 3142/51/3126 3158/42/3126 3160/43/3126 3152/50/3126
f 3154/39/3127 3162/40/3127 3168/41/3127 3169/38/3127
f 3164/57/3128 3163/59/3128 3145/58/3128
f 3163/59/3129 3167/61/3129 3159/60/3129 3145/58/3129
f 3167/61/3130 3166/63/3130 3144/62/3130 3159/60/3130
f 3166/63/3131 3165/64/3131 3144/62/3131
f 3140/37/3132 3169/38/3132 3163/59/3132 3164/57/3132
f 3169/38/3133 3168/41/3133 3167/61/3133 3163/59/3133
f 3168/41/3134 3170/33/3134 3166/63/3134 3167/61/3134
f 3170/33/3135 3141/34/3135 3165/64/3135 3166/63/3135
f 3131/65/3136 3107/66/3136 3140/66/3136 3164/65/3136
f 3113/67/3137 3114/68/3137 3147/68/3137 3146/67/3137
f 3112/69/3138 3131/65/3138 3164/65/3138 3145/69/3138
f 3105/48/3139 3109/51/3139 3142/51/3139 3138/48/3139
f 3114/68/3140 3115/70/3140 3148/70/3140 3147/68/3140
f 3108/71/3141 3132/72/3141 3165/72/3141 3141/71/3141
f 3125/42/3142 3110/45/3142 3143/45/3142 3158/42/3142
f 3106/73/3143 3116/74/3143 3149/74/3143 3139/73/3143
f 3132/72/3144 3111/75/3144 3144/75/3144 3165/72/3144
f 3116/74/3145 3117/76/3145 3150/76/3145 3149/74/3145
f 3126/77/3146 3112/69/3146 3145/69/3146 3159/77/3146
f 3115/70/3147 3105/78/3147 3138/78/3147 3148/70/3147
f 3117/76/3148 3118/79/3148 3151/79/3148 3150/76/3148
f 3110/45/3149 3106/55/3149 3139/55/3149 3143/45/3149
f 3109/51/3150 3125/42/3150 3158/42/3150 3142/51/3150
f 3118/79/3151 3108/71/3151 3141/71/3151 3151/79/3151
f 3111/75/3152 3126/77/3152 3159/77/3152 3144/75/3152
f 3107/66/3153 3113/67/3153 3146/67/3153 3140/66/3153
f 3190/32/3154 3203/33/3154 3174/34/3154 3184/35/3154
f 3179/36/3155 3173/37/3155 3202/38/3155 3187/39/3155
f 3195/40/3156 3201/41/3156 3203/33/3156 3190/32/3156
f 3191/42/3157 3193/43/3157 3188/44/3157 3176/45/3157
f 3193/43/3158 3194/46/3158 3189/47/3158 3188/44/3158
f 3194/46/3159 3195/40/3159 3190/32/3159 3189/47/3159
f 3171/48/3160 3181/49/3160 3185/50/3160 3175/51/3160
f 3181/49/3161 3180/52/3161 3186/53/3161 3185/50/3161
f 3180/52/3162 3179/36/3162 3187/39/3162 3186/53/3162
f 3176/45/3163 3188/44/3163 3182/54/3163 3172/55/3163
f 3188/44/3164 3189/47/3164 3183/56/3164 3182/54/3164
f 3189/47/3165 3190/32/3165 3184/35/3165 3183/56/3165
f 3186/53/3166 3187/39/3166 3195/40/3166 3194/46/3166
f 3185/50/3167 3186/53/3167 3194/46/3167 3193/43/3167
f 3175/51/3168 3185/50/3168 3193/43/3168 3191/42/3168
f 3187/39/3169 3202/38/3169 3201/41/3169 3195/40/3169
f 3223/32/3170 3217/35/3170 3207/34/3170 3236/33/3170
f 3197/57/3171 3178/58/3171 3196/59/3171
f 3196/59/3172 3178/58/3172 3192/60/3172 3200/61/3172
f 3200/61/3173 3192/60/3173 3177/62/3173 3199/63/3173
f 3199/63/3174 3177/62/3174 3198/64/3174
f 3173/37/3175 3197/57/3175 3196/59/3175 3202/38/3175
f 3202/38/3176 3196/59/3176 3200/61/3176 3201/41/3176
f 3201/41/3177 3200/61/3177 3199/63/3177 3203/33/3177
f 3203/33/3178 3199/63/3178 3198/64/3178 3174/34/3178
f 3212/36/3179 3220/39/3179 3235/38/3179 3206/37/3179
f 3228/40/3180 3223/32/3180 3236/33/3180 3234/41/3180
f 3224/42/3181 3209/45/3181 3221/44/3181 3226/43/3181
f 3226/43/3182 3221/44/3182 3222/47/3182 3227/46/3182
f 3227/46/3183 3222/47/3183 3223/32/3183 3228/40/3183
f 3204/48/3184 3208/51/3184 3218/50/3184 3214/49/3184
f 3214/49/3185 3218/50/3185 3219/53/3185 3213/52/3185
f 3213/52/3186 3219/53/3186 3220/39/3186 3212/36/3186
f 3209/45/3187 3205/55/3187 3215/54/3187 3221/44/3187
f 3221/44/3188 3215/54/3188 3216/56/3188 3222/47/3188
f 3222/47/3189 3216/56/3189 3217/35/3189 3223/32/3189
f 3219/53/3190 3227/46/3190 3228/40/3190 3220/39/3190
f 3218/50/3191 3226/43/3191 3227/46/3191 3219/53/3191
f 3208/51/3192 3224/42/3192 3226/43/3192 3218/50/3192
f 3220/39/3193 3228/40/3193 3234/41/3193 3235/38/3193
f 3230/57/3194 3229/59/3194 3211/58/3194
f 3229/59/3195 3233/61/3195 3225/60/3195 3211/58/3195
f 3233/61/3196 3232/63/3196 3210/62/3196 3225/60/3196
f 3232/63/3197 3231/64/3197 3210/62/3197
f 3206/37/3198 3235/38/3198 3229/59/3198 3230/57/3198
f 3235/38/3199 3234/41/3199 3233/61/3199 3229/59/3199
f 3234/41/3200 3236/33/3200 3232/63/3200 3233/61/3200
f 3236/33/3201 3207/34/3201 3231/64/3201 3232/63/3201
f 3197/65/3202 3173/66/3202 3206/66/3202 3230/65/3202
f 3179/67/3203 3180/68/3203 3213/68/3203 3212/67/3203
f 3178/69/3204 3197/65/3204 3230/65/3204 3211/69/3204
f 3171/48/3205 3175/51/3205 3208/51/3205 3204/48/3205
f 3180/68/3206 3181/70/3206 3214/70/3206 3213/68/3206
f 3174/71/3207 3198/72/3207 3231/72/3207 3207/71/3207
f 3191/42/3208 3176/45/3208 3209/45/3208 3224/42/3208
f 3172/73/3209 3182/74/3209 3215/74/3209 3205/73/3209
f 3198/72/3210 3177/75/3210 3210/75/3210 3231/72/3210
f 3182/74/3211 3183/76/3211 3216/76/3211 3215/74/3211
f 3192/77/3212 3178/69/3212 3211/69/3212 3225/77/3212
f 3181/70/3213 3171/78/3213 3204/78/3213 3214/70/3213
f 3183/76/3214 3184/79/3214 3217/79/3214 3216/76/3214
f 3176/45/3215 3172/55/3215 3205/55/3215 3209/45/3215
f 3175/51/3216 3191/42/3216 3224/42/3216 3208/51/3216
f 3184/79/3217 3174/71/3217 3207/71/3217 3217/79/3217
f 3177/75/3218 3192/77/3218 3225/77/3218 3210/75/3218
f 3173/66/3219 3179/67/3219 3212/67/3219 3206/66/3219
f 3256/32/3220 3269/33/3220 3240/34/3220 3250/35/3220
f 3245/36/3221 3239/37/3221 3268/38/3221 3253/39/3221
f 3261/40/3222 3267/41/3222 3269/33/3222 3256/32/3222
f 3257/42/3223 3259/43/3223 3254/44/3223 3242/45/3223
f 3259/43/3224 3260/46/3224 3255/47/3224 3254/44/3224
f 3260/46/3225 3261/40/3225 3256/32/3225 3255/47/3225
f 3237/48/3226 3247/49/3226 3251/50/3226 3241/51/3226
f 3247/49/3227 3246/52/3227 3252/53/3227 3251/50/3227
f 3246/52/3228 3245/36/3228 3253/39/3228 3252/53/3228
f 3242/45/3229 3254/44/3229 3248/54/3229 3238/55/3229
f 3254/44/3230 3255/47/3230 3249/56/3230 3248/54/3230
f 3255/47/3231 3256/32/3231 3250/35/3231 3249/56/3231
f 3252/53/3232 3253/39/3232 3261/40/3232 3260/46/3232
f 3251/50/3233 3252/53/3233 3260/46/3233 3259/43/3233
f 3241/51/3234 3251/50/3234 3259/43/3234 3257/42/3234
f 3253/39/3235 3268/38/3235 3267/41/3235 3261/40/3235
f 3289/32/3236 3283/35/3236 3273/34/3236 3302/33/3236
f 3263/57/3237 3244/58/3237 3262/59/3237
f 3262/59/3238 3244/58/3238 3258/60/3238 3266/61/3238
f 3266/61/3239 3258/60/3239 3243/62/3239 3265/63/3239
f 3265/63/3240 3243/62/3240 3264/64/3240
f 3239/37/3241 3263/57/3241 3262/59/3241 3268/38/3241
f 3268/38/3242 3262/59/3242 3266/61/3242 3267/41/3242
f 3267/41/3243 3266/61/3243 3265/63/3243 3269/33/3243
f 3269/33/3244 3265/63/3244 3264/64/3244 3240/34/3244
f 3278/36/3245 3286/39/3245 3301/38/3245 3272/37/3245
f 3294/40/3246 3289/32/3246 3302/33/3246 3300/41/3246
f 3290/42/3247 3275/45/3247 3287/44/3247 3292/43/3247
f 3292/43/3248 3287/44/3248 3288/47/3248 3293/46/3248
f 3293/46/3249 3288/47/3249 3289/32/3249 3294/40/3249
f 3270/48/3250 3274/51/3250 3284/50/3250 3280/49/3250
f 3280/49/3251 3284/50/3251 3285/53/3251 3279/52/3251
f 3279/52/3252 3285/53/3252 3286/39/3252 3278/36/3252
f 3275/45/3253 3271/55/3253 3281/54/3253 3287/44/3253
f 3287/44/3254 3281/54/3254 3282/56/3254 3288/47/3254
f 3288/47/3255 3282/56/3255 3283/35/3255 3289/32/3255
f 3285/53/3256 3293/46/3256 3294/40/3256 3286/39/3256
f 3284/50/3257 3292/43/3257 3293/46/3257 3285/53/3257
f 3274/51/3258 3290/42/3258 3292/43/3258 3284/50/3258
f 3286/39/3259 3294/40/3259 3300/41/3259 3301/38/3259
f 3296/57/3260 3295/59/3260 3277/58/3260
f 3295/59/3261 3299/61/3261 3291/60/3261 3277/58/3261
f 3299/61/3262 3298/63/3262 3276/62/3262 3291/60/3262
f 3298/63/3263 3297/64/3263 3276/62/3263
f 3272/37/3264 3301/38/3264 3295/59/3264 3296/57/3264
f 3301/38/3265 3300/41/3265 3299/61/3265 3295/59/3265
f 3300/41/3266 3302/33/3266 3298/63/3266 3299/61/3266
f 3302/33/3267 3273/34/3267 3297/64/3267 3298/63/3267
f 3263/65/3268 3239/66/3268 3272/66/3268 3296/65/3268
f 3245/67/3269 3246/68/3269 3279/68/3269 3278/67/3269
f 3244/69/3270 3263/65/3270 3296/65/3270 3277/69/3270
f 3237/48/3271 3241/51/3271 3274/51/3271 3270/48/3271
f 3246/68/3272 3247/70/3272 3280/70/3272 3279/68/3272
f 3240/71/3273 3264/72/3273 3297/72/3273 3273/71/3273
f 3257/42/3274 3242/45/3274 3275/45/3274 3290/42/3274
f 3238/73/3275 3248/74/3275 3281/74/3275 3271/73/3275
f 3264/72/3276 3243/75/3276 3276/75/3276 3297/72/3276
f 3248/74/3277 3249/76/3277 3282/76/3277 3281/74/3277
f 3258/77/3278 3244/69/3278 3277/69/3278 3291/77/3278
f 3247/70/3279 3237/78/3279 3270/78/3279 3280/70/3279
f 3249/76/3280 3250/79/3280 3283/79/3280 3282/76/3280
f 3242/45/3281 3238/55/3281 3271/55/3281 3275/45/3281
f 3241/51/3282 3257/42/3282 3290/42/3282 3274/51/3282
f 3250/79/3283 3240/71/3283 3273/71/3283 3283/79/3283
f 3243/75/3284 3258/77/3284 3291/77/3284 3276/75/3284
f 3239/66/3285 3245/67/3285 3278/67/3285 3272/66/3285
f 3322/32/3286 3335/33/3286 3306/34/3286 3316/35/3286
f 3311/36/3287 3305/37/3287 3334/38/3287 3319/39/3287
f 3327/40/3288 3333/41/3288 3335/33/3288 3322/32/3288
f 3323/42/3289 3325/43/3289 3320/44/3289 3308/45/3289
f 3325/43/3290 3326/46/3290 3321/47/3290 3320/44/3290
f 3326/46/3291 3327/40/3291 3322/32/3291 3321/47/3291
f 3303/48/3292 3313/49/3292 3317/50/3292 3307/51/3292
f 3313/49/3293 3312/52/3293 3318/53/3293 3317/50/3293
f 3312/52/3294 3311/36/3294 3319/39/3294 3318/53/3294
f 3308/45/3295 3320/44/3295 3314/54/3295 3304/55/3295
f 3320/44/3296 3321/47/3296 3315/56/3296 3314/54/3296
f 3321/47/3297 3322/32/3297 3316/35/3297 3315/56/3297
f 3318/53/3298 3319/39/3298 3327/40/3298 3326/46/3298
f 3317/50/3299 3318/53/3299 3326/46/3299 3325/43/3299
f 3307/51/3300 3317/50/3300 3325/43/3300 3323/42/3300
f 3319/39/3301 3334/38/3301 3333/41/3301 3327/40/3301
f 3355/32/3302 3349/35/3302 3339/34/3302 3368/33/3302
f 3329/57/3303 3310/58/3303 3328/59/3303
f 3328/59/3304 3310/58/3304 3324/60/3304 3332/61/3304
f 3332/61/3305 3324/60/3305 3309/62/3305 3331/63/3305
f 3331/63/3306 3309/62/3306 3330/64/3306
f 3305/37/3307 3329/57/3307 3328/59/3307 3334/38/3307
f 3334/38/3308 3328/59/3308 3332/61/3308 3333/41/3308
f 3333/41/3309 3332/61/3309 3331/63/3309 3335/33/3309
f 3335/33/3310 3331/63/3310 3330/64/3310 3306/34/3310
f 3344/36/3311 3352/39/3311 3367/38/3311 3338/37/3311
f 3360/40/3312 3355/32/3312 3368/33/3312 3366/41/3312
f 3356/42/3313 3341/45/3313 3353/44/3313 3358/43/3313
f 3358/43/3314 3353/44/3314 3354/47/3314 3359/46/3314
f 3359/46/3315 3354/47/3315 3355/32/3315 3360/40/3315
f 3336/48/3316 3340/51/3316 3350/50/3316 3346/49/3316
f 3346/49/3317 3350/50/3317 3351/53/3317 3345/52/3317
f 3345/52/3318 3351/53/3318 3352/39/3318 3344/36/3318
f 3341/45/3319 3337/55/3319 3347/54/3319 3353/44/3319
f 3353/44/3320 3347/54/3320 3348/56/3320 3354/47/3320
f 3354/47/3321 3348/56/3321 3349/35/3321 3355/32/3321
f 3351/53/3322 3359/46/3322 3360/40/3322 3352/39/3322
f 3350/50/3323 3358/43/3323 3359/46/3323 3351/53/3323
f 3340/51/3324 3356/42/3324 3358/43/3324 3350/50/3324
f 3352/39/3325 3360/40/3325 3366/41/3325 3367/38/3325
f 3362/57/3326 3361/59/3326 3343/58/3326
f 3361/59/3327 3365/61/3327 3357/60/3327 3343/58/3327
f 3365/61/3328 3364/63/3328 3342/62/3328 3357/60/3328
f 3364/63/3329 3363/64/3329 3342/62/3329
f 3338/37/3330 3367/38/3330 3361/59/3330 3362/57/3330
f 3367/38/3331 3366/41/3331 3365/61/3331 3361/59/3331
f 3366/41/3332 3368/33/3332 3364/63/3332 3365/61/3332
f 3368/33/3333 3339/34/3333 3363/64/3333 3364/63/3333
f 3329/65/3334 3305/66/3334 3338/66/3334 3362/65/3334
f 3311/67/3335 3312/68/3335 3345/68/3335 3344/67/3335
f 3310/69/3336 3329/65/3336 3362/65/3336 3343/69/3336
f 3303/48/3337 3307/51/3337 3340/51/3337 3336/48/3337
f 3312/68/3338 3313/70/3338 3346/70/3338 3345/68/3338
f 3306/71/3339 3330/72/3339 3363/72/3339 3339/71/3339
f 3323/42/3340 3308/45/3340 3341/45/3340 3356/42/3340
f 3304/73/3341 3314/74/3341 3347/74/3341 3337/73/3341
f 3330/72/3342 3309/75/3342 3342/75/3342 3363/72/3342
f 3314/74/3343 3315/76/3343 3348/76/3343 3347/74/3343
f 3324/77/3344 3310/69/3344 3343/69/3344 3357/77/3344
f 3313/70/3345 3303/78/3345 3336/78/3345 3346/70/3345
f 3315/76/3346 3316/79/3346 3349/79/3346 3348/76/3346
f 3308/45/3347 3304/55/3347 3337/55/3347 3341/45/3347
f 3307/51/3348 3323/42/3348 3356/42/3348 3340/51/3348
f 3316/79/3349 3306/71/3349 3339/71/3349 3349/79/3349
f 3309/75/3350 3324/77/3350 3357/77/3350 3342/75/3350
f 3305/66/3351 3311/67/3351 3344/67/3351 3338/66/3351
f 3388/32/3352 3401/33/3352 3372/34/3352 3382/35/3352
f 3377/36/3353 3371/37/3353 3400/38/3353 3385/39/3353
f 3393/40/3354 3399/41/3354 3401/33/3354 3388/32/3354
f 3389/42/3355 3391/43/3355 3386/44/3355 3374/45/3355
f 3391/43/3356 3392/46/3356 3387/47/3356 3386/44/3356
f 3392/46/3357 3393/40/3357 3388/32/3357 3387/47/3357
f 3369/48/3358 3379/49/3358 3383/50/3358 3373/51/3358
f 3379/49/3359 3378/52/3359 3384/53/3359 3383/50/3359
f 3378/52/3360 3377/36/3360 3385/39/3360 3384/53/3360
f 3374/45/3361 3386/44/3361 3380/54/3361 3370/55/3361
f 3386/44/3362 3387/47/3362 3381/56/3362 3380/54/3362
f 3387/47/3363 3388/32/3363 3382/35/3363 3381/56/3363
f 3384/53/3364 3385/39/3364 3393/40/3364 3392/46/3364
f 3383/50/3365 3384/53/3365 3392/46/3365 3391/43/3365
f 3373/51/3366 3383/50/3366 3391/43/3366 3389/42/3366
f 3385/39/3367 3400/38/3367 3399/41/3367 3393/40/3367
f 3421/32/3368 3415/35/3368 3405/34/3368 3434/33/3368
f 3395/57/3369 3376/58/3369 3394/59/3369
f 3394/59/3370 3376/58/3370 3390/60/3370 3398/61/3370
f 3398/61/3371 3390/60/3371 3375/62/3371 3397/63/3371
f 3397/63/3372 3375/62/3372 3396/64/3372
f 3371/37/3373 3395/57/3373 3394/59/3373 3400/38/3373
f 3400/38/3374 3394/59/3374 3398/61/3374 3399/41/3374
f 3399/41/3375 3398/61/3375 3397/63/3375 3401/33/3375
f 3401/33/3376 3397/63/3376 3396/64/3376 3372/34/3376
f 3410/36/3377 3418/39/3377 3433/38/3377 3404/37/3377
f 3426/40/3378 3421/32/3378 3434/33/3378 3432/41/3378
f 3422/42/3379 3407/45/3379 3419/44/3379 3424/43/3379
f 3424/43/3380 3419/44/3380 3420/47/3380 3425/46/3380
f 3425/46/3381 3420/47/3381 3421/32/3381 3426/40/3381
f 3402/48/3382 3406/51/3382 3416/50/3382 3412/49/3382
f 3412/49/3383 3416/50/3383 3417/53/3383 3411/52/3383
f 3411/52/3384 3417/53/3384 3418/39/3384 3410/36/3384
f 3407/45/3385 3403/55/3385 3413/54/3385 3419/44/3385
f 3419/44/3386 3413/54/3386 3414/56/3386 3420/47/3386
f 3420/47/3387 3414/56/3387 3415/35/3387 3421/32/3387
f 3417/53/3388 3425/46/3388 3426/40/3388 3418/39/3388
f 3416/50/3389 3424/43/3389 3425/46/3389 3417/53/3389
f 3406/51/3390 3422/42/3390 3424/43/3390 3416/50/3390
f 3418/39/3391 3426/40/3391 3432/41/3391 3433/38/3391
f 3428/57/3392 3427/59/3392 3409/58/3392
f 3427/59/3393 3431/61/3393 3423/60/3393 3409/58/3393
f 3431/61/3394 3430/63/3394 3408/62/3394 3423/60/3394
f 3430/63/3395 3429/64/3395 3408/62/3395
f 3404/37/3396 3433/38/3396 3427/59/3396 3428/57/3396
f 3433/38/3397 3432/41/3397 3431/61/3397 3427/59/3397
f 3432/41/3398 3434/33/3398 3430/63/3398 3431/61/3398
f 3434/33/3399 3405/34/3399 3429/64/3399 3430/63/3399
f 3395/65/3400 3371/66/3400 3404/66/3400 3428/65/3400
f 3377/67/3401 3378/68/3401 3411/68/3401 3410/67/3401
f 3376/69/3402 3395/65/3402 3428/65/3402 3409/69/3402
f 3369/48/3403 3373/51/3403 3406/51/3403 3402/48/3403
f 3378/68/3404 3379/70/3404 3412/70/3404 3411/68/3404
f 3372/71/3405 3396/72/3405 3429/72/3405 3405/71/3405
f 3389/42/3406 3374/45/3406 3407/45/3406 3422/42/3406
f 3370/73/3407 3380/74/3407 3413/74/3407 3403/73/3407
f 3396/72/3408 3375/75/3408 3408/75/3408 3429/72/3408
f 3380/74/3409 3381/76/3409 3414/76/3409 3413/74/3409
f 3390/77/3410 3376/69/3410 3409/69/3410 3423/77/3410
f 3379/70/3411 3369/78/3411 3402/78/3411 3412/70/3411
f 3381/76/3412 3382/79/3412 3415/79/3412 3414/76/3412
f 3374/45/3413 3370/55/3413 3403/55/3413 3407/45/3413
f 3373/51/3414 3389/42/3414 3422/42/3414 3406/51/3414
f 3382/79/3415 3372/71/3415 3405/71/3415 3415/79/3415
f 3375/75/3416 3390/77/3416 3423/77/3416 3408/75/3416
f 3371/66/3417 3377/67/3417 3410/67/3417 3404/66/3417
f 3454/32/3418 3467/33/3418 3438/34/3418 3448/35/3418
f 3443/36/3419 3437/37/3419 3466/38/3419 3451/39/3419
f 3459/40/3420 3465/41/3420 3467/33/3420 3454/32/3420
f 3455/42/3421 3457/43/3421 3452/44/3421 3440/45/3421
f 3457/43/3422 3458/46/3422 3453/47/3422 3452/44/3422
f 3458/46/3423 3459/40/3423 3454/32/3423 3453/47/3423
f 3435/48/3424 3445/49/3424 3449/50/3424 3439/51/3424
f 3445/49/3425 3444/52/3425 3450/53/3425 3449/50/3425
f 3444/52/3426 3443/36/3426 3451/39/3426 3450/53/3426
f 3440/45/3427 3452/44/3427 3446/54/3427 3436/55/3427
f 3452/44/3428 3453/47/3428 3447/56/3428 3446/54/3428
f 3453/47/3429 3454/32/3429 3448/35/3429 3447/56/3429
f 3450/53/3430 3451/39/3430 3459/40/3430 3458/46/3430
f 3449/50/3431 3450/53/3431 3458/46/3431 3457/43/3431
f 3439/51/3432 3449/50/3432 3457/43/3432 3455/42/3432
f 3451/39/3433 3466/38/3433 3465/41/3433 3459/40/3433
f 3487/32/3434 3481/35/3434 3471/34/3434 3500/33/3434
f 3461/57/3435 3442/58/3435 3460/59/3435
f 3460/59/3436 3442/58/3436 3456/60/3436 3464/61/3436
f 3464/61/3437 3456/60/3437 3441/62/3437 3463/63/3437
f 3463/63/3438 3441/62/3438 3462/64/3438
f 3437/37/3439 3461/57/3439 3460/59/3439 3466/38/3439
f 3466/38/3440 3460/59/3440 3464/61/3440 3465/41/3440
f 3465/41/3441 3464/61/3441 3463/63/3441 3467/33/3441
f 3467/33/3442 3463/63/3442 3462/64/3442 3438/34/3442
f 3476/36/3443 3484/39/3443 3499/38/3443 3470/37/3443
f 3492/40/3444 3487/32/3444 3500/33/3444 3498/41/3444
f 3488/42/3445 3473/45/3445 3485/44/3445 3490/43/3445
f 3490/43/3446 3485/44/3446 3486/47/3446 3491/46/3446
f 3491/46/3447 3486/47/3447 3487/32/3447 3492/40/3447
f 3468/48/3448 3472/51/3448 3482/50/3448 3478/49/3448
f 3478/49/3449 3482/50/3449 3483/53/3449 3477/52/3449
f 3477/52/3450 3483/53/3450 3484/39/3450 3476/36/3450
f 3473/45/3451 3469/55/3451 3479/54/3451 3485/44/3451
f 3485/44/3452 3479/54/3452 3480/56/3452 3486/47/3452
f 3486/47/3453 3480/56/3453 3481/35/3453 3487/32/3453
f 3483/53/3454 3491/46/3454 3492/40/3454 3484/39/3454
f 3482/50/3455 3490/43/3455 3491/46/3455 3483/53/3455
f 3472/51/3456 3488/42/3456 3490/43/3456 3482/50/3456
f 3484/39/3457 3492/40/3457 3498/41/3457 3499/38/3457
f 3494/57/3458 3493/59/3458 3475/58/3458
f 3493/59/3459 3497/61/3459 3489/60/3459 3475/58/3459
f 3497/61/3460 3496/63/3460 3474/62/3460 3489/60/3460
f 3496/63/3461 3495/64/3461 3474/62/3461
f 3470/37/3462 3499/38/3462 3493/59/3462 3494/57/3462
f 3499/38/3463 3498/41/3463 3497/61/3463 3493/59/3463
f 3498/41/3464 3500/33/3464 3496/63/3464 3497/61/3464
f 3500/33/3465 3471/34/3465 3495/64/3465 3496/63/3465
f 3461/65/3466 3437/66/3466 3470/66/3466 3494/65/3466
f 3443/67/3467 3444/68/3467 3477/68/3467 3476/67/3467
f 3442/69/3468 3461/65/3468 3494/65/3468 3475/69/3468
f 3435/48/3469 3439/51/3469 3472/51/3469 3468/48/3469
f 3444/68/3470 3445/70/3470 3478/70/3470 3477/68/3470
f 3438/71/3471 3462/72/3471 3495/72/3471 3471/71/3471
f 3455/42/3472 3440/45/3472 3473/45/3472 3488/42/3472
f 3436/73/3473 3446/74/3473 3479/74/3473 3469/73/3473
f 3462/72/3474 3441/75/3474 3474/75/3474 3495/72/3474
f 3446/74/3475 3447/76/3475 3480/76/3475 3479/74/3475
f 3456/77/3476 3442/69/3476 3475/69/3476 3489/77/3476
f 3445/70/3477 3435/78/3477 3468/78/3477 3478/70/3477
f 3447/76/3478 3448/79/3478 3481/79/3478 3480/76/3478
f 3440/45/3479 3436/55/3479 3469/55/3479 3473/45/3479
f 3439/51/3480 3455/42/3480 3488/42/3480 3472/51/3480
f 3448/79/3481 3438/71/3481 3471/71/3481 3481/79/3481
f 3441/75/3482 3456/77/3482 3489/77/3482 3474/75/3482
f 3437/66/3483 3443/67/3483 3476/67/3483 3470/66/3483
