# Blender 5.1.0
# www.blender.org
mtllib flower002.mtl
o flower.002
v -0.244245 -0.020169 -0.260858
v -0.235176 -0.016826 -0.370857
v -1.258246 0.128883 -0.369124
v -1.252452 0.124031 -0.434040
v -0.228446 -0.007819 -0.314604
v -1.256487 0.128669 -0.401922
v -1.039214 0.384441 -0.222232
v -0.824014 0.503866 -0.122237
v -0.601637 0.421241 -0.089032
v -0.446235 0.209168 -0.090354
v -0.408776 0.222979 -0.544710
v -0.564934 0.427055 -0.568821
v -0.789781 0.491302 -0.597042
v -1.013689 0.366041 -0.550103
v -0.362697 0.277510 -0.310322
v -0.520528 0.497807 -0.323252
v -0.768253 0.578386 -0.360067
v -1.041027 0.406794 -0.392061
v -0.124324 -0.040792 -0.254619
v -0.234323 -0.037448 -0.263688
v -0.228851 0.094521 0.769189
v -0.293768 0.089668 0.763395
v -0.178070 -0.028442 -0.270418
v -0.261650 0.094307 0.767429
v -0.081959 0.350078 0.550156
v 0.018035 0.469504 0.334957
v 0.051241 0.386878 0.112580
v 0.049918 0.174805 -0.042823
v -0.404438 0.188617 -0.080282
v -0.428548 0.392692 0.075876
v -0.456769 0.456939 0.300724
v -0.409831 0.331679 0.524631
v -0.170049 0.243148 -0.126361
v -0.182979 0.463445 0.031470
v -0.219795 0.544024 0.279196
v -0.251789 0.372431 0.551969
v -0.143805 -0.040792 -0.405535
v -0.152873 -0.037448 -0.295536
v 0.866606 0.094521 -0.311851
v 0.860812 0.089668 -0.246934
v -0.159603 -0.028442 -0.351788
v 0.864847 0.094307 -0.279052
v 0.647574 0.350078 -0.458743
v 0.432374 0.469504 -0.558738
v 0.209997 0.386878 -0.591943
v 0.054594 0.174805 -0.590620
v 0.017135 0.188617 -0.136264
v 0.173294 0.392692 -0.112154
v 0.398141 0.456939 -0.083933
v 0.622048 0.331679 -0.130871
v -0.028943 0.243148 -0.370653
v 0.128887 0.463445 -0.357723
v 0.376613 0.544024 -0.320907
v 0.649387 0.372431 -0.288913
v -0.252947 -0.040792 -0.368000
v -0.142948 -0.037448 -0.358931
v -0.144829 0.094521 -1.377225
v -0.079912 0.089668 -1.371431
v -0.199201 -0.028442 -0.352201
v -0.112031 0.094307 -1.375466
v -0.291721 0.350078 -1.158193
v -0.391715 0.469503 -0.942993
v -0.424921 0.386878 -0.720616
v -0.423598 0.174805 -0.565214
v 0.030758 0.188617 -0.527755
v 0.054868 0.392692 -0.683913
v 0.083089 0.456939 -0.908760
v 0.036151 0.331679 -1.132668
v -0.203631 0.243148 -0.481676
v -0.190701 0.463445 -0.639507
v -0.153885 0.544024 -0.887233
v -0.121891 0.372431 -1.160006
v -0.143165 0.033296 -0.326338
v -0.593026 1.302597 -0.160579
v -0.130553 0.037347 -0.294183
v -0.578153 1.299332 -0.134998
v -0.151578 0.033909 -0.266697
v -0.588946 1.281593 -0.113664
v -0.185216 0.026420 -0.271365
v -0.614612 1.267119 -0.117912
v -0.197829 0.022369 -0.303520
v -0.629485 1.270385 -0.143494
v -0.176803 0.025807 -0.331006
v -0.618692 1.288123 -0.164827
v -0.189094 0.539189 -0.427196
v -0.337467 0.975892 -0.374413
v -0.324170 0.979145 -0.341975
v -0.178026 0.542744 -0.398979
v -0.344603 0.973296 -0.313905
v -0.196478 0.539727 -0.374858
v -0.378333 0.964195 -0.318273
v -0.225997 0.533155 -0.378955
v -0.391630 0.960943 -0.350711
v -0.237065 0.529600 -0.407172
v -0.371197 0.966791 -0.378781
v -0.218614 0.532617 -0.431293
v -0.524832 1.497035 -0.326547
v -0.363157 1.443509 -0.092850
v -0.430708 1.223665 0.082432
v -0.659934 1.057349 0.024018
v -0.821609 1.110875 -0.209679
v -0.754058 1.330719 -0.384961
v -0.565261 1.512058 -0.278246
v -0.418851 1.463586 -0.066613
v -0.480024 1.264498 0.092120
v -0.687608 1.113884 0.039221
v -0.834019 1.162357 -0.172412
v -0.772846 1.361444 -0.331145
v -0.651200 1.338993 -0.096419
v -0.240923 0.761039 -0.429947
v -0.229526 0.764254 -0.401530
v -0.247767 0.760175 -0.377090
v -0.277406 0.752881 -0.381066
v -0.288803 0.749665 -0.409483
v -0.270561 0.753744 -0.433924
v -0.470706 1.172158 -0.279617
v -0.451624 1.167969 -0.246795
v -0.465472 1.145210 -0.219424
v -0.498401 1.126640 -0.224875
v -0.517483 1.130829 -0.257696
v -0.503635 1.153588 -0.285067
v -0.491260 1.365766 -0.326607
v -0.380300 1.330097 -0.162772
v -0.430423 1.180617 -0.037993
v -0.591507 1.066806 -0.077049
v -0.702467 1.102474 -0.240885
v -0.652344 1.251954 -0.365664
v -0.741652 1.205849 -0.278384
v -0.521066 1.314442 -0.255743
v -0.866812 1.415383 -0.595332
v -0.559163 1.566837 -0.563755
v -0.660434 1.228444 -0.285260
v -0.586926 1.264445 -0.277714
v -0.705733 1.661852 -0.732268
v -0.826491 1.602454 -0.744621
v -0.860037 1.377192 -0.552991
v -0.834568 1.324883 -0.484871
v -0.782351 1.253572 -0.366168
v -0.519917 1.382766 -0.339231
v -0.525369 1.477100 -0.453134
v -0.540127 1.534681 -0.520155
v -0.683821 1.276850 -0.379022
v -0.717733 1.349878 -0.502610
v -0.741432 1.405531 -0.568502
v -0.595379 1.320220 -0.369895
v -0.611924 1.401836 -0.491626
v -0.630513 1.460037 -0.556954
v -0.621165 1.242306 -0.286113
v -0.774887 1.654605 -0.760644
v -0.636365 1.293198 -0.380353
v -0.660846 1.369270 -0.504296
v -0.681774 1.425841 -0.570294
v -0.780802 1.494832 -0.665546
v -0.861261 1.476143 -0.654073
v -0.602229 1.604616 -0.628443
v -0.661920 1.553822 -0.653478
v -0.717165 1.517374 -0.667086
v -0.696469 1.464138 -0.609901
v -0.754113 1.443549 -0.609029
v -0.646050 1.496675 -0.597759
v -0.748605 1.217540 -0.266722
v -0.528018 1.326133 -0.244080
v -0.873765 1.427074 -0.583670
v -0.566115 1.578528 -0.552092
v -0.675255 1.252953 -0.258552
v -0.601745 1.288951 -0.251010
v -0.712686 1.673543 -0.720606
v -0.833444 1.614146 -0.732959
v -0.866990 1.388883 -0.541329
v -0.841521 1.336574 -0.473209
v -0.789303 1.265263 -0.354505
v -0.526869 1.394458 -0.327568
v -0.532322 1.488791 -0.441472
v -0.547080 1.546372 -0.508493
v -0.698740 1.301520 -0.352138
v -0.732713 1.374650 -0.475615
v -0.756369 1.430232 -0.541585
v -0.610295 1.344887 -0.343016
v -0.626903 1.426605 -0.464636
v -0.645448 1.484734 -0.530041
v -0.635976 1.266799 -0.259423
v -0.781839 1.666296 -0.748981
v -0.651246 1.317807 -0.353536
v -0.675757 1.393929 -0.477425
v -0.696651 1.450442 -0.543485
v -0.795704 1.519475 -0.638692
v -0.868214 1.487834 -0.642410
v -0.609182 1.616308 -0.616780
v -0.676820 1.578461 -0.626629
v -0.732024 1.541946 -0.640310
v -0.711277 1.488624 -0.583218
v -0.769026 1.468210 -0.582156
v -0.660961 1.521333 -0.570889
v -0.616824 1.267342 -0.282040
v -0.447370 1.304773 -0.106405
v -0.484072 1.544848 -0.537760
v -0.247737 1.597053 -0.292803
v -0.547264 1.266687 -0.233924
v -0.490821 1.278984 -0.175447
v -0.240619 1.751739 -0.479696
v -0.333404 1.731291 -0.575800
v -0.510823 1.500915 -0.512235
v -0.541455 1.434773 -0.460157
v -0.586097 1.336125 -0.359270
v -0.384496 1.380658 -0.150314
v -0.303929 1.487241 -0.213966
v -0.265069 1.555201 -0.257516
v -0.499442 1.332022 -0.305519
v -0.437490 1.427771 -0.399066
v -0.406443 1.496283 -0.447470
v -0.431555 1.346862 -0.235109
v -0.356303 1.445585 -0.314762
v -0.321352 1.514989 -0.359057
v -0.514781 1.268822 -0.207939
v -0.276644 1.768335 -0.543467
v -0.460052 1.334260 -0.274460
v -0.390244 1.430272 -0.361962
v -0.356886 1.498883 -0.408585
v -0.363120 1.605417 -0.519269
v -0.434453 1.608938 -0.562325
v -0.234731 1.653929 -0.356541
v -0.271647 1.626050 -0.424585
v -0.310369 1.608973 -0.477258
v -0.337898 1.544792 -0.436572
v -0.385375 1.541480 -0.475074
v -0.302484 1.559724 -0.388916
v -0.627864 1.278825 -0.273837
v -0.458410 1.316256 -0.098201
v -0.495112 1.556332 -0.529557
v -0.258777 1.608537 -0.284600
v -0.572017 1.290524 -0.215141
v -0.515570 1.302817 -0.156667
v -0.251658 1.763223 -0.471493
v -0.344443 1.742774 -0.567597
v -0.521862 1.512399 -0.504031
v -0.552494 1.446256 -0.451954
v -0.597136 1.347609 -0.351066
v -0.395535 1.392141 -0.142111
v -0.314969 1.498724 -0.205763
v -0.276108 1.566684 -0.249312
v -0.524357 1.356015 -0.286612
v -0.462508 1.451864 -0.380081
v -0.431390 1.520306 -0.428539
v -0.456466 1.370852 -0.216205
v -0.381318 1.469674 -0.295780
v -0.346295 1.539009 -0.340130
v -0.539516 1.292643 -0.189169
v -0.287683 1.779819 -0.535263
v -0.484906 1.358194 -0.255600
v -0.415148 1.454254 -0.343064
v -0.381731 1.522810 -0.389730
v -0.388008 1.629384 -0.500383
v -0.445493 1.620422 -0.554122
v -0.245771 1.665413 -0.348338
v -0.296530 1.650013 -0.405702
v -0.335185 1.632871 -0.458427
v -0.362628 1.568606 -0.417806
v -0.410281 1.565465 -0.456175
v -0.327386 1.583705 -0.370019
v -0.463483 1.367256 -0.208124
v -0.465001 1.245075 0.006430
v -0.154890 1.607852 -0.125004
v -0.157006 1.437449 0.174231
v -0.449199 1.313426 -0.144464
v -0.449708 1.272606 -0.073120
v -0.000157 1.622130 0.160125
v 0.000633 1.689042 0.042714
v -0.197157 1.578173 -0.150101
v -0.263735 1.523551 -0.174779
v -0.378720 1.433067 -0.196999
v -0.380525 1.287708 0.058257
v -0.265862 1.352289 0.125964
v -0.199358 1.400979 0.161060
v -0.356969 1.365718 -0.123474
v -0.235503 1.442375 -0.089906
v -0.170932 1.497282 -0.061332
v -0.357629 1.316632 -0.037587
v -0.236356 1.383688 0.012909
v -0.171858 1.435780 0.046481
v -0.444701 1.288900 -0.111100
v 0.021990 1.676818 0.113664
v -0.351242 1.335869 -0.083506
v -0.228552 1.406485 -0.042171
v -0.163619 1.459630 -0.011296
v -0.076089 1.585958 -0.015684
v -0.094818 1.641075 -0.075400
v -0.095629 1.498196 0.177276
v -0.076764 1.520381 0.100323
v -0.068643 1.546265 0.038439
v -0.124758 1.495731 0.009632
v -0.130985 1.531622 -0.039567
v -0.131908 1.471715 0.065491
v -0.475494 1.378845 -0.201609
v -0.477012 1.256665 0.012945
v -0.166901 1.619442 -0.118489
v -0.169017 1.449039 0.180746
v -0.476650 1.337787 -0.130800
v -0.477155 1.296963 -0.059458
v -0.012168 1.633719 0.166640
v -0.011378 1.700632 0.049229
v -0.209168 1.589763 -0.143586
v -0.275746 1.535141 -0.168264
v -0.390731 1.444657 -0.190484
v -0.392536 1.299298 0.064772
v -0.277873 1.363879 0.132479
v -0.211369 1.412569 0.167575
v -0.384600 1.390239 -0.109720
v -0.263249 1.466997 -0.076096
v -0.198598 1.521834 -0.047562
v -0.385256 1.341149 -0.023835
v -0.264097 1.408307 0.026717
v -0.199520 1.460328 0.060250
v -0.472134 1.313244 -0.097446
v 0.009979 1.688408 0.120179
v -0.378805 1.360329 -0.069786
v -0.256171 1.430994 -0.028424
v -0.191173 1.484082 0.002419
v -0.103690 1.610451 -0.001945
v -0.106829 1.652665 -0.068884
v -0.107640 1.509786 0.183791
v -0.104361 1.544870 0.114059
v -0.096164 1.570688 0.052137
v -0.152183 1.520069 0.023282
v -0.158606 1.556134 -0.025819
v -0.159525 1.496223 0.079238
v -0.376237 1.323616 0.003704
v -0.548401 1.157218 -0.056588
v -0.306340 1.189421 0.374017
v -0.546454 0.957348 0.289928
v -0.418094 1.254800 -0.022114
v -0.475328 1.199373 -0.042329
v -0.468546 0.948734 0.519632
v -0.374358 1.039847 0.552650
v -0.304568 1.216169 0.323236
v -0.313692 1.247010 0.239625
v -0.347085 1.292318 0.102751
v -0.551910 1.094353 0.031021
v -0.555016 1.013768 0.155113
v -0.554252 0.974847 0.235797
v -0.392234 1.206466 0.071033
v -0.363878 1.143937 0.201582
v -0.359132 1.112760 0.285285
v -0.461165 1.139802 0.046723
v -0.446433 1.064216 0.172513
v -0.445721 1.029206 0.254820
v -0.441913 1.222740 -0.033935
v -0.422312 0.983922 0.567215
v -0.420550 1.167579 0.056637
v -0.397618 1.097291 0.184236
v -0.394481 1.063830 0.267088
v -0.355978 1.069309 0.415839
v -0.319901 1.140002 0.441446
v -0.522233 0.943870 0.371771
v -0.449031 0.979488 0.383723
v -0.394546 1.017244 0.396816
v -0.395055 1.044824 0.320845
v -0.359696 1.091672 0.338235
v -0.444084 1.010279 0.308558
v -0.389046 1.334882 0.009187
v -0.561209 1.168484 -0.051105
v -0.319149 1.200687 0.379500
v -0.559263 0.968614 0.295412
v -0.446143 1.280049 -0.011652
v -0.503373 1.224618 -0.031868
v -0.481354 0.960000 0.525115
v -0.387166 1.051113 0.558133
v -0.317377 1.227435 0.328720
v -0.326501 1.258275 0.245108
v -0.359894 1.303584 0.108234
v -0.564718 1.105619 0.036505
v -0.567824 1.025033 0.160597
v -0.567060 0.986113 0.241281
v -0.420468 1.231880 0.081564
v -0.392228 1.169456 0.212157
v -0.387401 1.138206 0.295830
v -0.489394 1.165213 0.057252
v -0.474779 1.089732 0.183086
v -0.473985 1.054648 0.265362
v -0.469943 1.247971 -0.023480
v -0.435121 0.995187 0.572699
v -0.448713 1.192931 0.067141
v -0.425838 1.122694 0.194762
v -0.422635 1.089174 0.277590
v -0.384180 1.094696 0.426359
v -0.332710 1.151267 0.446930
v -0.535041 0.955136 0.377255
v -0.477228 1.004870 0.394241
v -0.422667 1.042557 0.407305
v -0.423077 1.070049 0.331298
v -0.387918 1.117077 0.348763
v -0.472303 1.035681 0.319084
v -0.464323 1.218911 -0.021879
v -0.652553 1.198104 -0.180309
v -0.571804 0.919806 0.221039
v -0.834327 0.890787 0.000079
v -0.516082 1.197038 -0.085099
v -0.578638 1.190112 -0.137970
v -0.845095 0.746393 0.194867
v -0.742101 0.757823 0.281612
v -0.544228 0.961935 0.193437
v -0.513923 1.026784 0.139572
v -0.482308 1.137566 0.046672
v -0.706247 1.112812 -0.141814
v -0.777768 0.997619 -0.082501
v -0.817213 0.931759 -0.036329
v -0.540829 1.106769 -0.031058
v -0.580662 0.987923 0.046698
v -0.614961 0.924813 0.100004
v -0.616150 1.098482 -0.094655
v -0.670845 0.978069 -0.029366
v -0.709538 0.914515 0.020277
v -0.544060 1.188765 -0.114827
v -0.808224 0.730823 0.258412
v -0.574240 1.096494 -0.067104
v -0.620516 0.975527 0.003419
v -0.656728 0.911790 0.054608
v -0.670421 0.832325 0.185517
v -0.623031 0.858421 0.248982
v -0.844833 0.833005 0.063463
v -0.772275 0.820959 0.100342
v -0.715816 0.818762 0.137397
v -0.681591 0.873724 0.089019
v -0.640260 0.885502 0.132613
v -0.732425 0.875489 0.054945
v -0.473549 1.231088 -0.012518
v -0.661779 1.210281 -0.170947
v -0.581030 0.931983 0.230401
v -0.843553 0.902964 0.009441
v -0.535573 1.224831 -0.065572
v -0.598127 1.217901 -0.118445
v -0.854321 0.758570 0.204229
v -0.751327 0.770000 0.290974
v -0.553454 0.974112 0.202798
v -0.523148 1.038961 0.148934
v -0.491533 1.149743 0.056033
v -0.715473 1.124989 -0.132452
v -0.786993 1.009796 -0.073139
v -0.826438 0.943936 -0.026967
v -0.560449 1.134745 -0.011402
v -0.600364 1.016014 0.066436
v -0.634605 0.952823 0.119684
v -0.635767 1.126453 -0.075002
v -0.690543 1.006156 -0.009631
v -0.729179 0.942521 0.039954
v -0.563539 1.216540 -0.095312
v -0.817450 0.743001 0.267774
v -0.593811 1.124400 -0.047497
v -0.640126 1.003489 0.023065
v -0.676293 0.939688 0.074209
v -0.690019 0.860270 0.205151
v -0.632256 0.870598 0.258344
v -0.854059 0.845182 0.072824
v -0.791870 0.848899 0.119973
v -0.735357 0.846626 0.156974
v -0.701065 0.901491 0.108529
v -0.659872 0.913467 0.152262
v -0.752034 0.903450 0.074591
v -0.563794 1.091143 -0.097474
v -0.621197 1.222421 -0.298557
v -0.929262 0.943178 -0.029913
v -1.009322 1.126270 -0.310362
v -0.580078 1.117386 -0.176216
v -0.599058 1.161023 -0.243240
v -1.196323 1.020007 -0.197904
v -1.164914 0.948202 -0.087810
v -0.873000 0.954658 -0.030054
v -0.788736 0.981812 -0.043742
v -0.657204 1.042682 -0.073689
v -0.725498 1.198864 -0.312919
v -0.869199 1.165826 -0.325603
v -0.956251 1.145047 -0.321679
v -0.676340 1.068574 -0.170531
v -0.810827 1.009035 -0.159331
v -0.896313 0.985987 -0.146613
v -0.699191 1.121146 -0.251157
v -0.838185 1.072023 -0.255767
v -0.925001 1.052065 -0.247696
v -0.588829 1.133730 -0.213516
v -1.212437 0.978366 -0.137520
v -0.686772 1.087854 -0.215705
v -0.823222 1.031956 -0.213517
v -0.909304 1.009989 -0.203446
v -1.028406 0.955410 -0.122977
v -1.012453 0.935211 -0.043654
v -1.081195 1.089197 -0.279922
v -1.059795 1.026334 -0.231341
v -1.042744 0.981822 -0.183450
v -0.964597 0.998916 -0.194991
v -0.951784 0.974487 -0.140342
v -0.979741 1.038893 -0.238816
v -0.566705 1.105555 -0.087234
v -0.624109 1.236833 -0.288317
v -0.932174 0.957589 -0.019673
v -1.012234 1.140682 -0.300122
v -0.584854 1.149288 -0.154010
v -0.603833 1.192920 -0.221036
v -1.199234 1.034419 -0.187664
v -1.167825 0.962614 -0.077570
v -0.875912 0.969069 -0.019814
v -0.791647 0.996224 -0.033502
v -0.660116 1.057094 -0.063449
v -0.728409 1.213276 -0.302679
v -0.872111 1.180238 -0.315363
v -0.959163 1.159458 -0.311439
v -0.681148 1.100686 -0.148179
v -0.815655 1.041281 -0.136886
v -0.901127 1.018139 -0.124233
v -0.703998 1.153253 -0.228808
v -0.843012 1.104263 -0.233325
v -0.929815 1.084212 -0.225319
v -0.593602 1.165611 -0.191324
v -1.215349 0.992778 -0.127280
v -0.691568 1.119886 -0.193408
v -0.828028 1.064053 -0.191175
v -0.914098 1.042011 -0.181155
v -1.033209 0.987487 -0.100649
v -1.015365 0.949623 -0.033414
v -1.084107 1.103609 -0.269682
v -1.064597 1.058405 -0.209017
v -1.047533 1.013806 -0.161187
v -0.969368 1.030789 -0.172805
v -0.956591 1.006586 -0.117998
v -0.984546 1.070988 -0.216475
v -0.685751 1.120723 -0.177308
v -0.585859 1.272883 -0.344140
v -1.064531 1.154096 -0.301555
v -0.925214 1.366310 -0.534233
v -0.651428 1.155138 -0.246531
v -0.618058 1.205678 -0.302107
v -1.167524 1.352663 -0.536945
v -1.222203 1.269427 -0.445594
v -1.015414 1.138458 -0.276253
v -0.931656 1.124500 -0.247705
v -0.789741 1.119508 -0.206020
v -0.670899 1.300534 -0.404501
v -0.791637 1.337783 -0.481555
v -0.870545 1.359130 -0.518204
v -0.749284 1.155762 -0.292414
v -0.884194 1.164162 -0.351455
v -0.966879 1.182369 -0.380306
v -0.709126 1.216638 -0.359256
v -0.836140 1.237082 -0.431388
v -0.916498 1.258857 -0.464083
v -0.634484 1.175389 -0.278745
v -1.224829 1.320314 -0.500758
v -0.728828 1.179755 -0.331492
v -0.859643 1.192704 -0.398335
v -0.941136 1.212266 -0.429482
v -1.094580 1.214786 -0.420103
v -1.127108 1.185858 -0.348972
v -1.010865 1.365003 -0.545579
v -1.041040 1.297151 -0.510146
v -1.067260 1.247610 -0.472414
v -0.993246 1.227434 -0.446971
v -1.018267 1.197341 -0.399898
v -0.969179 1.271889 -0.481507
v -0.687328 1.134370 -0.165806
v -0.587436 1.286529 -0.332637
v -1.066108 1.167743 -0.290052
v -0.926791 1.379958 -0.522730
v -0.653378 1.184603 -0.220806
v -0.620007 1.235138 -0.276386
v -1.169100 1.366310 -0.525443
v -1.223780 1.283074 -0.434091
v -1.016991 1.152105 -0.264750
v -0.933233 1.138147 -0.236202
v -0.791318 1.133155 -0.194517
v -0.672476 1.314181 -0.392998
v -0.793214 1.351430 -0.470052
v -0.872121 1.372777 -0.506701
v -0.751246 1.185420 -0.266520
v -0.886164 1.193943 -0.325454
v -0.968844 1.212064 -0.354381
v -0.711088 1.246291 -0.333366
v -0.838110 1.266858 -0.405391
v -0.918463 1.288547 -0.438161
v -0.636432 1.204833 -0.253038
v -1.226405 1.333961 -0.489255
v -0.730786 1.209339 -0.305663
v -0.861604 1.222348 -0.372453
v -0.943093 1.241841 -0.403661
v -1.096540 1.244412 -0.394238
v -1.128685 1.199505 -0.337469
v -1.012442 1.378650 -0.534076
v -1.043000 1.326771 -0.484286
v -1.069214 1.277149 -0.446624
v -0.995194 1.256871 -0.421270
v -1.020228 1.226988 -0.374014
v -0.971141 1.301531 -0.455627
v -0.162427 0.059866 -0.313987
v 0.562516 1.156873 0.020693
v -0.138757 0.056294 -0.339213
v 0.577330 1.148527 -0.003745
v -0.107694 0.042385 -0.332068
v 0.594443 1.124172 -0.003187
v -0.100302 0.032047 -0.299698
v 0.596741 1.108164 0.021808
v -0.123972 0.035619 -0.274471
v 0.581927 1.116510 0.046245
v -0.155034 0.049528 -0.281616
v 0.564814 1.140865 0.045687
v -0.071020 0.562509 -0.229111
v 0.172142 0.942006 -0.117916
v 0.195524 0.937688 -0.143882
v -0.050248 0.559375 -0.251249
v 0.226087 0.921405 -0.137524
v -0.022989 0.547168 -0.244979
v 0.233267 0.909440 -0.105199
v -0.016502 0.538096 -0.216572
v 0.209885 0.913758 -0.079232
v -0.037273 0.541231 -0.194434
v 0.179323 0.930041 -0.085591
v -0.064533 0.553437 -0.200704
v 0.453575 1.397779 0.030592
v 0.570909 1.302532 -0.215942
v 0.679581 1.034953 -0.230431
v 0.670919 0.862620 0.001614
v 0.553584 0.957867 0.248147
v 0.444913 1.225446 0.262636
v 0.516206 1.392861 0.046289
v 0.622462 1.306607 -0.176969
v 0.720874 1.064291 -0.190090
v 0.713030 0.908229 0.020046
v 0.606773 0.994483 0.243304
v 0.508361 1.236799 0.256425
v 0.652706 1.165342 0.045579
v 0.017554 0.766875 -0.181147
v 0.038256 0.763406 -0.203668
v 0.065369 0.750129 -0.197725
v 0.071781 0.740321 -0.169262
v 0.051080 0.743790 -0.146741
v 0.023966 0.757067 -0.152684
v 0.369523 1.083384 -0.038466
v 0.388530 1.072676 -0.069819
v 0.410485 1.041430 -0.069103
v 0.413434 1.020891 -0.037035
v 0.394428 1.031599 -0.005682
v 0.372472 1.062846 -0.006398
v 0.398531 1.277727 0.000316
v 0.482348 1.212394 -0.170368
v 0.562748 1.028300 -0.178845
v 0.559332 0.909540 -0.016638
v 0.475515 0.974874 0.154045
v 0.395115 1.158967 0.162522
v 0.491900 1.078344 0.205557
v 0.455294 1.204862 -0.003289
v 0.337361 1.350254 0.454972
v 0.286307 1.526707 0.163697
v 0.459922 1.112737 0.135210
v 0.447664 1.154721 0.065614
v 0.231694 1.644886 0.368536
v 0.251785 1.575661 0.482849
v 0.358863 1.302901 0.430629
v 0.390376 1.237361 0.378315
v 0.448323 1.143049 0.280082
v 0.404772 1.293569 0.031616
v 0.339064 1.414703 0.085573
v 0.305774 1.486387 0.127746
v 0.404361 1.182130 0.196684
v 0.335288 1.281936 0.280497
v 0.306013 1.350258 0.330255
v 0.389673 1.232682 0.112928
v 0.317793 1.342465 0.180268
v 0.287714 1.413736 0.225170
v 0.447500 1.131454 0.100133
v 0.233364 1.636699 0.443169
v 0.388966 1.204451 0.154423
v 0.316692 1.308524 0.229877
v 0.286482 1.378121 0.277179
v 0.267029 1.457241 0.407568
v 0.303866 1.425353 0.475250
v 0.260359 1.575099 0.230417
v 0.247332 1.525906 0.295071
v 0.246791 1.487690 0.350792
v 0.270592 1.423727 0.307495
v 0.288424 1.396133 0.359148
v 0.270621 1.457993 0.256760
v 0.508410 1.085192 0.206811
v 0.471804 1.211710 -0.002035
v 0.353871 1.357102 0.456227
v 0.302817 1.533555 0.164952
v 0.496568 1.126419 0.137090
v 0.484306 1.168401 0.067493
v 0.248204 1.651734 0.369790
v 0.268295 1.582509 0.484103
v 0.375373 1.309749 0.431884
v 0.406885 1.244209 0.379570
v 0.464832 1.149897 0.281336
v 0.421281 1.300417 0.032870
v 0.355574 1.421551 0.086828
v 0.322284 1.493234 0.129001
v 0.441249 1.195901 0.198576
v 0.372328 1.295765 0.282397
v 0.342946 1.364047 0.332149
v 0.426554 1.246451 0.114819
v 0.354828 1.356291 0.182167
v 0.324642 1.427523 0.227064
v 0.484122 1.145126 0.102012
v 0.249874 1.643547 0.444423
v 0.425762 1.218188 0.156311
v 0.353562 1.322288 0.231769
v 0.323267 1.391854 0.279066
v 0.303876 1.470997 0.409457
v 0.320375 1.432201 0.476504
v 0.276869 1.581947 0.231672
v 0.284173 1.539660 0.296961
v 0.283531 1.501407 0.352677
v 0.307205 1.437396 0.309373
v 0.325297 1.409899 0.361040
v 0.307489 1.471757 0.258651
v 0.457087 1.154651 0.094462
v 0.550092 1.163279 -0.134097
v 0.270979 1.508621 0.084731
v 0.400692 1.520654 -0.234038
v 0.469681 1.149791 0.010964
v 0.500584 1.152510 -0.065155
v 0.286283 1.721495 -0.160004
v 0.235429 1.716797 -0.034884
v 0.289968 1.456052 0.097886
v 0.326313 1.374339 0.103115
v 0.399984 1.246022 0.099976
v 0.510633 1.256287 -0.171943
v 0.456679 1.386432 -0.217259
v 0.424851 1.468565 -0.233586
v 0.409335 1.238602 -0.001378
v 0.333967 1.364428 -0.017023
v 0.301347 1.447404 -0.024207
v 0.446586 1.241898 -0.092964
v 0.378623 1.368404 -0.126594
v 0.348207 1.451589 -0.139071
v 0.479341 1.148841 -0.029542
v 0.251583 1.750470 -0.100035
v 0.420553 1.237245 -0.050301
v 0.347237 1.362667 -0.075639
v 0.315229 1.445545 -0.085677
v 0.256434 1.577242 -0.032400
v 0.249803 1.583148 0.050520
v 0.358646 1.594494 -0.218337
v 0.306667 1.582341 -0.155725
v 0.271991 1.575836 -0.098098
v 0.297923 1.499637 -0.090767
v 0.283295 1.500994 -0.031339
v 0.328977 1.505082 -0.143247
v 0.472238 1.161731 0.100895
v 0.565243 1.170358 -0.127664
v 0.286129 1.515700 0.091163
v 0.415842 1.527733 -0.227605
v 0.503385 1.163738 0.025219
v 0.534283 1.166455 -0.050902
v 0.301433 1.728575 -0.153572
v 0.250579 1.723876 -0.028452
v 0.305119 1.463131 0.104319
v 0.341464 1.381418 0.109547
v 0.415135 1.253101 0.106408
v 0.525784 1.263366 -0.165511
v 0.471830 1.393512 -0.210827
v 0.440002 1.475643 -0.227154
v 0.443261 1.252641 0.012971
v 0.368033 1.378525 -0.002615
v 0.335315 1.461460 -0.009840
v 0.480506 1.255935 -0.078618
v 0.412683 1.382499 -0.112188
v 0.382169 1.465643 -0.124707
v 0.513022 1.162779 -0.015296
v 0.266734 1.757549 -0.093603
v 0.454395 1.251249 -0.035988
v 0.381147 1.376700 -0.061297
v 0.349060 1.459545 -0.071369
v 0.290323 1.591265 -0.018067
v 0.264954 1.590227 0.056953
v 0.373797 1.601573 -0.211905
v 0.340549 1.596362 -0.141394
v 0.305781 1.589819 -0.083806
v 0.331596 1.513572 -0.076525
v 0.317207 1.515028 -0.016996
v 0.362885 1.519114 -0.128905
v 0.489167 1.249278 -0.075763
v 0.635206 1.072203 -0.166759
v 0.509915 1.495855 -0.390079
v 0.713595 1.248891 -0.516991
v 0.520950 1.182047 -0.116061
v 0.569453 1.122982 -0.146316
v 0.695473 1.449439 -0.652489
v 0.615588 1.546384 -0.602656
v 0.496355 1.469082 -0.341125
v 0.485246 1.415221 -0.270408
v 0.484749 1.320068 -0.157058
v 0.658494 1.109400 -0.265318
v 0.689951 1.167013 -0.397960
v 0.708151 1.212276 -0.473094
v 0.517683 1.238214 -0.208344
v 0.520906 1.317898 -0.332429
v 0.536263 1.370653 -0.403011
v 0.576110 1.167155 -0.244723
v 0.590897 1.232896 -0.375921
v 0.609682 1.281549 -0.448589
v 0.539988 1.149905 -0.134484
v 0.663808 1.517536 -0.652476
v 0.540204 1.199311 -0.230719
v 0.547682 1.271223 -0.359253
v 0.564309 1.321700 -0.431152
v 0.564496 1.454714 -0.508267
v 0.538313 1.521447 -0.465654
v 0.710220 1.314001 -0.573700
v 0.643551 1.359452 -0.557598
v 0.595346 1.402684 -0.538288
v 0.577709 1.355292 -0.475237
v 0.549383 1.402482 -0.448436
v 0.620941 1.315674 -0.492832
v 0.503302 1.256806 -0.067726
v 0.649341 1.079731 -0.158723
v 0.524050 1.503383 -0.382043
v 0.727730 1.256418 -0.508955
v 0.551535 1.197579 -0.097167
v 0.600033 1.138512 -0.127424
v 0.709607 1.456967 -0.644452
v 0.629722 1.553912 -0.594620
v 0.510489 1.476610 -0.333088
v 0.499380 1.422749 -0.262372
v 0.498884 1.327596 -0.149022
v 0.672628 1.116928 -0.257282
v 0.704086 1.174540 -0.389923
v 0.722286 1.219803 -0.465058
v 0.548469 1.253848 -0.189325
v 0.551820 1.333597 -0.313331
v 0.567087 1.386306 -0.383968
v 0.606891 1.182787 -0.225707
v 0.621805 1.248592 -0.356826
v 0.640502 1.297200 -0.429549
v 0.570552 1.165426 -0.115602
v 0.677943 1.525064 -0.644440
v 0.570913 1.214907 -0.211748
v 0.578454 1.286850 -0.340242
v 0.595008 1.337291 -0.412186
v 0.595248 1.470331 -0.489269
v 0.552448 1.528975 -0.457618
v 0.724355 1.321528 -0.565664
v 0.674297 1.375066 -0.538604
v 0.626010 1.418256 -0.519344
v 0.608265 1.370809 -0.456360
v 0.580157 1.418110 -0.429425
v 0.651711 1.331301 -0.473822
v 0.621289 1.159549 -0.245703
v 0.587673 0.995396 -0.064354
v 0.867823 0.936534 -0.468213
v 0.820939 0.707592 -0.215288
v 0.594638 1.095884 -0.196809
v 0.583281 1.041257 -0.136447
v 0.983206 0.644775 -0.384496
v 1.001651 0.734646 -0.483723
v 0.832000 0.976575 -0.447951
v 0.773785 1.028344 -0.403721
v 0.684401 1.105676 -0.314655
v 0.644407 0.910382 -0.098903
v 0.726665 0.798248 -0.149522
v 0.783247 0.738509 -0.184946
v 0.648683 1.027067 -0.260250
v 0.729292 0.934501 -0.342046
v 0.789269 0.881794 -0.382364
v 0.635065 0.961353 -0.187568
v 0.713059 0.855898 -0.255018
v 0.772283 0.799403 -0.291094
v 0.584163 1.065580 -0.170221
v 1.016145 0.670933 -0.446710
v 0.635694 0.990406 -0.228494
v 0.713553 0.890576 -0.304125
v 0.772740 0.835725 -0.342625
v 0.886180 0.803926 -0.441415
v 0.915603 0.868650 -0.485001
v 0.876928 0.674851 -0.272384
v 0.868451 0.715178 -0.343600
v 0.869273 0.754679 -0.398414
v 0.813059 0.802350 -0.365249
v 0.828238 0.846674 -0.404650
v 0.811707 0.766408 -0.315706
v 0.634764 1.166953 -0.236503
v 0.601148 1.002800 -0.055154
v 0.881298 0.943938 -0.459012
v 0.834414 0.714996 -0.206088
v 0.623003 1.113087 -0.175996
v 0.611642 1.058458 -0.115638
v 0.996681 0.652179 -0.375295
v 1.015125 0.742051 -0.474523
v 0.845474 0.983980 -0.438750
v 0.787259 1.035748 -0.394520
v 0.697875 1.113081 -0.305455
v 0.657882 0.917787 -0.089703
v 0.740139 0.805653 -0.140322
v 0.796722 0.745914 -0.175746
v 0.677235 1.044383 -0.239300
v 0.757963 0.951888 -0.321010
v 0.817856 0.899132 -0.361388
v 0.663612 0.978666 -0.166622
v 0.741724 0.873283 -0.233985
v 0.800866 0.816738 -0.270122
v 0.612510 1.082771 -0.149423
v 1.029620 0.678337 -0.437510
v 0.664175 1.007679 -0.207597
v 0.742091 0.907884 -0.283185
v 0.801212 0.852993 -0.321734
v 0.914701 0.821223 -0.420489
v 0.929078 0.876054 -0.475801
v 0.890402 0.682255 -0.263184
v 0.896966 0.732472 -0.322677
v 0.897711 0.771926 -0.377548
v 0.841398 0.819537 -0.344456
v 0.856779 0.863983 -0.383709
v 0.840245 0.783715 -0.294768
v 0.602448 1.055491 -0.155184
v 0.537085 1.055220 0.082915
v 0.760470 0.688071 -0.162750
v 0.669310 0.687694 0.169324
v 0.562555 1.045661 -0.081250
v 0.540642 1.045623 -0.002027
v 0.795211 0.493889 0.095186
v 0.831038 0.494063 -0.035119
v 0.738796 0.739629 -0.175757
v 0.700647 0.820577 -0.179921
v 0.642958 0.956383 -0.168463
v 0.565196 0.956061 0.114806
v 0.609028 0.820198 0.153825
v 0.644003 0.739237 0.169551
v 0.590592 0.941284 -0.082179
v 0.636128 0.801008 -0.079700
v 0.675976 0.721330 -0.071691
v 0.564277 0.941270 0.013184
v 0.604712 0.801033 0.034443
v 0.643078 0.721377 0.047996
v 0.545918 1.042457 -0.043200
v 0.829694 0.466067 0.034551
v 0.570131 0.937238 -0.036504
v 0.611435 0.796129 -0.025097
v 0.650055 0.716197 -0.014450
v 0.742832 0.601759 -0.058447
v 0.786047 0.614936 -0.128543
v 0.709745 0.613433 0.151520
v 0.707904 0.601354 0.070153
v 0.715889 0.596395 0.003241
v 0.677732 0.666930 -0.006822
v 0.701896 0.671335 -0.062895
v 0.669866 0.671394 0.053728
v 0.618068 1.063145 -0.150887
v 0.552706 1.062875 0.087212
v 0.776090 0.695725 -0.158453
v 0.684930 0.695348 0.173621
v 0.595991 1.063865 -0.072064
v 0.574073 1.063825 0.007158
v 0.810831 0.501543 0.099483
v 0.846658 0.501717 -0.030822
v 0.754416 0.747284 -0.171461
v 0.716267 0.828232 -0.175625
v 0.658578 0.964037 -0.164166
v 0.580816 0.963715 0.119103
v 0.624648 0.827852 0.158122
v 0.659623 0.746891 0.173848
v 0.624247 0.959608 -0.072932
v 0.669923 0.819408 -0.070415
v 0.709673 0.739676 -0.062433
v 0.597927 0.959591 0.022429
v 0.638502 0.819430 0.043727
v 0.676770 0.739721 0.057252
v 0.579330 1.060649 -0.034020
v 0.845314 0.473721 0.038847
v 0.603702 0.955516 -0.027281
v 0.645074 0.814443 -0.015855
v 0.683616 0.734469 -0.005229
v 0.776450 0.620062 -0.049211
v 0.801667 0.622590 -0.124247
v 0.725365 0.621087 0.155817
v 0.741516 0.619654 0.079388
v 0.749410 0.614645 0.012451
v 0.711136 0.685117 0.002355
v 0.735539 0.689651 -0.053652
v 0.703503 0.689708 0.062970
v 0.538157 0.942190 -0.032859
v 0.430599 1.116104 0.105520
v 0.698881 0.733089 0.267923
v 0.548871 0.975645 0.460919
v 0.485595 0.987244 0.015738
v 0.449645 1.045118 0.061723
v 0.688240 0.817547 0.581290
v 0.747159 0.722393 0.505544
v 0.679377 0.751642 0.217203
v 0.641750 0.792709 0.147039
v 0.581475 0.876793 0.041212
v 0.453512 1.083700 0.205843
v 0.490984 1.036487 0.341007
v 0.523389 1.003865 0.417890
v 0.514460 0.926264 0.100176
v 0.560299 0.848364 0.216740
v 0.598885 0.811304 0.288423
v 0.471246 0.995957 0.155510
v 0.508654 0.931820 0.282949
v 0.544774 0.898833 0.357834
v 0.462352 1.012159 0.039694
v 0.733472 0.758701 0.569839
v 0.486080 0.955974 0.129039
v 0.526143 0.883821 0.251255
v 0.563045 0.848458 0.324615
v 0.663506 0.757692 0.397474
v 0.718601 0.718166 0.348926
v 0.592669 0.922086 0.512686
v 0.605784 0.851521 0.472457
v 0.625855 0.797984 0.436449
v 0.589404 0.828064 0.370882
v 0.623312 0.791099 0.335792
v 0.570612 0.876401 0.403418
v 0.552652 0.952571 -0.034639
v 0.445094 1.126485 0.103740
v 0.713376 0.743470 0.266143
v 0.563366 0.986026 0.459139
v 0.516605 1.010580 0.010489
v 0.480649 1.068451 0.056475
v 0.702734 0.827928 0.579509
v 0.761654 0.732774 0.503764
v 0.693872 0.762023 0.215422
v 0.656245 0.803090 0.145259
v 0.595970 0.887174 0.039432
v 0.468007 1.094081 0.204063
v 0.505479 1.046868 0.339226
v 0.537884 1.014246 0.416109
v 0.545673 0.949754 0.094892
v 0.591641 0.871950 0.211435
v 0.630136 0.834823 0.283133
v 0.502454 1.019443 0.150228
v 0.539992 0.955404 0.277645
v 0.576021 0.922349 0.352545
v 0.493340 1.035479 0.034449
v 0.747966 0.769082 0.568059
v 0.517215 0.979405 0.123769
v 0.557342 0.907299 0.245974
v 0.594171 0.871882 0.319347
v 0.694685 0.781155 0.392196
v 0.733096 0.728547 0.347146
v 0.607164 0.932468 0.510906
v 0.636957 0.874981 0.467180
v 0.656944 0.821381 0.431187
v 0.620385 0.851378 0.365638
v 0.654513 0.814580 0.330510
v 0.601809 0.899878 0.398138
v 0.528895 0.976418 0.111587
v 0.392967 1.181725 0.093248
v 0.587728 0.992088 0.506959
v 0.398151 1.278427 0.481381
v 0.466377 1.033378 0.110408
v 0.421011 1.101642 0.104214
v 0.490562 1.233444 0.701255
v 0.565010 1.121104 0.711281
v 0.584418 0.976711 0.451733
v 0.570260 0.966696 0.363845
v 0.546411 0.969337 0.217808
v 0.384696 1.213593 0.195990
v 0.379728 1.254477 0.338138
v 0.387286 1.274462 0.425137
v 0.467251 1.033745 0.218485
v 0.474438 1.040214 0.365670
v 0.489234 1.054493 0.452721
v 0.412708 1.115938 0.211014
v 0.409238 1.138623 0.356709
v 0.420911 1.157695 0.443315
v 0.438217 1.064036 0.108983
v 0.534816 1.184710 0.737399
v 0.432952 1.070379 0.216845
v 0.433211 1.083934 0.363693
v 0.445978 1.100313 0.450656
v 0.517515 1.079275 0.585116
v 0.582660 1.027225 0.583853
v 0.423022 1.268812 0.563574
v 0.444380 1.190262 0.575555
v 0.471849 1.128976 0.582977
v 0.457058 1.112622 0.505219
v 0.498155 1.067310 0.507538
v 0.431608 1.167880 0.498365
v 0.543685 0.985896 0.108058
v 0.407757 1.191202 0.089719
v 0.602519 1.001565 0.503430
v 0.412942 1.287904 0.477852
v 0.498479 1.053784 0.101094
v 0.453108 1.122046 0.094901
v 0.505352 1.242921 0.697726
v 0.579800 1.130582 0.707752
v 0.599209 0.986189 0.448205
v 0.585051 0.976174 0.360316
v 0.561201 0.978815 0.214279
v 0.399486 1.223070 0.192461
v 0.394519 1.263954 0.334609
v 0.402076 1.283939 0.421608
v 0.499564 1.054286 0.209109
v 0.506885 1.060839 0.356255
v 0.521586 1.075059 0.443334
v 0.445015 1.136475 0.201640
v 0.441679 1.159245 0.347295
v 0.453259 1.178258 0.433928
v 0.470297 1.084429 0.099674
v 0.549607 1.194187 0.733870
v 0.465184 1.090869 0.207492
v 0.465509 1.104465 0.354321
v 0.478201 1.120796 0.441307
v 0.549792 1.099793 0.575750
v 0.597451 1.036703 0.580324
v 0.437812 1.278290 0.560045
v 0.476651 1.210776 0.566191
v 0.504033 1.149435 0.573638
v 0.489130 1.133009 0.495913
v 0.530455 1.087843 0.498165
v 0.463904 1.188410 0.488994
v -0.203144 0.098508 -0.240736
v 0.109535 0.655946 0.216644
v -0.185314 0.092224 -0.243811
v 0.122718 0.647974 0.211032
v -0.176055 0.082592 -0.230087
v 0.126816 0.633421 0.217378
v -0.184626 0.079242 -0.213289
v 0.117730 0.626841 0.229336
v -0.202456 0.085526 -0.210215
v 0.104547 0.634813 0.234948
v -0.211715 0.095158 -0.223938
v 0.100450 0.649366 0.228603
v -0.155857 0.372524 -0.094925
v -0.039952 0.563802 0.028972
v -0.022099 0.557080 0.025489
v -0.140210 0.367010 -0.097623
v -0.013098 0.546151 0.038739
v -0.132084 0.358557 -0.085580
v -0.021950 0.541944 0.055471
v -0.139606 0.355617 -0.070839
v -0.039802 0.548666 0.058954
v -0.155253 0.361131 -0.068141
v -0.048803 0.559596 0.045704
v -0.163379 0.369584 -0.080184
v 0.089881 0.795807 0.180775
v 0.207729 0.712359 0.113600
v 0.225404 0.557819 0.147792
v 0.125230 0.486726 0.249160
v 0.007381 0.570174 0.316335
v -0.010293 0.724714 0.282142
v 0.111034 0.788897 0.208645
v 0.217756 0.713328 0.147812
v 0.233762 0.573378 0.178777
v 0.143046 0.508997 0.270573
v 0.036324 0.584566 0.331406
v 0.020318 0.724516 0.300442
v 0.141211 0.654533 0.257531
v -0.107750 0.478307 -0.047575
v -0.092052 0.472587 -0.050459
v -0.084017 0.463544 -0.038591
v -0.091681 0.460222 -0.023838
v -0.107380 0.465943 -0.020955
v -0.115414 0.474986 -0.032823
v 0.036716 0.628769 0.127444
v 0.053630 0.618540 0.120244
v 0.058887 0.599869 0.128385
v 0.047230 0.591427 0.143728
v 0.030317 0.601655 0.150928
v 0.025060 0.620326 0.142786
v 0.061008 0.733753 0.151035
v 0.143781 0.676072 0.105380
v 0.157874 0.569371 0.131439
v 0.089194 0.520351 0.203153
v 0.006421 0.578032 0.248808
v -0.007672 0.684732 0.222749
v 0.009801 0.636568 0.275187
v 0.077352 0.689244 0.169572
v -0.102761 0.818335 0.328403
v -0.008549 0.891801 0.181102
v 0.023105 0.651680 0.233178
v 0.045569 0.669144 0.197966
v -0.083200 0.978188 0.250624
v -0.120148 0.949365 0.308451
v -0.091635 0.788857 0.325683
v -0.069479 0.746253 0.314354
v -0.024793 0.681778 0.292217
v 0.055572 0.744447 0.166566
v 0.025207 0.820089 0.166311
v 0.006331 0.865251 0.172511
v -0.011825 0.699332 0.240420
v -0.055938 0.766483 0.252443
v -0.075961 0.810151 0.263356
v 0.015239 0.720358 0.198064
v -0.023511 0.791655 0.201783
v -0.041943 0.836547 0.210256
v 0.031445 0.659736 0.213384
v -0.107586 0.980243 0.283969
v -0.001990 0.708955 0.216432
v -0.044242 0.777944 0.223660
v -0.063714 0.822162 0.233166
v -0.104185 0.877855 0.282473
v -0.114234 0.863412 0.324899
v -0.035119 0.925983 0.200864
v -0.067725 0.906503 0.225581
v -0.090723 0.890990 0.250387
v -0.074581 0.850725 0.240403
v -0.087064 0.838885 0.269398
v -0.053906 0.864608 0.217670
v 0.017329 0.638857 0.281144
v 0.084879 0.691533 0.175528
v -0.095234 0.820625 0.334359
v -0.001022 0.894091 0.187058
v 0.039916 0.655867 0.246027
v 0.062377 0.673331 0.210813
v -0.075673 0.980478 0.256580
v -0.112620 0.951654 0.314407
v -0.084108 0.791146 0.331639
v -0.061951 0.748542 0.320310
v -0.017266 0.684067 0.298174
v 0.063100 0.746736 0.172522
v 0.032735 0.822378 0.172267
v 0.013859 0.867540 0.178468
v 0.005095 0.703547 0.253354
v -0.038947 0.770716 0.265430
v -0.059020 0.814371 0.276306
v 0.032157 0.724572 0.210996
v -0.006523 0.795887 0.214768
v -0.025004 0.840767 0.223204
v 0.048244 0.663921 0.226224
v -0.100058 0.982533 0.289925
v 0.014889 0.713159 0.229333
v -0.027329 0.782157 0.236587
v -0.046841 0.826366 0.246064
v -0.087283 0.882066 0.295392
v -0.106707 0.865702 0.330856
v -0.027591 0.928273 0.206821
v -0.050826 0.910713 0.238499
v -0.073870 0.895189 0.263269
v -0.057787 0.854909 0.253240
v -0.070150 0.843099 0.282327
v -0.036994 0.868820 0.230597
v 0.040292 0.670803 0.213739
v 0.154946 0.646826 0.144660
v 0.008087 0.876514 0.141713
v 0.167994 0.843072 0.045369
v 0.072012 0.659681 0.181485
v 0.110146 0.651619 0.158458
v 0.120285 0.967618 0.036370
v 0.057548 0.980752 0.074206
v 0.005387 0.847780 0.154644
v 0.009024 0.801154 0.170365
v 0.025507 0.725432 0.195630
v 0.161913 0.696905 0.113447
v 0.169736 0.767544 0.073536
v 0.171667 0.813005 0.054461
v 0.061276 0.711654 0.154521
v 0.049813 0.784533 0.120509
v 0.048561 0.831327 0.105156
v 0.107192 0.701960 0.126837
v 0.104787 0.772946 0.087418
v 0.106213 0.819185 0.070482
v 0.089097 0.654720 0.167003
v 0.089708 0.991585 0.050562
v 0.081694 0.705589 0.136882
v 0.074185 0.777210 0.099320
v 0.074103 0.823644 0.082925
v 0.048245 0.904263 0.084515
v 0.019397 0.915356 0.118491
v 0.154177 0.887842 0.037027
v 0.110186 0.891559 0.047252
v 0.075925 0.896298 0.060986
v 0.075115 0.853755 0.074062
v 0.049848 0.861056 0.095158
v 0.106030 0.849229 0.061386
v 0.045596 0.673797 0.221503
v 0.160250 0.649819 0.152424
v 0.013391 0.879507 0.149477
v 0.173299 0.846066 0.053134
v 0.083602 0.665371 0.198762
v 0.121735 0.657308 0.175733
v 0.125589 0.970612 0.044135
v 0.062852 0.983746 0.081970
v 0.010691 0.850773 0.162408
v 0.014328 0.804148 0.178129
v 0.030811 0.728426 0.203395
v 0.167217 0.699899 0.121211
v 0.175040 0.770537 0.081301
v 0.176971 0.815999 0.062226
v 0.072944 0.717381 0.171912
v 0.061528 0.790284 0.137971
v 0.060242 0.837061 0.122569
v 0.118857 0.707687 0.144225
v 0.116501 0.778696 0.104878
v 0.117893 0.824918 0.087892
v 0.100680 0.660406 0.184268
v 0.095012 0.994579 0.058326
v 0.093332 0.711302 0.154230
v 0.085847 0.782935 0.116703
v 0.085738 0.829355 0.100267
v 0.059899 0.909984 0.101887
v 0.024701 0.918349 0.126255
v 0.159481 0.890836 0.044791
v 0.121838 0.897278 0.064620
v 0.087546 0.902002 0.078308
v 0.086695 0.859440 0.091323
v 0.061511 0.866781 0.112542
v 0.117692 0.854954 0.078768
v 0.120812 0.703588 0.148473
v 0.190526 0.587424 0.160241
v 0.262014 0.806118 0.013970
v 0.359243 0.644106 0.030382
v 0.138996 0.661114 0.142519
v 0.162128 0.622394 0.146418
v 0.420337 0.741277 -0.038132
v 0.382195 0.804868 -0.044546
v 0.237055 0.797317 0.031284
v 0.202730 0.775698 0.059368
v 0.154021 0.734751 0.110305
v 0.236960 0.596550 0.124305
v 0.300448 0.612870 0.075863
v 0.338159 0.628849 0.048350
v 0.174408 0.683363 0.100160
v 0.225808 0.714823 0.045680
v 0.261771 0.735478 0.019091
v 0.202264 0.636776 0.104883
v 0.259164 0.659087 0.051374
v 0.296754 0.677049 0.025083
v 0.149064 0.640535 0.141326
v 0.415307 0.780644 -0.049781
v 0.186396 0.658497 0.098507
v 0.240079 0.685012 0.043625
v 0.276725 0.704215 0.016920
v 0.318362 0.768687 -0.018863
v 0.301768 0.810592 -0.010018
v 0.384255 0.674303 0.003411
v 0.356197 0.706116 -0.012534
v 0.334738 0.735354 -0.020871
v 0.300899 0.717115 0.001575
v 0.286037 0.747340 0.003094
v 0.320129 0.690415 0.008945
v 0.125220 0.707055 0.156593
v 0.194933 0.590892 0.168360
v 0.266421 0.809586 0.022089
v 0.363650 0.647574 0.038502
v 0.147953 0.668345 0.160760
v 0.171084 0.629625 0.164655
v 0.424745 0.744744 -0.030013
v 0.386603 0.808336 -0.036426
v 0.241463 0.800785 0.039404
v 0.207137 0.779165 0.067487
v 0.158428 0.738219 0.118425
v 0.241367 0.600018 0.132425
v 0.304856 0.616337 0.083982
v 0.342566 0.632317 0.056470
v 0.183424 0.690642 0.118520
v 0.234861 0.722132 0.064116
v 0.270798 0.742765 0.037474
v 0.211278 0.644054 0.123240
v 0.268215 0.666395 0.069807
v 0.305780 0.684336 0.043463
v 0.158015 0.647762 0.159554
v 0.419715 0.784111 -0.041661
v 0.195389 0.665758 0.116821
v 0.249090 0.692288 0.061977
v 0.285716 0.711473 0.035229
v 0.327368 0.775958 -0.000523
v 0.306176 0.814059 -0.001898
v 0.388662 0.677770 0.011531
v 0.365202 0.713385 0.005803
v 0.343717 0.742604 -0.002584
v 0.309848 0.724339 0.019798
v 0.295049 0.754616 0.021447
v 0.329140 0.697690 0.027296
v 0.220982 0.628529 0.119667
v 0.127495 0.559596 0.190385
v 0.370412 0.467034 0.108186
v 0.240027 0.370895 0.206816
v 0.185807 0.601130 0.133165
v 0.154620 0.578207 0.156647
v 0.356251 0.307603 0.187976
v 0.407432 0.345344 0.149297
v 0.353549 0.493527 0.104452
v 0.320833 0.530448 0.103540
v 0.263507 0.587853 0.111430
v 0.152285 0.505843 0.195564
v 0.189792 0.433825 0.202666
v 0.217969 0.393557 0.207012
v 0.220796 0.553749 0.124547
v 0.270108 0.489614 0.117146
v 0.302199 0.452377 0.120374
v 0.183275 0.526176 0.152839
v 0.225222 0.456636 0.151047
v 0.255148 0.417811 0.155939
v 0.168943 0.588181 0.141778
v 0.393712 0.313150 0.171342
v 0.200390 0.538077 0.134682
v 0.245623 0.470842 0.129175
v 0.276521 0.432687 0.132969
v 0.353001 0.396657 0.128140
v 0.387784 0.424842 0.117874
v 0.278326 0.343238 0.201053
v 0.302723 0.359329 0.166421
v 0.325711 0.375586 0.142086
v 0.296907 0.409152 0.137065
v 0.321679 0.428059 0.124195
v 0.275840 0.394385 0.158861
v 0.224716 0.632093 0.128078
v 0.131229 0.563161 0.198796
v 0.374146 0.470599 0.116596
v 0.243761 0.374459 0.215226
v 0.193404 0.609627 0.151476
v 0.162216 0.586703 0.174956
v 0.359985 0.311167 0.196386
v 0.411166 0.348908 0.157708
v 0.357283 0.497092 0.112862
v 0.324567 0.534013 0.111950
v 0.267241 0.591417 0.119841
v 0.156019 0.509407 0.203974
v 0.193526 0.437389 0.211077
v 0.221703 0.397121 0.215422
v 0.228443 0.562302 0.142979
v 0.277786 0.498203 0.135655
v 0.309855 0.460940 0.138828
v 0.190921 0.534728 0.171268
v 0.232900 0.465223 0.169552
v 0.262803 0.426373 0.174391
v 0.176535 0.596672 0.160078
v 0.397446 0.316715 0.179753
v 0.208018 0.546608 0.153068
v 0.253267 0.479391 0.147599
v 0.284147 0.441216 0.151349
v 0.360640 0.405201 0.146552
v 0.391518 0.428407 0.126285
v 0.282060 0.346802 0.209464
v 0.310360 0.367871 0.184830
v 0.333327 0.384105 0.160445
v 0.304497 0.417641 0.155360
v 0.329323 0.436608 0.142620
v 0.283483 0.402933 0.177283
v 0.170661 0.582449 0.154626
v 0.065820 0.609251 0.236982
v 0.194725 0.370539 0.209912
v 0.048505 0.407920 0.324773
v 0.128488 0.587319 0.173806
v 0.093540 0.596280 0.201153
v 0.102054 0.286098 0.337455
v 0.159458 0.271439 0.292402
v 0.196101 0.398987 0.196165
v 0.191251 0.445460 0.180319
v 0.179871 0.524487 0.163915
v 0.055141 0.556373 0.261895
v 0.044295 0.483029 0.295759
v 0.044053 0.437857 0.315604
v 0.127710 0.528751 0.184416
v 0.128827 0.449657 0.202929
v 0.133323 0.404051 0.221005
v 0.085673 0.539548 0.217354
v 0.078551 0.462597 0.242381
v 0.080627 0.417626 0.262386
v 0.108684 0.590468 0.184949
v 0.132898 0.262709 0.322881
v 0.103703 0.532467 0.197630
v 0.100022 0.454099 0.218650
v 0.103110 0.408701 0.237474
v 0.142699 0.335082 0.251024
v 0.185477 0.332045 0.234581
v 0.062258 0.362884 0.331664
v 0.086201 0.349385 0.295636
v 0.110584 0.340092 0.269102
v 0.106328 0.380463 0.250836
v 0.135321 0.375685 0.234303
v 0.083986 0.388918 0.274634
v 0.176927 0.585520 0.161604
v 0.072087 0.612322 0.243960
v 0.200991 0.373610 0.216890
v 0.054771 0.410991 0.331751
v 0.142133 0.594867 0.188708
v 0.107183 0.603826 0.216053
v 0.108320 0.289169 0.344432
v 0.165724 0.274510 0.299379
v 0.202367 0.402058 0.203143
v 0.197518 0.448531 0.187297
v 0.186137 0.527558 0.170893
v 0.061407 0.559445 0.268873
v 0.050561 0.486100 0.302737
v 0.050319 0.440928 0.322581
v 0.141444 0.536348 0.199416
v 0.142618 0.457287 0.217991
v 0.147074 0.411658 0.236024
v 0.099405 0.547144 0.232351
v 0.092340 0.470224 0.257440
v 0.094377 0.425232 0.277403
v 0.122320 0.598010 0.199841
v 0.139164 0.265780 0.329859
v 0.117403 0.540045 0.212593
v 0.113750 0.461693 0.233643
v 0.116806 0.416277 0.252432
v 0.156418 0.342671 0.266008
v 0.191743 0.335116 0.241558
v 0.068525 0.365955 0.338642
v 0.099918 0.356973 0.310616
v 0.124264 0.347660 0.284042
v 0.119960 0.388004 0.265725
v 0.149050 0.383280 0.249297
v 0.097714 0.396511 0.289626
v 0.089449 0.538334 0.188465
v 0.020542 0.653511 0.210337
v 0.035063 0.438294 0.377081
v -0.061041 0.598931 0.407584
v 0.056904 0.571530 0.191459
v 0.033927 0.609867 0.198656
v -0.059986 0.512220 0.509315
v -0.022244 0.449193 0.497357
v 0.045394 0.445521 0.348077
v 0.057056 0.464736 0.304156
v 0.075913 0.505907 0.236383
v -0.006066 0.642935 0.262404
v -0.039532 0.626182 0.334813
v -0.054540 0.612559 0.379797
v 0.034386 0.543694 0.239014
v 0.006656 0.508091 0.306565
v -0.004583 0.491072 0.351409
v 0.006763 0.589849 0.247689
v -0.026361 0.563347 0.316965
v -0.039178 0.549017 0.362321
v 0.042343 0.589104 0.193783
v -0.044294 0.475575 0.520345
v 0.016643 0.564736 0.241693
v -0.014664 0.533235 0.309697
v -0.026953 0.517426 0.354685
v -0.018797 0.466127 0.421562
v 0.015511 0.435669 0.419350
v -0.065692 0.570836 0.445715
v -0.055946 0.528269 0.433608
v -0.042447 0.494574 0.425403
v -0.033141 0.508199 0.384059
v -0.011931 0.482218 0.380616
v -0.045626 0.538684 0.391254
v 0.097536 0.542431 0.192365
v 0.028628 0.657609 0.214236
v 0.043149 0.442391 0.380980
v -0.052955 0.603028 0.411484
v 0.074810 0.580773 0.199153
v 0.051829 0.619109 0.206349
v -0.051900 0.516318 0.513214
v -0.014157 0.453291 0.501256
v 0.053480 0.449618 0.351977
v 0.065142 0.468833 0.308055
v 0.084000 0.510004 0.240282
v 0.002020 0.647032 0.266303
v -0.031446 0.630279 0.338712
v -0.046454 0.616656 0.383696
v 0.052409 0.552997 0.246758
v 0.024753 0.517433 0.314342
v 0.013462 0.500387 0.359163
v 0.024783 0.599151 0.255433
v -0.008266 0.572688 0.324740
v -0.021136 0.558331 0.370074
v 0.060236 0.598341 0.201472
v -0.036207 0.479673 0.524244
v 0.034621 0.574016 0.249419
v 0.003350 0.542535 0.317438
v -0.008980 0.526704 0.362408
v -0.000794 0.475421 0.429299
v 0.023597 0.439767 0.423249
v -0.057606 0.574933 0.449614
v -0.037946 0.537560 0.441343
v -0.024496 0.503841 0.433117
v -0.015253 0.517433 0.391746
v 0.006085 0.491519 0.388357
v -0.027612 0.547983 0.398995
v 0.043180 0.570283 0.248037
v 0.016607 0.691005 0.191358
v -0.057183 0.608301 0.440452
v -0.094243 0.776671 0.361402
v 0.023919 0.606363 0.225736
v 0.015041 0.646510 0.206791
v -0.131217 0.763633 0.489198
v -0.116643 0.697570 0.520232
v -0.042715 0.595478 0.415424
v -0.021687 0.583623 0.372394
v 0.015533 0.574290 0.300481
v -0.016081 0.717914 0.233049
v -0.058934 0.752840 0.292946
v -0.081253 0.770557 0.333224
v -0.010523 0.616031 0.273314
v -0.054109 0.631855 0.340019
v -0.074060 0.645864 0.382828
v -0.021173 0.664361 0.250525
v -0.066811 0.689709 0.312761
v -0.087354 0.706531 0.354256
v 0.016159 0.625217 0.215220
v -0.130027 0.736703 0.520569
v -0.020094 0.638625 0.260559
v -0.065652 0.658843 0.324690
v -0.086179 0.674154 0.366750
v -0.101541 0.668291 0.449818
v -0.079751 0.634390 0.471852
v -0.111306 0.776532 0.405829
v -0.115872 0.733552 0.419448
v -0.114183 0.698873 0.432841
v -0.097489 0.684572 0.394133
v -0.086312 0.656772 0.409593
v -0.099251 0.715888 0.381758
v 0.051844 0.573715 0.251285
v 0.025271 0.694437 0.194605
v -0.048519 0.611733 0.443700
v -0.085579 0.780102 0.364650
v 0.043236 0.613577 0.232062
v 0.034356 0.653723 0.213116
v -0.122553 0.767065 0.492446
v -0.107980 0.701001 0.523479
v -0.034052 0.598909 0.418671
v -0.013023 0.587054 0.375641
v 0.024197 0.577721 0.303729
v -0.007417 0.721346 0.236297
v -0.050271 0.756272 0.296193
v -0.072589 0.773989 0.336471
v 0.008922 0.623293 0.279682
v -0.034584 0.639146 0.346413
v -0.054591 0.653134 0.389204
v -0.001732 0.671622 0.256891
v -0.047289 0.697000 0.319154
v -0.067889 0.713800 0.360631
v 0.035463 0.632426 0.221542
v -0.121364 0.740134 0.523816
v -0.000699 0.645868 0.266911
v -0.046216 0.666101 0.331054
v -0.066789 0.681395 0.373100
v -0.082118 0.675545 0.456179
v -0.071087 0.637821 0.475099
v -0.102642 0.779963 0.409076
v -0.096452 0.740805 0.425808
v -0.094816 0.706105 0.439183
v -0.078189 0.691779 0.400453
v -0.066875 0.664031 0.415958
v -0.079817 0.723146 0.388123
vn -0.7521 0.6021 -0.2678
vn -0.7834 0.6179 0.0677
vn 0.8200 0.3951 0.4141
vn 0.7242 0.5363 0.4336
vn 0.2573 0.8962 0.3614
vn -0.5333 0.8362 0.1281
vn 0.8682 0.4278 -0.2513
vn 0.7810 0.5524 -0.2914
vn 0.3179 0.8875 -0.3337
vn -0.4995 0.8220 -0.2734
vn -0.2678 0.6021 0.7521
vn 0.0677 0.6179 0.7834
vn 0.4172 0.4291 -0.8011
vn 0.4336 0.5363 -0.7242
vn 0.3614 0.8962 -0.2573
vn 0.1281 0.8362 0.5333
vn -0.2564 0.4716 -0.8437
vn -0.2914 0.5524 -0.7810
vn -0.3337 0.8875 -0.3179
vn -0.2734 0.8220 0.4995
vn 0.7521 0.6021 0.2678
vn 0.7834 0.6179 -0.0677
vn -0.8255 0.3847 -0.4130
vn -0.7242 0.5363 -0.4336
vn -0.2573 0.8962 -0.3614
vn 0.5333 0.8362 -0.1281
vn -0.8579 0.4468 0.2536
vn -0.7810 0.5524 0.2914
vn -0.3179 0.8875 0.3337
vn 0.4995 0.8220 0.2734
vn 0.2678 0.6021 -0.7521
vn -0.0677 0.6179 -0.7834
vn -0.4145 0.3994 0.8177
vn -0.4336 0.5363 0.7242
vn -0.3614 0.8962 0.2573
vn -0.1281 0.8362 -0.5333
vn 0.2519 0.4331 0.8654
vn 0.2914 0.5524 0.7810
vn 0.3337 0.8875 0.3179
vn 0.2734 0.8220 -0.4995
vn 0.5872 0.7722 -0.2428
vn 0.7708 0.2404 0.5899
vn 0.1516 -0.5163 0.8429
vn -0.6290 -0.7280 0.2728
vn 0.6351 -0.6059 -0.4791
vn -0.8056 -0.1863 -0.5624
vn -0.1840 0.5628 -0.8058
vn 0.5526 -0.6520 -0.5191
vn 0.1739 -0.1773 -0.9687
vn 0.0556 0.2739 -0.9601
vn -0.7694 -0.1845 -0.6116
vn -0.7689 -0.2062 -0.6053
vn -0.9311 0.0025 0.3649
vn -0.7896 -0.4878 0.3723
vn -0.1765 0.1908 0.9656
vn -0.0466 -0.3041 0.9515
vn 0.7663 0.1987 0.6110
vn 0.7769 0.1740 0.6051
vn 0.9304 0.0114 -0.3664
vn 0.8053 0.4588 -0.3755
vn 0.5483 -0.5567 -0.6240
vn 0.5800 -0.6454 -0.4971
vn 0.6439 -0.5277 -0.5540
vn 0.5126 -0.6414 -0.5708
vn -0.3909 0.7339 -0.5555
vn -0.7663 -0.4876 0.4184
vn 0.5074 0.4365 0.7430
vn -0.9406 0.0187 -0.3390
vn -0.0423 -0.2787 0.9594
vn 0.3331 0.9428 -0.0145
vn -0.7143 0.5571 0.4235
vn -0.5351 0.4978 0.6825
vn -0.4602 0.7415 0.4882
vn -0.6047 0.6998 0.3803
vn -0.6795 0.4561 0.5746
vn -0.4255 0.6405 0.6393
vn 0.9011 0.2054 -0.3820
vn 0.7707 0.1858 0.6095
vn -0.1304 -0.0207 0.9912
vn -0.9006 -0.2074 0.3820
vn -0.7703 -0.1878 -0.6094
vn 0.1309 0.0186 -0.9912
vn -0.0401 0.4186 -0.9073
vn -0.7649 -0.2411 -0.5974
vn -0.6663 -0.6731 0.3209
vn 0.0587 -0.4565 0.8878
vn 0.7743 0.2213 0.5929
vn 0.6949 0.6360 -0.3356
vn 0.8270 -0.0598 -0.5590
vn 0.5575 -0.8294 0.0368
vn 0.0040 -0.6629 -0.7487
vn 0.9139 -0.4000 -0.0686
vn 0.1346 -0.9501 -0.2816
vn 0.3465 -0.1997 -0.9166
vn 0.6264 -0.4586 -0.6304
vn 0.0899 -0.7225 -0.6855
vn 0.5136 -0.5228 -0.6803
vn 0.5633 -0.6843 -0.4630
vn 0.5623 -0.6500 -0.5111
vn 0.5336 -0.5507 -0.6419
vn 0.1608 -0.8476 -0.5056
vn 0.1110 -0.8359 -0.5375
vn 0.0816 -0.7613 -0.6433
vn 0.6522 -0.6061 -0.4553
vn 0.6783 -0.5570 -0.4792
vn 0.6548 -0.4794 -0.5843
vn 0.2200 -0.7049 -0.6743
vn 0.2582 -0.7994 -0.5424
vn 0.2752 -0.8256 -0.4926
vn 0.2170 -0.6688 -0.7111
vn -0.4879 0.5684 0.6624
vn 0.0207 -0.5863 -0.8099
vn 0.2005 -0.5065 -0.8386
vn 0.4163 -0.4011 -0.8160
vn 0.5811 -0.3124 -0.7515
vn 0.0801 -0.7074 -0.7023
vn 0.2239 -0.6692 -0.7085
vn 0.5097 -0.5268 -0.6802
vn 0.6223 -0.4372 -0.6493
vn -0.2640 0.6787 0.6854
vn -0.5169 0.5224 0.6781
vn -0.5640 0.6827 0.4645
vn -0.5641 0.6483 0.5113
vn -0.5360 0.5500 0.6404
vn -0.3673 0.7614 0.5342
vn -0.2884 0.7737 0.5641
vn -0.2483 0.7082 0.6608
vn -0.4676 0.7120 0.5238
vn -0.5285 0.6555 0.5395
vn -0.5165 0.5762 0.6334
vn -0.2177 0.7066 0.6733
vn -0.2557 0.7998 0.5430
vn -0.2736 0.8251 0.4942
vn -0.2143 0.6713 0.7095
vn -0.3033 0.6089 0.7330
vn -0.2689 0.5946 0.7577
vn -0.4317 0.5152 0.7404
vn -0.4156 0.5553 0.7204
vn -0.2910 0.6589 0.6937
vn -0.2209 0.6699 0.7088
vn -0.5120 0.5249 0.6800
vn -0.4566 0.5764 0.6777
vn -0.9195 -0.2265 -0.3212
vn -0.8762 -0.4801 -0.0411
vn -0.8890 -0.0787 -0.4511
vn 0.2332 -0.6378 0.7341
vn -0.8391 -0.5422 0.0434
vn 0.7731 0.6149 -0.1556
vn 0.2395 -0.6455 0.7253
vn 0.9213 0.2947 0.2538
vn 0.6685 0.6854 -0.2886
vn 0.9194 0.3234 0.2239
vn -0.5919 0.3649 -0.7187
vn -0.8225 -0.5638 0.0748
vn 0.9065 0.3975 0.1419
vn 0.2431 -0.6329 0.7351
vn 0.2430 -0.6438 0.7256
vn 0.8599 0.5104 0.0010
vn 0.1840 0.7469 -0.6390
vn -0.9141 -0.3629 -0.1811
vn 0.8123 -0.5273 -0.2494
vn 0.4003 -0.6181 -0.6766
vn 0.7486 -0.5494 -0.3710
vn 0.6275 -0.7464 -0.2217
vn 0.6618 -0.7070 -0.2494
vn 0.7358 -0.5868 -0.3379
vn 0.3239 -0.7815 -0.5333
vn 0.3075 -0.7519 -0.5832
vn 0.3619 -0.6583 -0.6600
vn 0.7014 -0.6984 -0.1422
vn 0.7433 -0.6559 -0.1315
vn 0.8022 -0.5613 -0.2037
vn 0.4951 -0.6399 -0.5878
vn 0.4282 -0.7583 -0.4915
vn 0.4062 -0.7948 -0.4509
vn 0.5210 -0.5997 -0.6074
vn -0.7114 0.5879 0.3851
vn 0.4444 -0.4522 -0.7733
vn 0.6110 -0.4237 -0.6687
vn 0.7764 -0.3878 -0.4968
vn 0.8741 -0.3592 -0.3271
vn 0.4054 -0.5986 -0.6909
vn 0.5246 -0.6024 -0.6016
vn 0.7450 -0.5522 -0.3743
vn 0.8240 -0.5032 -0.2602
vn -0.5393 0.6259 0.5634
vn -0.7498 0.5503 0.3673
vn -0.6292 0.7449 0.2219
vn -0.6635 0.7059 0.2480
vn -0.7369 0.5870 0.3353
vn -0.5117 0.7543 0.4113
vn -0.4685 0.7395 0.4833
vn -0.5079 0.6529 0.5620
vn -0.5888 0.7372 0.3314
vn -0.6530 0.6987 0.2921
vn -0.7139 0.6073 0.3485
vn -0.4925 0.6409 0.5888
vn -0.4266 0.7579 0.4935
vn -0.4061 0.7936 0.4530
vn -0.5175 0.6015 0.6085
vn -0.6090 0.5643 0.5573
vn -0.6003 0.5376 0.5921
vn -0.7248 0.5108 0.4623
vn -0.6944 0.5470 0.4676
vn -0.5680 0.6137 0.5485
vn -0.5224 0.6022 0.6037
vn -0.7468 0.5510 0.3723
vn -0.6960 0.5845 0.4171
vn -0.5324 0.0895 -0.8418
vn -0.7106 -0.2016 -0.6741
vn -0.4068 0.2388 -0.8818
vn -0.3719 -0.7714 0.5164
vn -0.7440 -0.2826 -0.6055
vn 0.7741 0.3856 0.5020
vn -0.3626 -0.7793 0.5111
vn 0.5855 -0.0161 0.8105
vn 0.7876 0.5003 0.3597
vn 0.6069 0.0158 0.7946
vn 0.0502 0.6120 -0.7892
vn -0.7541 -0.3120 -0.5779
vn 0.6589 0.1009 0.7454
vn -0.3643 -0.7697 0.5242
vn -0.3599 -0.7787 0.5139
vn 0.7276 0.2404 0.6425
vn 0.6462 0.7437 -0.1715
vn -0.6352 -0.0606 -0.7700
vn 0.6740 -0.7355 -0.0688
vn 0.6778 -0.4383 -0.5903
vn 0.7128 -0.6756 -0.1881
vn 0.4978 -0.8208 -0.2800
vn 0.5463 -0.7978 -0.2553
vn 0.6758 -0.7102 -0.1975
vn 0.5025 -0.5782 -0.6428
vn 0.5301 -0.5286 -0.6630
vn 0.6343 -0.4559 -0.6244
vn 0.4992 -0.8506 -0.1651
vn 0.5262 -0.8430 -0.1114
vn 0.6302 -0.7735 -0.0671
vn 0.6782 -0.5364 -0.5024
vn 0.5485 -0.6291 -0.5508
vn 0.4998 -0.6610 -0.5598
vn 0.7152 -0.5113 -0.4765
vn -0.6920 0.6812 0.2390
vn 0.7981 -0.2969 -0.5244
vn 0.8436 -0.3986 -0.3597
vn 0.8417 -0.5185 -0.1505
vn 0.7933 -0.6085 0.0191
vn 0.6939 -0.4206 -0.5844
vn 0.7132 -0.5174 -0.4729
vn 0.7123 -0.6747 -0.1936
vn 0.6929 -0.7190 -0.0545
vn -0.6935 0.5571 0.4568
vn -0.7110 0.6783 0.1857
vn -0.4994 0.8205 0.2784
vn -0.5466 0.7983 0.2529
vn -0.6746 0.7119 0.1955
vn -0.5504 0.6982 0.4579
vn -0.5731 0.6382 0.5140
vn -0.6672 0.5624 0.4884
vn -0.5496 0.7538 0.3602
vn -0.5715 0.7712 0.2804
vn -0.6654 0.7110 0.2276
vn -0.6770 0.5355 0.5050
vn -0.5488 0.6272 0.5526
vn -0.5013 0.6593 0.5604
vn -0.7133 0.5106 0.4801
vn -0.7455 0.5474 0.3802
vn -0.7675 0.5095 0.3891
vn -0.7657 0.6001 0.2314
vn -0.7437 0.6106 0.2722
vn -0.7044 0.5678 0.4259
vn -0.7133 0.5153 0.4751
vn -0.7123 0.6755 0.1907
vn -0.7043 0.6589 0.2640
vn 0.2362 0.6506 -0.7218
vn -0.0435 0.4549 -0.8895
vn 0.3709 0.7165 -0.5908
vn -0.7223 -0.5963 -0.3503
vn -0.1255 0.3841 -0.9147
vn 0.2328 -0.2819 0.9308
vn -0.7132 -0.6053 -0.3537
vn -0.1678 -0.6095 0.7749
vn 0.3575 -0.1478 0.9221
vn -0.1376 -0.5899 0.7957
vn 0.6711 0.7376 -0.0749
vn -0.1558 0.3564 -0.9213
vn -0.0558 -0.5326 0.8445
vn -0.7224 -0.6018 -0.3406
vn -0.7132 -0.6072 -0.3502
vn 0.0826 -0.4220 0.9029
vn 0.6657 0.3078 0.6797
vn 0.0948 0.5606 -0.8226
vn 0.4744 -0.8207 -0.3186
vn 0.8929 -0.4161 -0.1718
vn 0.5907 -0.7591 -0.2737
vn 0.5689 -0.6374 -0.5197
vn 0.5712 -0.6718 -0.4716
vn 0.5823 -0.7461 -0.3229
vn 0.8579 -0.3390 -0.3860
vn 0.8852 -0.3231 -0.3347
vn 0.9006 -0.3779 -0.2147
vn 0.4747 -0.7097 -0.5205
vn 0.4427 -0.7510 -0.4900
vn 0.4534 -0.8102 -0.3716
vn 0.8271 -0.5097 -0.2370
vn 0.8084 -0.4424 -0.3882
vn 0.7933 -0.4201 -0.4406
vn 0.8223 -0.5355 -0.1925
vn -0.6234 0.7224 0.2991
vn 0.8876 -0.4602 0.0201
vn 0.7806 -0.6250 -0.0105
vn 0.6125 -0.7874 -0.0702
vn 0.4512 -0.8822 -0.1348
vn 0.8948 -0.4212 -0.1478
vn 0.8187 -0.5391 -0.1978
vn 0.5949 -0.7555 -0.2743
vn 0.4707 -0.8324 -0.2925
vn -0.7982 0.5534 0.2379
vn -0.5879 0.7602 0.2764
vn -0.5683 0.6391 0.5183
vn -0.5694 0.6735 0.4714
vn -0.5801 0.7471 0.3245
vn -0.7365 0.5247 0.4269
vn -0.7909 0.4824 0.3766
vn -0.8117 0.5222 0.2615
vn -0.6582 0.6003 0.4543
vn -0.6034 0.6636 0.4422
vn -0.6024 0.7246 0.3348
vn -0.8285 0.5072 0.2373
vn -0.8099 0.4409 0.3868
vn -0.7945 0.4201 0.4385
vn -0.8243 0.5321 0.1935
vn -0.7596 0.6225 0.1887
vn -0.7753 0.6141 0.1477
vn -0.6485 0.7364 0.1930
vn -0.6725 0.7063 0.2210
vn -0.7786 0.5817 0.2353
vn -0.8204 0.5369 0.1965
vn -0.5926 0.7573 0.2744
vn -0.6492 0.7074 0.2794
vn 0.6792 0.5202 0.5178
vn 0.6922 0.6984 0.1821
vn 0.6327 0.3953 0.6659
vn -0.0287 0.3729 -0.9274
vn 0.6769 0.7320 0.0772
vn -0.6433 -0.7629 0.0647
vn -0.0202 0.3635 -0.9314
vn -0.6920 -0.5731 -0.4390
vn -0.5824 -0.7776 0.2370
vn -0.6956 -0.5945 -0.4035
vn 0.3503 -0.0568 0.9349
vn 0.6690 0.7423 0.0377
vn -0.6992 -0.6465 -0.3052
vn -0.0364 0.3655 -0.9301
vn -0.0230 0.3608 -0.9324
vn -0.6860 -0.7155 -0.1325
vn -0.2553 -0.6421 0.7229
vn 0.6986 0.6227 0.3524
vn 0.2420 -0.7093 -0.6621
vn 0.6996 -0.6588 -0.2767
vn 0.3504 -0.7360 -0.5792
vn 0.4546 -0.5239 -0.7203
vn 0.4289 -0.5726 -0.6987
vn 0.3638 -0.7005 -0.6140
vn 0.7664 -0.4887 -0.4170
vn 0.7787 -0.5119 -0.3627
vn 0.7337 -0.6141 -0.2909
vn 0.3474 -0.5351 -0.7700
vn 0.2949 -0.5654 -0.7703
vn 0.2448 -0.6681 -0.7027
vn 0.6313 -0.6711 -0.3887
vn 0.6882 -0.5440 -0.4801
vn 0.6999 -0.4967 -0.5132
vn 0.6035 -0.7083 -0.3661
vn -0.4002 0.7120 0.5770
vn 0.6160 -0.7750 -0.1413
vn 0.4758 -0.8379 -0.2674
vn 0.2923 -0.8578 -0.4227
vn 0.1396 -0.8269 -0.5447
vn 0.6915 -0.6742 -0.2593
vn 0.6009 -0.7070 -0.3729
vn 0.3556 -0.7350 -0.5773
vn 0.2262 -0.7281 -0.6471
vn -0.5913 0.6908 0.4162
vn -0.3485 0.7345 0.5823
vn -0.4530 0.5255 0.7201
vn -0.4267 0.5731 0.6996
vn -0.3621 0.6995 0.6161
vn -0.6097 0.5565 0.5644
vn -0.6552 0.5716 0.4939
vn -0.6217 0.6627 0.4175
vn -0.5240 0.5659 0.6365
vn -0.4502 0.5943 0.6664
vn -0.3929 0.6880 0.6101
vn -0.6336 0.6697 0.3874
vn -0.6896 0.5441 0.4780
vn -0.7003 0.4981 0.5113
vn -0.6067 0.7062 0.3649
vn -0.5173 0.7475 0.4167
vn -0.5205 0.7665 0.3763
vn -0.3822 0.7812 0.4936
vn -0.4229 0.7570 0.4981
vn -0.5635 0.7045 0.4314
vn -0.6027 0.7068 0.3704
vn -0.3529 0.7353 0.5786
vn -0.4214 0.7212 0.5498
vn 0.6029 -0.1462 0.7843
vn 0.7869 0.1328 0.6026
vn 0.4702 -0.2857 0.8350
vn 0.4104 0.7092 -0.5732
vn 0.8198 0.2121 0.5319
vn -0.8479 -0.3142 -0.4270
vn 0.4160 0.6998 -0.5808
vn -0.6585 0.0767 -0.7487
vn -0.8567 -0.4299 -0.2851
vn -0.6808 0.0463 -0.7310
vn -0.0221 -0.6198 0.7844
vn 0.8295 0.2411 0.5038
vn -0.7344 -0.0353 -0.6778
vn 0.4020 0.7083 -0.5803
vn 0.4130 0.6994 -0.5833
vn -0.8037 -0.1707 -0.5700
vn -0.6842 -0.6930 0.2272
vn 0.7100 -0.0034 0.7042
vn 0.0369 -0.6200 -0.7838
vn 0.1762 -0.9392 -0.2948
vn 0.0503 -0.7219 -0.6902
vn 0.3126 -0.6391 -0.7027
vn 0.2564 -0.6561 -0.7098
vn 0.0970 -0.7043 -0.7032
vn 0.3887 -0.8589 -0.3334
vn 0.3567 -0.8877 -0.2912
vn 0.2319 -0.9315 -0.2803
vn 0.2610 -0.5668 -0.7814
vn 0.2094 -0.5502 -0.8083
vn 0.0830 -0.5905 -0.8028
vn 0.1784 -0.8911 -0.4174
vn 0.3352 -0.8370 -0.4325
vn 0.3871 -0.8102 -0.4400
vn 0.1273 -0.8986 -0.4199
vn -0.0956 0.7409 0.6647
vn -0.0118 -0.9696 -0.2445
vn -0.0796 -0.9042 -0.4196
vn -0.1349 -0.7759 -0.6162
vn -0.1555 -0.6366 -0.7553
vn 0.1534 -0.9453 -0.2877
vn 0.1297 -0.8954 -0.4260
vn 0.0534 -0.7250 -0.6866
vn 0.0082 -0.6228 -0.7824
vn -0.1539 0.8742 0.4605
vn -0.0515 0.7192 0.6929
vn -0.3105 0.6391 0.7036
vn -0.2551 0.6548 0.7114
vn -0.0975 0.7023 0.7052
vn -0.3176 0.7837 0.5338
vn -0.3040 0.8317 0.4647
vn -0.1910 0.8763 0.4422
vn -0.2915 0.7239 0.6253
vn -0.2414 0.6887 0.6836
vn -0.1212 0.7168 0.6867
vn -0.1800 0.8918 0.4151
vn -0.3350 0.8382 0.4303
vn -0.3856 0.8116 0.4388
vn -0.1301 0.8995 0.4170
vn -0.0726 0.8607 0.5040
vn -0.0439 0.8789 0.4749
vn -0.0025 0.7820 0.6232
vn -0.0453 0.7940 0.6062
vn -0.1351 0.8628 0.4872
vn -0.1298 0.8967 0.4232
vn -0.0521 0.7232 0.6886
vn -0.0906 0.7644 0.6383
vn -0.0767 -0.5878 0.8054
vn 0.2961 -0.5127 0.8058
vn -0.2702 -0.5933 0.7583
vn 0.9643 0.2393 -0.1131
vn 0.3988 -0.4762 0.7837
vn -0.5286 0.4181 -0.7388
vn 0.9657 0.2293 -0.1217
vn -0.0178 0.5767 -0.8167
vn -0.6718 0.3341 -0.6612
vn -0.0588 0.5703 -0.8193
vn -0.7629 -0.4698 0.4442
vn 0.4360 -0.4611 0.7729
vn -0.1678 0.5482 -0.8193
vn 0.9618 0.2452 -0.1221
vn 0.9648 0.2314 -0.1250
vn -0.3454 0.4962 -0.7965
vn -0.9648 -0.0080 -0.2630
vn 0.1162 -0.5596 0.8206
vn 0.1595 -0.5306 -0.8325
vn -0.0836 -0.9004 -0.4269
vn 0.0868 -0.6315 -0.7705
vn 0.3326 -0.6779 -0.6556
vn 0.2848 -0.6668 -0.6886
vn 0.1367 -0.6367 -0.7589
vn 0.1341 -0.9250 -0.3556
vn 0.0778 -0.9378 -0.3384
vn -0.0433 -0.9198 -0.3899
vn 0.3567 -0.5864 -0.7273
vn 0.3348 -0.5467 -0.7675
vn 0.2164 -0.5247 -0.8233
vn -0.0055 -0.8530 -0.5219
vn 0.1469 -0.8764 -0.4587
vn 0.2019 -0.8761 -0.4378
vn -0.0478 -0.8362 -0.5464
vn -0.1033 0.6704 0.7348
vn -0.2681 -0.8434 -0.4656
vn -0.2142 -0.7462 -0.6304
vn -0.1159 -0.5978 -0.7932
vn -0.0129 -0.4584 -0.8887
vn -0.1073 -0.8958 -0.4314
vn -0.0417 -0.8341 -0.5500
vn 0.0863 -0.6358 -0.7670
vn 0.1350 -0.5199 -0.8435
vn -0.0019 0.8248 0.5654
vn -0.0900 0.6296 0.7717
vn -0.3314 0.6769 0.6573
vn -0.2850 0.6650 0.6903
vn -0.1388 0.6350 0.7599
vn -0.2012 0.8163 0.5415
vn -0.1393 0.8558 0.4982
vn -0.0219 0.8446 0.5349
vn -0.2467 0.7470 0.6173
vn -0.2480 0.6901 0.6799
vn -0.1433 0.6596 0.7378
vn 0.0056 0.8546 0.5193
vn -0.1452 0.8775 0.4571
vn -0.1996 0.8767 0.4377
vn 0.0473 0.8384 0.5430
vn 0.0369 0.7735 0.6327
vn 0.0804 0.7779 0.6233
vn 0.0059 0.6660 0.7459
vn -0.0154 0.6971 0.7168
vn -0.0040 0.8049 0.5934
vn 0.0434 0.8354 0.5479
vn -0.0869 0.6336 0.7688
vn -0.0779 0.6902 0.7194
vn -0.6672 -0.5236 0.5298
vn -0.3428 -0.6283 0.6984
vn -0.8006 -0.4376 0.4094
vn 0.9105 -0.2251 0.3470
vn -0.2368 -0.6420 0.7292
vn 0.0903 0.6479 -0.7563
vn 0.9118 -0.2342 0.3374
vn 0.5933 0.5578 -0.5804
vn -0.0923 0.6355 -0.7666
vn 0.5595 0.5710 -0.6007
vn -0.9956 -0.0872 -0.0330
vn -0.1963 -0.6451 0.7384
vn 0.4646 0.6015 -0.6499
vn 0.9149 -0.2183 0.3395
vn 0.9134 -0.2318 0.3347
vn 0.2929 0.6358 -0.7141
vn -0.6443 0.4480 -0.6198
vn -0.5104 -0.5879 0.6275
vn -0.2052 0.8814 -0.4254
vn 0.2660 0.1652 -0.9497
vn 0.4979 -0.7088 -0.4997
vn 0.2619 -0.8536 0.4503
vn -0.8605 -0.3533 -0.3670
vn -0.2113 -0.1262 0.9692
vn -0.4383 0.7381 0.5130
vn -0.8756 -0.3968 -0.2753
vn -0.9568 0.1301 0.2600
vn -0.7592 0.5400 0.3632
vn -0.2676 -0.1057 0.9577
vn -0.2692 -0.1280 0.9545
vn 0.6939 -0.2272 0.6833
vn 0.4883 -0.6756 0.5524
vn 0.9595 -0.1168 -0.2564
vn 0.7387 -0.5650 -0.3675
vn 0.2728 0.1189 -0.9547
vn 0.2557 0.0987 -0.9617
vn -0.6906 0.2407 -0.6820
vn -0.5066 0.6511 -0.5652
vn -0.9338 -0.2772 -0.2262
vn -0.8659 -0.3931 -0.3095
vn -0.9038 -0.2565 -0.3427
vn -0.9002 -0.3775 -0.2169
vn -0.0854 0.8014 0.5920
vn 0.5184 -0.6853 0.5115
vn 0.5665 0.2722 -0.7778
vn 0.0998 -0.0133 0.9949
vn 0.7517 -0.5426 -0.3749
vn 0.1479 0.9442 -0.2944
vn 0.8299 0.3120 0.4624
vn 0.9600 0.2064 0.1892
vn 0.8395 0.5030 0.2052
vn 0.7930 0.4746 0.3820
vn 0.9134 0.1780 0.3660
vn 0.9230 0.3690 0.1088
vn -0.6309 0.4254 -0.6488
vn 0.2657 0.1078 -0.9580
vn 0.8961 -0.3185 -0.3090
vn 0.6302 -0.4272 0.6484
vn -0.2665 -0.1096 0.9576
vn -0.8969 0.3167 0.3086
vn -0.6293 0.6494 0.4268
vn -0.2751 -0.1629 0.9475
vn 0.3357 -0.8202 0.4632
vn 0.5931 -0.6773 -0.4352
vn 0.2612 0.1466 -0.9541
vn -0.3716 0.7930 -0.4827
vn -0.8357 0.2138 -0.5058
vn -0.4571 -0.7223 -0.5190
vn -0.8516 -0.4163 0.3187
vn -0.5580 -0.2366 -0.7954
vn -0.5950 -0.8038 -0.0003
vn -0.9897 0.1175 0.0818
vn -0.9403 -0.1717 -0.2940
vn -0.8513 -0.4791 0.2140
vn -0.9572 -0.2337 -0.1707
vn -0.8421 -0.4420 -0.3091
vn -0.8721 -0.3959 -0.2875
vn -0.9412 -0.2684 -0.2053
vn -0.7654 -0.6394 0.0725
vn -0.7687 -0.6260 0.1312
vn -0.8239 -0.5291 0.2033
vn -0.8472 -0.3579 -0.3927
vn -0.8629 -0.3009 -0.4059
vn -0.9190 -0.2006 -0.3394
vn -0.8893 -0.4481 0.0917
vn -0.8216 -0.5700 0.0005
vn -0.7941 -0.6067 -0.0363
vn -0.9082 -0.4037 0.1102
vn 0.9457 0.2856 0.1552
vn -0.8867 -0.3239 0.3300
vn -0.9597 -0.2157 0.1800
vn -0.9954 -0.0928 -0.0244
vn -0.9796 -0.0047 -0.2009
vn -0.8569 -0.4614 0.2301
vn -0.9090 -0.4039 0.1029
vn -0.9567 -0.2381 -0.1673
vn -0.9481 -0.1466 -0.2822
vn 0.9085 0.4141 -0.0568
vn 0.9565 0.2335 0.1746
vn 0.8431 0.4400 0.3091
vn 0.8725 0.3940 0.2890
vn 0.9407 0.2678 0.2081
vn 0.8472 0.5215 0.1015
vn 0.8444 0.5354 0.0174
vn 0.8904 0.4512 -0.0603
vn 0.8638 0.4639 0.1966
vn 0.8843 0.3976 0.2448
vn 0.9349 0.2973 0.1936
vn 0.8880 0.4502 -0.0934
vn 0.8212 0.5706 -0.0030
vn 0.7947 0.6060 0.0342
vn 0.9065 0.4070 -0.1120
vn 0.9434 0.3290 -0.0418
vn 0.9461 0.3130 -0.0835
vn 0.9728 0.2205 0.0709
vn 0.9617 0.2664 0.0650
vn 0.9204 0.3893 -0.0360
vn 0.9082 0.4049 -0.1057
vn 0.9569 0.2361 0.1694
vn 0.9485 0.2931 0.1204
vn 0.0294 -0.2483 0.9682
vn 0.1720 -0.5627 0.8086
vn -0.0479 -0.0670 0.9966
vn 0.3331 -0.7822 -0.5265
vn 0.2096 -0.6406 0.7387
vn -0.2559 0.7325 -0.6308
vn 0.3206 -0.7862 -0.5284
vn -0.0664 0.3324 -0.9408
vn -0.3050 0.8230 -0.4792
vn -0.0822 0.3680 -0.9262
vn -0.2592 0.4702 0.8436
vn 0.2230 -0.6678 0.7102
vn -0.1239 0.4598 -0.8793
vn 0.3315 -0.7765 -0.5359
vn 0.3200 -0.7841 -0.5317
vn -0.1901 0.6006 -0.7766
vn -0.3879 0.9152 0.1091
vn 0.1043 -0.4168 0.9030
vn -0.7114 -0.3198 -0.6258
vn -0.9376 -0.3405 -0.0700
vn -0.7966 -0.3150 -0.5160
vn -0.6811 -0.5607 -0.4709
vn -0.7064 -0.5108 -0.4899
vn -0.7747 -0.3616 -0.5187
vn -0.8350 -0.5467 -0.0628
vn -0.8617 -0.5067 -0.0265
vn -0.9204 -0.3886 -0.0425
vn -0.6281 -0.5277 -0.5719
vn -0.6227 -0.4847 -0.6142
vn -0.6788 -0.3665 -0.6363
vn -0.9071 -0.3736 -0.1938
vn -0.8346 -0.5224 -0.1749
vn -0.8022 -0.5715 -0.1725
vn -0.9219 -0.3264 -0.2087
vn 0.8055 0.3525 0.4763
vn -0.9864 -0.1497 -0.0682
vn -0.9559 -0.1297 -0.2636
vn -0.8649 -0.1221 -0.4869
vn -0.7504 -0.1298 -0.6481
vn -0.9458 -0.3174 -0.0685
vn -0.9192 -0.3301 -0.2145
vn -0.7988 -0.3171 -0.5113
vn -0.7180 -0.2923 -0.6317
vn 0.8999 0.3613 0.2442
vn 0.7942 0.3166 0.5187
vn 0.6815 0.5590 0.4724
vn 0.7056 0.5099 0.4921
vn 0.7730 0.3624 0.5208
vn 0.7987 0.5300 0.2848
vn 0.8381 0.5014 0.2148
vn 0.8944 0.3915 0.2164
vn 0.7563 0.5261 0.3888
vn 0.7369 0.4920 0.4636
vn 0.7813 0.3810 0.4943
vn 0.9073 0.3746 0.1911
vn 0.8355 0.5217 0.1726
vn 0.8036 0.5699 0.1716
vn 0.9220 0.3283 0.2051
vn 0.9039 0.2951 0.3097
vn 0.9217 0.2611 0.2869
vn 0.8529 0.2556 0.4552
vn 0.8564 0.2926 0.4254
vn 0.8950 0.3500 0.2765
vn 0.9201 0.3296 0.2116
vn 0.7975 0.3163 0.5138
vn 0.8256 0.3423 0.4486
vn -0.4755 0.2518 0.8429
vn -0.3505 -0.0963 0.9316
vn -0.5142 0.4219 0.7468
vn 0.3519 -0.9292 0.1134
vn -0.3036 -0.1971 0.9322
vn 0.2350 0.3283 -0.9149
vn 0.3411 -0.9339 0.1073
vn 0.4501 -0.1661 -0.8774
vn 0.1435 0.4794 -0.8658
vn 0.4378 -0.1284 -0.8899
vn -0.5043 0.8117 0.2945
vn -0.2851 -0.2343 0.9294
vn 0.4011 -0.0266 -0.9156
vn 0.3561 -0.9288 0.1031
vn 0.3426 -0.9338 0.1036
vn 0.3288 0.1444 -0.9333
vn -0.1772 0.8421 -0.5094
vn -0.4192 0.0750 0.9048
vn -0.5656 -0.5875 -0.5787
vn -0.9206 -0.1568 -0.3576
vn -0.6649 -0.4915 -0.5624
vn -0.7014 -0.6324 -0.3288
vn -0.6928 -0.6109 -0.3832
vn -0.6686 -0.5267 -0.5249
vn -0.9379 -0.2985 -0.1768
vn -0.9509 -0.2419 -0.1931
vn -0.9375 -0.1697 -0.3037
vn -0.6129 -0.6931 -0.3795
vn -0.5756 -0.6974 -0.4270
vn -0.5583 -0.6299 -0.5400
vn -0.8762 -0.2748 -0.3958
vn -0.8939 -0.3667 -0.2579
vn -0.8917 -0.4009 -0.2101
vn -0.8613 -0.2534 -0.4404
vn 0.7017 0.4852 0.5217
vn -0.8688 -0.0250 -0.4946
vn -0.7783 -0.1621 -0.6066
vn -0.6359 -0.3356 -0.6950
vn -0.4992 -0.4757 -0.7242
vn -0.9166 -0.1395 -0.3747
vn -0.8593 -0.2604 -0.4402
vn -0.6691 -0.4891 -0.5596
vn -0.5559 -0.5733 -0.6019
vn 0.8500 0.3054 0.4292
vn 0.6629 0.4949 0.5618
vn 0.7005 0.6323 0.3309
vn 0.6910 0.6121 0.3845
vn 0.6670 0.5290 0.5247
vn 0.8367 0.4584 0.2997
vn 0.8753 0.3824 0.2960
vn 0.8680 0.3050 0.3919
vn 0.7702 0.5389 0.3410
vn 0.7163 0.5752 0.3951
vn 0.6904 0.5203 0.5026
vn 0.8777 0.2734 0.3937
vn 0.8950 0.3643 0.2575
vn 0.8923 0.3990 0.2112
vn 0.8634 0.2519 0.4372
vn 0.8025 0.3109 0.5092
vn 0.8072 0.2693 0.5252
vn 0.6999 0.4004 0.5915
vn 0.7291 0.4017 0.5541
vn 0.8313 0.3228 0.4525
vn 0.8606 0.2578 0.4392
vn 0.6669 0.4907 0.5608
vn 0.7213 0.4553 0.5220
vn -0.5104 0.8544 0.0975
vn -0.6013 0.6784 0.4222
vn -0.4325 0.8980 -0.0805
vn -0.1924 -0.5644 0.8028
vn -0.6117 0.6072 0.5071
vn 0.6137 -0.5002 -0.6109
vn -0.2019 -0.5707 0.7959
vn 0.5409 -0.8212 -0.1821
vn 0.5975 -0.3536 -0.7197
vn 0.5525 -0.8044 -0.2183
vn -0.1065 0.8123 -0.5735
vn -0.6136 0.5787 0.5372
vn 0.5790 -0.7528 -0.3132
vn -0.1858 -0.5724 0.7987
vn -0.1995 -0.5736 0.7945
vn 0.6072 -0.6456 -0.4632
vn 0.4071 0.1895 -0.8935
vn -0.5673 0.7785 0.2686
vn -0.7249 -0.6244 -0.2910
vn -0.6429 -0.2254 -0.7320
vn -0.7146 -0.5630 -0.4153
vn -0.8782 -0.3806 -0.2898
vn -0.8488 -0.4265 -0.3125
vn -0.7492 -0.5379 -0.3865
vn -0.7880 -0.0962 -0.6082
vn -0.7501 -0.0919 -0.6549
vn -0.6708 -0.1759 -0.7205
vn -0.8631 -0.4618 -0.2044
vn -0.8368 -0.5140 -0.1886
vn -0.7584 -0.6023 -0.2493
vn -0.7013 -0.3047 -0.6445
vn -0.8021 -0.2004 -0.5625
vn -0.8338 -0.1664 -0.5264
vn -0.6693 -0.3425 -0.6593
vn 0.7382 0.5165 0.4340
vn -0.4902 -0.3225 -0.8098
vn -0.5245 -0.4847 -0.7000
vn -0.5580 -0.6446 -0.5226
vn -0.5773 -0.7381 -0.3492
vn -0.6247 -0.2368 -0.7440
vn -0.6736 -0.3448 -0.6538
vn -0.7157 -0.5588 -0.4189
vn -0.7047 -0.6434 -0.2990
vn 0.7040 0.3498 0.6181
vn 0.7161 0.5637 0.4117
vn 0.8772 0.3827 0.2898
vn 0.8484 0.4285 0.3110
vn 0.7500 0.5386 0.3839
vn 0.8317 0.2772 0.4810
vn 0.7975 0.2440 0.5517
vn 0.7200 0.3116 0.6201
vn 0.8470 0.3519 0.3985
vn 0.8341 0.4228 0.3543
vn 0.7609 0.5113 0.3996
vn 0.7013 0.3020 0.6457
vn 0.8011 0.1991 0.5645
vn 0.8325 0.1668 0.5283
vn 0.6699 0.3387 0.6607
vn 0.6678 0.4346 0.6044
vn 0.6364 0.4361 0.6362
vn 0.6619 0.5565 0.5022
vn 0.6862 0.5168 0.5119
vn 0.7027 0.3801 0.6015
vn 0.6725 0.3429 0.6559
vn 0.7154 0.5608 0.4168
vn 0.7271 0.5044 0.4657
vn 0.3297 0.4388 -0.8359
vn 0.0927 0.7050 -0.7031
vn 0.4362 0.2719 -0.8578
vn -0.6657 0.6133 0.4252
vn 0.0197 0.7646 -0.6442
vn 0.0785 -0.8296 0.5527
vn -0.6755 0.6066 0.4192
vn -0.2735 -0.5131 0.8136
vn 0.1967 -0.8842 0.4236
vn -0.2483 -0.5440 0.8015
vn 0.6401 -0.2719 -0.7186
vn -0.0078 0.7845 -0.6200
vn -0.1790 -0.6217 0.7625
vn -0.6672 0.6059 0.4333
vn -0.6760 0.6040 0.4221
vn -0.0581 -0.7344 0.6762
vn 0.5218 -0.8492 -0.0808
vn 0.2122 0.5857 -0.7822
vn -0.8892 -0.4527 0.0666
vn -0.7301 -0.4522 -0.5123
vn -0.8709 -0.4869 -0.0669
vn -0.9677 -0.2314 -0.1002
vn -0.9540 -0.2872 -0.0863
vn -0.8950 -0.4415 -0.0640
vn -0.8241 -0.2419 -0.5122
vn -0.7900 -0.2776 -0.5467
vn -0.7422 -0.4011 -0.5370
vn -0.9700 -0.2425 0.0180
vn -0.9583 -0.2782 0.0654
vn -0.9122 -0.4016 0.0816
vn -0.8020 -0.4413 -0.4025
vn -0.8636 -0.2870 -0.4144
vn -0.8819 -0.2312 -0.4108
vn -0.7830 -0.4869 -0.3871
vn 0.8818 0.4580 0.1128
vn -0.6165 -0.6122 -0.4952
vn -0.6870 -0.6552 -0.3143
vn -0.7513 -0.6548 -0.0819
vn -0.7838 -0.6115 0.1085
vn -0.7167 -0.4729 -0.5125
vn -0.7874 -0.4840 -0.3819
vn -0.8711 -0.4858 -0.0724
vn -0.8758 -0.4770 0.0744
vn 0.8154 0.4576 0.3545
vn 0.8723 0.4848 0.0638
vn 0.9674 0.2332 0.0988
vn 0.9540 0.2878 0.0839
vn 0.8958 0.4402 0.0616
vn 0.9077 0.2856 0.3073
vn 0.8707 0.3138 0.3787
vn 0.8202 0.4265 0.3814
vn 0.9375 0.2856 0.1990
vn 0.9418 0.3141 0.1195
vn 0.8996 0.4268 0.0919
vn 0.8014 0.4401 0.4051
vn 0.8624 0.2875 0.4166
vn 0.8809 0.2330 0.4119
vn 0.7826 0.4847 0.3905
vn 0.8034 0.5213 0.2876
vn 0.7761 0.5504 0.3078
vn 0.8247 0.5498 0.1325
vn 0.8376 0.5200 0.1673
vn 0.8214 0.4701 0.3229
vn 0.7859 0.4842 0.3845
vn 0.8712 0.4860 0.0695
vn 0.8700 0.4716 0.1437
vn 0.3796 -0.2797 -0.8818
vn 0.2365 0.0616 -0.9697
vn 0.4335 -0.4445 -0.7839
vn -0.4359 0.8915 -0.1237
vn 0.1874 0.1614 -0.9689
vn -0.1181 -0.2918 0.9491
vn -0.4476 0.8854 -0.1254
vn -0.3482 0.1961 0.9167
vn -0.0293 -0.4432 0.8960
vn -0.3336 0.1592 0.9292
vn 0.4863 -0.8140 -0.3177
vn 0.1685 0.1982 -0.9656
vn -0.2917 0.0594 0.9547
vn -0.4388 0.8914 -0.1130
vn -0.4486 0.8854 -0.1216
vn -0.2136 -0.1091 0.9708
vn 0.2564 -0.8149 0.5197
vn 0.3121 -0.1070 -0.9440
vn -0.8815 -0.3611 0.3041
vn -0.6199 -0.7840 -0.0322
vn -0.8389 -0.4826 0.2517
vn -0.9308 -0.3650 0.0204
vn -0.9192 -0.3867 0.0741
vn -0.8636 -0.4559 0.2152
vn -0.7146 -0.6681 -0.2073
vn -0.6744 -0.7117 -0.1966
vn -0.6278 -0.7733 -0.0886
vn -0.9544 -0.2809 0.1008
vn -0.9512 -0.2646 0.1590
vn -0.9074 -0.3215 0.2707
vn -0.7107 -0.7033 0.0187
vn -0.7707 -0.6264 -0.1164
vn -0.7900 -0.5919 -0.1600
vn -0.6943 -0.7167 0.0658
vn 0.8416 0.5018 -0.1999
vn -0.5095 -0.8526 0.1159
vn -0.6112 -0.7501 0.2525
vn -0.7168 -0.5800 0.3871
vn -0.7838 -0.4111 0.4655
vn -0.6065 -0.7950 -0.0146
vn -0.6995 -0.7115 0.0663
vn -0.8381 -0.4862 0.2474
vn -0.8695 -0.3681 0.3294
vn 0.7323 0.6783 -0.0593
vn 0.8408 0.4792 -0.2518
vn 0.9307 0.3650 -0.0227
vn 0.9197 0.3852 -0.0760
vn 0.8649 0.4534 -0.2156
vn 0.8336 0.5494 0.0569
vn 0.7839 0.6165 0.0743
vn 0.7325 0.6805 -0.0179
vn 0.8825 0.4703 -0.0061
vn 0.9010 0.4271 -0.0764
vn 0.8633 0.4691 -0.1862
vn 0.7096 0.7044 -0.0162
vn 0.7691 0.6283 0.1171
vn 0.7888 0.5937 0.1591
vn 0.6933 0.7180 -0.0621
vn 0.7321 0.6642 -0.1514
vn 0.7012 0.6936 -0.1648
vn 0.7809 0.5652 -0.2660
vn 0.7876 0.5756 -0.2201
vn 0.7439 0.6625 -0.0878
vn 0.6976 0.7135 -0.0650
vn 0.8387 0.4841 -0.2494
vn 0.8243 0.5323 -0.1930
vn 0.5366 -0.7969 -0.2775
vn 0.4082 -0.6753 -0.6142
vn 0.5735 -0.8150 -0.0826
vn -0.4158 0.3898 -0.8217
vn 0.3587 -0.6205 -0.6973
vn -0.2855 0.5350 0.7951
vn -0.4269 0.3830 -0.8192
vn -0.5112 0.7768 0.3677
vn -0.1869 0.4138 0.8910
vn -0.4987 0.7659 0.4058
vn 0.5447 -0.6753 0.4973
vn 0.3391 -0.5980 -0.7263
vn -0.4611 0.7302 0.5042
vn -0.4206 0.3976 -0.8155
vn -0.4286 0.3857 -0.8170
vn -0.3853 0.6503 0.6547
vn 0.1664 -0.0636 0.9840
vn 0.4797 -0.7483 -0.4582
vn -0.9453 -0.2458 0.2144
vn -0.6147 -0.7449 0.2592
vn -0.8942 -0.3691 0.2534
vn -0.9108 -0.4124 -0.0179
vn -0.9161 -0.3990 0.0394
vn -0.9063 -0.3706 0.2033
vn -0.6503 -0.7590 0.0320
vn -0.6166 -0.7836 0.0755
vn -0.6056 -0.7684 0.2069
vn -0.9533 -0.3020 -0.0089
vn -0.9663 -0.2559 0.0282
vn -0.9589 -0.2351 0.1591
vn -0.7131 -0.6624 0.2296
vn -0.7286 -0.6819 0.0649
vn -0.7331 -0.6801 0.0062
vn -0.7115 -0.6452 0.2783
vn 0.8826 0.4139 -0.2230
vn -0.5545 -0.7048 0.4424
vn -0.6872 -0.5584 0.4647
vn -0.8202 -0.3581 0.4461
vn -0.9003 -0.1847 0.3942
vn -0.6074 -0.7425 0.2826
vn -0.7165 -0.6414 0.2744
vn -0.8923 -0.3743 0.2523
vn -0.9414 -0.2359 0.2412
vn 0.7445 0.6223 -0.2416
vn 0.8959 0.3665 -0.2510
vn 0.9114 0.4112 0.0161
vn 0.9170 0.3968 -0.0399
vn 0.9075 0.3684 -0.2019
vn 0.8028 0.5940 -0.0515
vn 0.7529 0.6522 -0.0887
vn 0.7328 0.6470 -0.2105
vn 0.8646 0.5005 -0.0431
vn 0.9009 0.4286 -0.0688
vn 0.8981 0.3974 -0.1883
vn 0.7114 0.6646 -0.2286
vn 0.7269 0.6836 -0.0658
vn 0.7322 0.6810 -0.0082
vn 0.7095 0.6482 -0.2764
vn 0.7703 0.5597 -0.3057
vn 0.7458 0.5724 -0.3408
vn 0.8461 0.4214 -0.3264
vn 0.8397 0.4562 -0.2947
vn 0.7632 0.5951 -0.2519
vn 0.7143 0.6435 -0.2751
vn 0.8934 0.3715 -0.2525
vn 0.8652 0.4405 -0.2394
vn 0.5620 -0.7377 0.3741
vn 0.5410 -0.8410 0.0087
vn 0.5404 -0.6399 0.5463
vn -0.1456 -0.1890 -0.9711
vn 0.5197 -0.8484 -0.1002
vn -0.4812 0.8419 0.2441
vn -0.1572 -0.1947 -0.9682
vn -0.5644 0.7745 -0.2857
vn -0.4193 0.8083 0.4133
vn -0.5639 0.7882 -0.2464
vn 0.3512 -0.2082 0.9129
vn 0.5101 -0.8485 -0.1407
vn -0.5576 0.8183 -0.1395
vn -0.1517 -0.1798 -0.9720
vn -0.1594 -0.1914 -0.9685
vn -0.5317 0.8458 0.0431
vn -0.1269 0.5140 0.8484
vn 0.5614 -0.8053 0.1906
vn 0.2902 0.8233 -0.4878
vn 0.8008 -0.0353 -0.5979
vn 0.5186 -0.8518 -0.0747
vn -0.2544 -0.8016 0.5411
vn -0.5349 -0.2615 -0.8034
vn -0.7607 0.0673 0.6455
vn -0.4733 0.8726 0.1206
vn -0.6103 -0.2867 -0.7385
vn -0.8619 0.3460 -0.3708
vn -0.6804 0.7085 -0.1875
vn -0.8583 -0.1113 0.5010
vn -0.7976 0.0727 0.5988
vn -0.0077 -0.4571 0.8894
vn -0.0975 -0.6490 0.7545
vn 0.8649 -0.3340 0.3747
vn 0.6612 -0.7301 0.1723
vn 0.8604 0.1220 -0.4948
vn 0.7846 -0.1002 -0.6118
vn 0.0126 0.4680 -0.8836
vn 0.0852 0.6262 -0.7750
vn -0.6570 -0.1528 -0.7382
vn -0.5818 -0.2901 -0.7598
vn -0.5607 -0.1563 -0.8131
vn -0.6592 -0.2545 -0.7076
vn -0.2307 0.8890 0.3955
vn -0.0524 -0.6700 0.7405
vn 0.9582 0.0472 -0.2822
vn -0.5081 0.1303 0.8514
vn 0.6808 -0.7116 0.1737
vn 0.5025 0.8475 -0.1713
vn 0.4458 0.2417 0.8619
vn 0.6830 0.0737 0.7267
vn 0.6474 0.3848 0.6579
vn 0.5012 0.3930 0.7709
vn 0.5367 0.0820 0.8397
vn 0.7384 0.2251 0.6357
vn -0.0139 0.4135 -0.9104
vn 0.7923 -0.0924 -0.6031
vn 0.8055 -0.5067 0.3072
vn 0.0132 -0.4152 0.9097
vn -0.7931 0.0907 0.6023
vn -0.8063 0.5049 -0.3080
vn -0.5917 0.8039 -0.0613
vn -0.8060 0.0386 0.5906
vn -0.1970 -0.7791 0.5952
vn 0.5620 -0.8264 0.0334
vn 0.7953 -0.0533 -0.6038
vn 0.1742 0.7554 -0.6317
vn -0.3052 0.2641 -0.9149
vn -0.2161 -0.7113 -0.6689
vn -0.9439 -0.2143 -0.2514
vn -0.0221 -0.2663 -0.9636
vn -0.6457 -0.6847 -0.3380
vn -0.7911 0.2899 -0.5387
vn -0.5983 -0.0600 -0.7990
vn -0.8966 -0.2923 -0.3326
vn -0.6978 -0.0978 -0.7095
vn -0.5747 -0.3416 -0.7437
vn -0.6002 -0.2883 -0.7461
vn -0.6730 -0.1397 -0.7263
vn -0.7835 -0.4851 -0.3884
vn -0.8173 -0.4621 -0.3441
vn -0.8804 -0.3472 -0.3231
vn -0.5105 -0.2723 -0.8156
vn -0.5021 -0.2164 -0.8373
vn -0.5618 -0.0989 -0.8214
vn -0.8475 -0.2755 -0.4537
vn -0.7692 -0.4199 -0.4816
vn -0.7346 -0.4660 -0.4931
vn -0.8630 -0.2262 -0.4517
vn 0.7098 0.1477 0.6888
vn -0.9568 -0.1168 -0.2664
vn -0.9011 -0.0236 -0.4329
vn -0.7811 0.0691 -0.6205
vn -0.6454 0.1240 -0.7537
vn -0.9064 -0.2715 -0.3237
vn -0.8593 -0.2275 -0.4580
vn -0.7005 -0.1016 -0.7064
vn -0.6056 -0.0323 -0.7951
vn 0.8343 0.2448 0.4940
vn 0.6950 0.0983 0.7123
vn 0.5750 0.3394 0.7444
vn 0.5991 0.2867 0.7476
vn 0.6709 0.1397 0.7283
vn 0.7183 0.3848 0.5796
vn 0.7686 0.3853 0.5107
vn 0.8307 0.2833 0.4792
vn 0.6625 0.3413 0.6668
vn 0.6351 0.2811 0.7195
vn 0.6816 0.1670 0.7124
vn 0.8480 0.2774 0.4516
vn 0.7705 0.4201 0.4794
vn 0.7362 0.4649 0.4918
vn 0.8635 0.2293 0.4492
vn 0.8333 0.1587 0.5296
vn 0.8561 0.1360 0.4986
vn 0.7654 0.0664 0.6401
vn 0.7707 0.1119 0.6273
vn 0.8257 0.2220 0.5186
vn 0.8606 0.2281 0.4553
vn 0.6989 0.0999 0.7082
vn 0.7340 0.1489 0.6626
vn -0.6007 -0.0912 0.7942
vn -0.4679 -0.4462 0.7629
vn -0.6362 0.1026 0.7647
vn 0.3894 -0.9005 -0.1938
vn -0.4155 -0.5394 0.7324
vn 0.3372 0.6538 -0.6774
vn 0.3798 -0.9026 -0.2028
vn 0.5751 0.1835 -0.7973
vn 0.2308 0.7743 -0.5893
vn 0.5623 0.2230 -0.7963
vn -0.5886 0.6356 0.4996
vn -0.3945 -0.5726 0.7187
vn 0.5233 0.3268 -0.7870
vn 0.3949 -0.8962 -0.2024
vn 0.3818 -0.9010 -0.2058
vn 0.4437 0.4912 -0.7496
vn -0.1572 0.9720 -0.1749
vn -0.5427 -0.2780 0.7926
vn -0.2598 -0.2949 -0.9195
vn -0.7659 -0.1888 -0.6146
vn -0.3892 -0.2586 -0.8841
vn -0.3817 -0.5095 -0.7712
vn -0.3789 -0.4599 -0.8031
vn -0.3812 -0.3080 -0.8717
vn -0.7372 -0.4051 -0.5407
vn -0.7702 -0.3560 -0.5292
vn -0.7796 -0.2340 -0.5810
vn -0.2738 -0.5023 -0.8202
vn -0.2350 -0.4681 -0.8518
vn -0.2388 -0.3474 -0.9068
vn -0.6772 -0.2459 -0.6935
vn -0.6657 -0.3996 -0.6302
vn -0.6531 -0.4523 -0.6073
vn -0.6692 -0.1999 -0.7157
vn 0.4279 0.2873 0.8569
vn -0.7614 0.0052 -0.6482
vn -0.6187 -0.0117 -0.7855
vn -0.4154 -0.0550 -0.9080
vn -0.2337 -0.1072 -0.9664
vn -0.7679 -0.1646 -0.6190
vn -0.6646 -0.2049 -0.7185
vn -0.3942 -0.2596 -0.8816
vn -0.2551 -0.2680 -0.9290
vn 0.6393 0.2431 0.7295
vn 0.3861 0.2611 0.8847
vn 0.3807 0.5080 0.7726
vn 0.3768 0.4595 0.8043
vn 0.3788 0.3094 0.8722
vn 0.5752 0.4305 0.6956
vn 0.6404 0.3850 0.6646
vn 0.6581 0.2690 0.7032
vn 0.4805 0.4503 0.7526
vn 0.4137 0.4323 0.8012
vn 0.4050 0.3219 0.8558
vn 0.6792 0.2464 0.6914
vn 0.6676 0.3983 0.6290
vn 0.6544 0.4503 0.6074
vn 0.6719 0.2011 0.7128
vn 0.5889 0.1886 0.7859
vn 0.6084 0.1489 0.7795
vn 0.4551 0.1818 0.8717
vn 0.4836 0.2125 0.8491
vn 0.6140 0.2381 0.7525
vn 0.6669 0.2037 0.7168
vn 0.3915 0.2594 0.8829
vn 0.4575 0.2696 0.8474
vn -0.8062 0.4584 0.3740
vn -0.8402 0.1133 0.5303
vn -0.7413 0.6148 0.2693
vn -0.0042 -0.9439 0.3302
vn -0.8270 0.0075 0.5621
vn 0.7934 0.1342 -0.5937
vn -0.0101 -0.9477 0.3189
vn 0.8262 -0.3763 -0.4193
vn 0.7279 0.3042 -0.6145
vn 0.8325 -0.3395 -0.4378
vn -0.3800 0.9201 -0.0952
vn -0.8195 -0.0321 0.5722
vn 0.8423 -0.2386 -0.4834
vn 0.0051 -0.9459 0.3245
vn -0.0068 -0.9484 0.3169
vn 0.8352 -0.0632 -0.5462
vn 0.3522 0.7670 -0.5364
vn -0.8389 0.2870 0.4625
vn -0.2348 -0.5719 -0.7860
vn -0.5424 -0.0589 -0.8380
vn -0.2997 -0.4595 -0.8361
vn -0.4971 -0.5531 -0.6686
vn -0.4536 -0.5424 -0.7071
vn -0.3326 -0.4871 -0.8075
vn -0.6940 -0.1650 -0.7008
vn -0.6817 -0.1104 -0.7232
vn -0.5901 -0.0600 -0.8051
vn -0.4123 -0.6349 -0.6534
vn -0.3565 -0.6529 -0.6683
vn -0.2615 -0.6081 -0.7496
vn -0.5124 -0.1872 -0.8381
vn -0.6278 -0.2515 -0.7366
vn -0.6619 -0.2776 -0.6963
vn -0.4698 -0.1759 -0.8651
vn 0.3508 0.4408 0.8262
vn -0.3919 0.0389 -0.9192
vn -0.2871 -0.1274 -0.9494
vn -0.1641 -0.3338 -0.9283
vn -0.0725 -0.4972 -0.8646
vn -0.5253 -0.0455 -0.8497
vn -0.4700 -0.1831 -0.8635
vn -0.3041 -0.4561 -0.8364
vn -0.2105 -0.5633 -0.7990
vn 0.4794 0.2266 0.8479
vn 0.2994 0.4631 0.8342
vn 0.4951 0.5535 0.6697
vn 0.4517 0.5440 0.7071
vn 0.3320 0.4896 0.8063
vn 0.5798 0.3569 0.7325
vn 0.5946 0.2760 0.7551
vn 0.5151 0.2173 0.8291
vn 0.5222 0.4528 0.7227
vn 0.4568 0.5057 0.7319
vn 0.3612 0.4737 0.8032
vn 0.5144 0.1852 0.8373
vn 0.6284 0.2490 0.7370
vn 0.6613 0.2758 0.6976
vn 0.4729 0.1736 0.8638
vn 0.3968 0.2526 0.8825
vn 0.3817 0.2139 0.8992
vn 0.2891 0.3697 0.8830
vn 0.3342 0.3602 0.8710
vn 0.4552 0.2504 0.8545
vn 0.4709 0.1802 0.8636
vn 0.3020 0.4581 0.8360
vn 0.3590 0.4085 0.8392
vn -0.2596 0.9310 -0.2567
vn -0.5606 0.8267 -0.0488
vn -0.0848 0.9321 -0.3521
vn -0.7483 -0.3890 0.5373
vn -0.6345 0.7728 0.0144
vn 0.7213 -0.6856 -0.0987
vn -0.7532 -0.3947 0.5263
vn 0.3404 -0.9172 0.2069
vn 0.8058 -0.5577 -0.1992
vn 0.3745 -0.9086 0.1847
vn 0.4379 0.7161 -0.5435
vn -0.6602 0.7501 0.0380
vn 0.4624 -0.8780 0.1239
vn -0.7427 -0.3984 0.5382
vn -0.7511 -0.3980 0.5266
vn 0.5966 -0.8023 0.0188
vn 0.8831 -0.0258 -0.4684
vn -0.4213 0.8939 -0.1530
vn -0.5356 -0.5355 -0.6530
vn -0.1227 -0.2313 -0.9651
vn -0.4408 -0.4973 -0.7472
vn -0.6001 -0.2728 -0.7520
vn -0.5743 -0.3260 -0.7509
vn -0.4789 -0.4626 -0.7461
vn -0.2787 -0.0618 -0.9584
vn -0.2209 -0.0714 -0.9727
vn -0.1399 -0.1767 -0.9743
vn -0.6569 -0.3406 -0.6727
vn -0.6575 -0.3932 -0.6427
vn -0.5811 -0.5017 -0.6408
vn -0.2375 -0.2849 -0.9287
vn -0.3402 -0.1537 -0.9277
vn -0.3782 -0.1096 -0.9192
vn -0.2125 -0.3293 -0.9200
vn 0.4377 0.4512 0.7777
vn 0.0195 -0.3633 -0.9314
vn -0.1083 -0.4980 -0.8604
vn -0.2747 -0.6197 -0.7352
vn -0.4126 -0.6797 -0.6065
vn -0.1041 -0.2474 -0.9633
vn -0.2196 -0.3299 -0.9181
vn -0.4387 -0.4937 -0.7509
vn -0.5196 -0.5586 -0.6465
vn 0.2653 0.3241 0.9081
vn 0.4443 0.4972 0.7453
vn 0.5998 0.2750 0.7514
vn 0.5754 0.3277 0.7494
vn 0.4812 0.4628 0.7445
vn 0.4284 0.2105 0.8787
vn 0.3528 0.1952 0.9151
vn 0.2679 0.2846 0.9204
vn 0.5056 0.2674 0.8203
vn 0.5376 0.3315 0.7753
vn 0.4742 0.4369 0.7644
vn 0.2362 0.2824 0.9298
vn 0.3379 0.1529 0.9287
vn 0.3762 0.1105 0.9199
vn 0.2113 0.3257 0.9216
vn 0.2645 0.4103 0.8727
vn 0.2218 0.4221 0.8790
vn 0.3474 0.5136 0.7846
vn 0.3517 0.4725 0.8081
vn 0.2809 0.3511 0.8932
vn 0.2170 0.3286 0.9192
vn 0.4401 0.4953 0.7490
vn 0.4077 0.4463 0.7966
vn 0.8459 0.2388 -0.4768
vn 0.6444 0.5581 -0.5227
vn 0.9036 0.0555 -0.4247
vn -0.6272 0.7744 -0.0836
vn 0.5667 0.6376 -0.5218
vn -0.4516 -0.7317 0.5106
vn -0.6328 0.7685 -0.0941
vn -0.8061 -0.3240 0.4952
vn -0.2965 -0.8249 0.4812
vn -0.7865 -0.3601 0.5018
vn 0.8569 -0.4849 -0.1749
vn 0.5358 0.6654 -0.5198
vn -0.7274 -0.4534 0.5151
vn -0.6348 0.7688 -0.0778
vn -0.6356 0.7665 -0.0920
vn -0.6085 -0.5968 0.5231
vn 0.2599 -0.9252 0.2767
vn 0.7566 0.4097 -0.5096
vn -0.8338 -0.2840 -0.4735
vn -0.3709 -0.4025 -0.8369
vn -0.7491 -0.3417 -0.5675
vn -0.7468 -0.0825 -0.6599
vn -0.7569 -0.1368 -0.6390
vn -0.7592 -0.2931 -0.5811
vn -0.3962 -0.1823 -0.8999
vn -0.3576 -0.2282 -0.9056
vn -0.3542 -0.3547 -0.8653
vn -0.8203 -0.0739 -0.5671
vn -0.8471 -0.1030 -0.5213
vn -0.8488 -0.2281 -0.4770
vn -0.4887 -0.3625 -0.7936
vn -0.4944 -0.2041 -0.8449
vn -0.4981 -0.1462 -0.8547
vn -0.4933 -0.4074 -0.7685
vn 0.7242 0.3191 0.6113
vn -0.3290 -0.5741 -0.7498
vn -0.4995 -0.5754 -0.6476
vn -0.6856 -0.5272 -0.5020
vn -0.8125 -0.4491 -0.3717
vn -0.3651 -0.4248 -0.8284
vn -0.4991 -0.4031 -0.7671
vn -0.7458 -0.3415 -0.5720
vn -0.8335 -0.3086 -0.4584
vn 0.5309 0.3685 0.7632
vn 0.7516 0.3390 0.5659
vn 0.7478 0.0841 0.6586
vn 0.7585 0.1370 0.6371
vn 0.7610 0.2913 0.5796
vn 0.5912 0.1783 0.7866
vn 0.5269 0.2233 0.8200
vn 0.5117 0.3417 0.7883
vn 0.6778 0.1561 0.7185
vn 0.7342 0.1703 0.6572
vn 0.7432 0.2826 0.6065
vn 0.4864 0.3618 0.7953
vn 0.4923 0.2052 0.8459
vn 0.4971 0.1483 0.8550
vn 0.4905 0.4060 0.7711
vn 0.5753 0.4217 0.7009
vn 0.5488 0.4577 0.6995
vn 0.6892 0.4210 0.5897
vn 0.6720 0.3955 0.6261
vn 0.5569 0.3745 0.7413
vn 0.4964 0.4040 0.7683
vn 0.7477 0.3412 0.5697
vn 0.7001 0.3392 0.6284
vn 0.7481 -0.4760 -0.4623
vn 0.7660 -0.1344 -0.6287
vn 0.6951 -0.6296 -0.3471
vn -0.0637 0.9194 -0.3882
vn 0.7500 -0.0291 -0.6607
vn -0.7142 -0.1124 0.6909
vn -0.0731 0.9151 -0.3965
vn -0.7631 0.3951 0.5114
vn -0.6484 -0.2828 0.7068
vn -0.7675 0.3588 0.5313
vn 0.3790 -0.9231 0.0659
vn 0.7417 0.0104 -0.6706
vn -0.7725 0.2589 0.5798
vn -0.0722 0.9215 -0.3815
vn -0.0762 0.9159 -0.3942
vn -0.7596 0.0846 0.6449
vn -0.2905 -0.7519 0.5918
vn 0.7713 -0.3068 -0.5576
vn -0.9461 -0.1580 -0.2827
vn -0.6419 -0.6666 -0.3791
vn -0.9099 -0.2917 -0.2950
vn -0.8191 -0.1992 -0.5379
vn -0.8465 -0.2136 -0.4876
vn -0.9017 -0.2675 -0.3398
vn -0.5866 -0.5663 -0.5790
vn -0.5715 -0.6136 -0.5449
vn -0.6125 -0.6639 -0.4290
vn -0.8655 -0.1006 -0.4908
vn -0.8933 -0.0759 -0.4430
vn -0.9376 -0.1206 -0.3261
vn -0.7239 -0.5649 -0.3960
vn -0.6740 -0.5019 -0.5420
vn -0.6556 -0.4721 -0.5893
vn -0.7418 -0.5730 -0.3483
vn 0.8860 0.3182 0.3373
vn -0.6584 -0.7276 -0.1925
vn -0.7942 -0.5892 -0.1486
vn -0.9164 -0.3848 -0.1106
vn -0.9760 -0.1968 -0.0938
vn -0.6442 -0.6766 -0.3567
vn -0.7450 -0.5671 -0.3512
vn -0.9076 -0.2960 -0.2978
vn -0.9531 -0.1627 -0.2551
vn 0.7589 0.5305 0.3776
vn 0.9107 0.2880 0.2963
vn 0.8204 0.1989 0.5360
vn 0.8477 0.2118 0.4864
vn 0.9023 0.2647 0.3403
vn 0.7403 0.4071 0.5351
vn 0.7066 0.4833 0.5168
vn 0.7353 0.5393 0.4105
vn 0.7971 0.3119 0.5170
vn 0.8429 0.2556 0.4735
vn 0.8874 0.2851 0.3622
vn 0.7219 0.5666 0.3974
vn 0.6727 0.5041 0.5416
vn 0.6556 0.4740 0.5879
vn 0.7392 0.5751 0.3506
vn 0.8094 0.5020 0.3047
vn 0.8000 0.5336 0.2745
vn 0.8920 0.3792 0.2461
vn 0.8726 0.3956 0.2864
vn 0.7809 0.5087 0.3625
vn 0.7432 0.5695 0.3510
vn 0.9087 0.2935 0.2967
vn 0.8754 0.3518 0.3314
vn 0.3985 -0.9082 0.1279
vn 0.5235 -0.8229 -0.2210
vn 0.3089 -0.9006 0.3057
vn 0.2466 0.3158 -0.9162
vn 0.5462 -0.7747 -0.3186
vn -0.5660 0.6952 0.4432
vn 0.2349 0.3114 -0.9208
vn -0.4361 0.8990 -0.0403
vn -0.5730 0.5764 0.5826
vn -0.4512 0.8924 -0.0021
vn -0.0213 -0.6669 0.7449
vn 0.5529 -0.7542 -0.3542
vn -0.4877 0.8673 0.1000
vn 0.2410 0.3252 -0.9144
vn 0.2329 0.3147 -0.9202
vn -0.5351 0.8012 0.2678
vn -0.4613 0.0687 0.8846
vn 0.4711 -0.8806 -0.0516
vn -0.9169 -0.0497 -0.3960
vn -0.7996 -0.5826 -0.1456
vn -0.9280 -0.1718 -0.3305
vn -0.7919 -0.2548 -0.5549
vn -0.8266 -0.2317 -0.5129
vn -0.9084 -0.1793 -0.3776
vn -0.6975 -0.6269 -0.3472
vn -0.7023 -0.6494 -0.2916
vn -0.7673 -0.6153 -0.1809
vn -0.8051 -0.1389 -0.5766
vn -0.8265 -0.0860 -0.5564
vn -0.8926 -0.0459 -0.4485
vn -0.8400 -0.4909 -0.2311
vn -0.7600 -0.5337 -0.3708
vn -0.7288 -0.5407 -0.4202
vn -0.8634 -0.4665 -0.1920
vn 0.9114 0.2222 0.3463
vn -0.8510 -0.5240 0.0354
vn -0.9339 -0.3562 -0.0316
vn -0.9809 -0.1424 -0.1329
vn -0.9733 0.0313 -0.2276
vn -0.8070 -0.5776 -0.1226
vn -0.8641 -0.4626 -0.1981
vn -0.9271 -0.1774 -0.3301
vn -0.9273 -0.0364 -0.3726
vn 0.8624 0.4448 0.2418
vn 0.9274 0.1694 0.3335
vn 0.7932 0.2532 0.5538
vn 0.8271 0.2293 0.5132
vn 0.9080 0.1773 0.3795
vn 0.7899 0.4381 0.4291
vn 0.7861 0.4970 0.3675
vn 0.8407 0.4757 0.2587
vn 0.8118 0.3384 0.4759
vn 0.8387 0.2583 0.4795
vn 0.8994 0.2092 0.3838
vn 0.8386 0.4934 0.2308
vn 0.7596 0.5355 0.3690
vn 0.7295 0.5414 0.4181
vn 0.8614 0.4701 0.1922
vn 0.9057 0.3693 0.2083
vn 0.9101 0.3801 0.1651
vn 0.9453 0.2189 0.2418
vn 0.9297 0.2589 0.2621
vn 0.8767 0.4136 0.2457
vn 0.8633 0.4649 0.1963
vn 0.9275 0.1745 0.3307
vn 0.9136 0.2483 0.3220
vn 0.0500 -0.7502 0.6593
vn 0.2242 -0.9059 0.3592
vn -0.0453 -0.6239 0.7802
vn 0.4125 -0.3158 -0.8545
vn 0.2698 -0.9272 0.2600
vn -0.3256 0.9376 -0.1221
vn 0.4004 -0.3190 -0.8590
vn -0.0954 0.8006 -0.5915
vn -0.3842 0.9218 0.0509
vn -0.1148 0.8202 -0.5604
vn -0.3089 -0.1138 0.9443
vn 0.2860 -0.9322 0.2220
vn -0.1657 0.8656 -0.4726
vn 0.4103 -0.3060 -0.8591
vn 0.3997 -0.3155 -0.8606
vn -0.2462 0.9174 -0.3126
vn -0.4786 0.6572 0.5823
vn 0.1418 -0.8453 0.5151
vt 0.035405 0.463568
vt 0.030259 0.694208
vt 0.011235 0.674925
vt 0.018238 0.441408
vt 0.028225 0.695674
vt 0.010773 0.675312
vt 0.088757 0.663979
vt 0.098179 0.431732
vt 0.089452 0.453267
vt 0.075472 0.681708
vt 0.076877 0.470820
vt 0.063090 0.698606
vt 0.057139 0.477240
vt 0.045372 0.705189
vt 0.089961 0.664423
vt 0.078457 0.682809
vt 0.066014 0.699069
vt 0.048099 0.704188
vt 0.062811 0.621346
vt 0.063365 0.670995
vt 0.066954 0.668488
vt 0.068046 0.617689
vt 0.067139 0.663076
vt 0.068315 0.609796
vt 0.063733 0.660172
vt 0.063348 0.605561
vt 0.060143 0.662679
vt 0.058113 0.609217
vt 0.426570 0.508001
vt 0.426884 0.497061
vt 0.394369 0.797796
vt 0.392214 0.872835
vt 0.059959 0.668091
vt 0.057844 0.617110
vt 0.438509 0.508803
vt 0.432382 0.513872
vt 0.432084 0.913106
vt 0.474110 0.878338
vt 0.056776 0.239854
vt 0.056776 0.391527
vt 0.063487 0.391527
vt 0.063487 0.239854
vt 0.056917 0.468987
vt 0.057059 0.546448
vt 0.063731 0.547313
vt 0.063609 0.469420
vt 0.056956 0.468296
vt 0.057136 0.545066
vt 0.063686 0.468038
vt 0.063885 0.544549
vt 0.070199 0.239854
vt 0.070199 0.391527
vt 0.070378 0.468470
vt 0.070557 0.545414
vt 0.070339 0.469161
vt 0.070480 0.546796
vt 0.433010 0.491993
vt 0.438823 0.497864
vt 0.476265 0.803299
vt 0.436395 0.763028
vt 0.396202 0.893692
vt 0.432307 0.930161
vt 0.436211 0.794253
vt 0.398153 0.825738
vt 0.470365 0.898676
vt 0.472317 0.830721
vt 0.434273 0.879763
vt 0.205792 0.517569
vt 0.205524 0.537820
vt 0.224368 0.537835
vt 0.225525 0.517568
vt 0.165121 0.517568
vt 0.166279 0.537835
vt 0.185122 0.537820
vt 0.184854 0.517569
vt 0.195323 0.517568
vt 0.195323 0.537819
vt 0.192100 0.252098
vt 0.192100 0.301785
vt 0.203223 0.301758
vt 0.201342 0.252060
vt 0.195323 0.485790
vt 0.205308 0.485790
vt 0.164336 0.251909
vt 0.159069 0.301586
vt 0.180976 0.301758
vt 0.182857 0.252060
vt 0.166132 0.485794
vt 0.185338 0.485790
vt 0.225130 0.301586
vt 0.219863 0.251909
vt 0.224514 0.485794
vt 0.170714 0.566453
vt 0.183925 0.615622
vt 0.184011 0.566435
vt 0.195323 0.627200
vt 0.195250 0.566541
vt 0.206721 0.615622
vt 0.206490 0.566646
vt 0.219680 0.566919
vt 0.165459 0.519522
vt 0.161023 0.490903
vt 0.144828 0.350235
vt 0.146177 0.307874
vt 0.178669 0.568690
vt 0.152063 0.239018
vt 0.219112 0.490903
vt 0.214424 0.519988
vt 0.212856 0.189341
vt 0.218123 0.239018
vt 0.201466 0.568690
vt 0.224009 0.307874
vt 0.190067 0.580269
vt 0.157329 0.189341
vt 0.225357 0.350235
s 0
usemtl Material.001
f 18/1/1 14/2/1 4/3/1 6/4/1
f 7/5/2 18/1/2 6/4/2 3/6/2
f 1/7/3 5/8/3 15/9/3 10/10/3
f 10/10/4 15/9/4 16/11/4 9/12/4
f 9/12/5 16/11/5 17/13/5 8/14/5
f 8/14/6 17/13/6 18/1/6 7/5/6
f 5/8/7 2/15/7 11/16/7 15/9/7
f 15/9/8 11/16/8 12/17/8 16/11/8
f 16/11/9 12/17/9 13/18/9 17/13/9
f 17/13/10 13/18/10 14/2/10 18/1/10
f 36/1/11 32/2/11 22/3/11 24/4/11
f 25/5/12 36/1/12 24/4/12 21/6/12
f 19/7/13 23/8/13 33/9/13 28/10/13
f 28/10/14 33/9/14 34/11/14 27/12/14
f 27/12/15 34/11/15 35/13/15 26/14/15
f 26/14/16 35/13/16 36/1/16 25/5/16
f 23/8/17 20/15/17 29/16/17 33/9/17
f 33/9/18 29/16/18 30/17/18 34/11/18
f 34/11/19 30/17/19 31/18/19 35/13/19
f 35/13/20 31/18/20 32/2/20 36/1/20
f 54/1/21 50/2/21 40/3/21 42/4/21
f 43/5/22 54/1/22 42/4/22 39/6/22
f 37/7/23 41/8/23 51/9/23 46/10/23
f 46/10/24 51/9/24 52/11/24 45/12/24
f 45/12/25 52/11/25 53/13/25 44/14/25
f 44/14/26 53/13/26 54/1/26 43/5/26
f 41/8/27 38/15/27 47/16/27 51/9/27
f 51/9/28 47/16/28 48/17/28 52/11/28
f 52/11/29 48/17/29 49/18/29 53/13/29
f 53/13/30 49/18/30 50/2/30 54/1/30
f 72/1/31 68/2/31 58/3/31 60/4/31
f 61/5/32 72/1/32 60/4/32 57/6/32
f 55/7/33 59/8/33 69/9/33 64/10/33
f 64/10/34 69/9/34 70/11/34 63/12/34
f 63/12/35 70/11/35 71/13/35 62/14/35
f 62/14/36 71/13/36 72/1/36 61/5/36
f 59/8/37 56/15/37 65/16/37 69/9/37
f 69/9/38 65/16/38 66/17/38 70/11/38
f 70/11/39 66/17/39 67/18/39 71/13/39
f 71/13/40 67/18/40 68/2/40 72/1/40
f 116/19/41 74/20/41 76/21/41 117/22/41
f 117/22/42 76/21/42 78/23/42 118/24/42
f 118/24/43 78/23/43 80/25/43 119/26/43
f 119/26/44 80/25/44 82/27/44 120/28/44
f 84/29/45 82/30/45 101/31/45 102/32/45
f 120/28/46 82/27/46 84/33/46 121/34/46
f 121/34/47 84/33/47 74/20/47 116/19/47
f 76/35/48 74/36/48 97/37/48 98/38/48
f 83/39/49 96/40/49 85/41/49 73/42/49
f 115/43/50 95/44/50 86/45/50 110/46/50
f 81/39/51 94/40/51 96/40/51 83/39/51
f 114/47/52 93/48/52 95/44/52 115/43/52
f 79/42/53 92/41/53 94/40/53 81/39/53
f 113/49/54 91/50/54 93/48/54 114/47/54
f 77/51/55 90/52/55 92/41/55 79/42/55
f 112/53/56 89/54/56 91/50/56 113/49/56
f 75/51/57 88/52/57 90/52/57 77/51/57
f 111/55/58 87/56/58 89/54/58 112/53/58
f 73/42/59 85/41/59 88/52/59 75/51/59
f 110/46/60 86/45/60 87/56/60 111/55/60
f 80/57/61 78/58/61 99/59/61 100/60/61
f 74/36/62 84/29/62 102/32/62 97/37/62
f 82/30/63 80/57/63 100/60/63 101/31/63
f 78/58/64 76/35/64 98/38/64 99/59/64
f 97/37/65 102/32/65 108/61/65 103/62/65
f 101/31/66 100/60/66 106/63/66 107/64/66
f 99/59/67 98/38/67 104/65/67 105/66/67
f 102/32/68 101/31/68 107/64/68 108/61/68
f 100/60/69 99/59/69 105/66/69 106/63/69
f 98/38/70 97/37/70 103/62/70 104/65/70
f 108/61/71 107/64/71 109/67/71
f 106/63/72 105/66/72 109/67/72
f 104/65/73 103/62/73 109/67/73
f 103/62/74 108/61/74 109/67/74
f 107/64/75 106/63/75 109/67/75
f 105/66/76 104/65/76 109/67/76
f 85/41/77 110/46/77 111/55/77 88/52/77
f 88/52/78 111/55/78 112/53/78 90/52/78
f 90/52/79 112/53/79 113/49/79 92/41/79
f 92/41/80 113/49/80 114/47/80 94/40/80
f 94/40/81 114/47/81 115/43/81 96/40/81
f 96/40/82 115/43/82 110/46/82 85/41/82
f 95/44/83 121/34/83 116/19/83 86/45/83
f 93/48/84 120/28/84 121/34/84 95/44/84
f 91/50/85 119/26/85 120/28/85 93/48/85
f 89/54/86 118/24/86 119/26/86 91/50/86
f 87/56/87 117/22/87 118/24/87 89/54/87
f 86/45/88 116/19/88 117/22/88 87/56/88
f 117/22/89 116/19/89 122/19/89 123/22/89
f 119/26/90 118/24/90 124/24/90 125/26/90
f 121/34/91 120/28/91 126/28/91 127/34/91
f 118/24/92 117/22/92 123/22/92 124/24/92
f 120/28/93 119/26/93 125/26/93 126/28/93
f 116/19/94 121/34/94 127/34/94 122/19/94
f 147/68/95 160/69/95 131/70/95 141/71/95
f 136/72/96 130/73/96 159/74/96 144/75/96
f 152/76/97 158/77/97 160/69/97 147/68/97
f 148/78/98 150/79/98 145/80/98 133/81/98
f 150/79/99 151/82/99 146/83/99 145/80/99
f 151/82/100 152/76/100 147/68/100 146/83/100
f 128/84/101 138/85/101 142/86/101 132/87/101
f 138/85/102 137/88/102 143/89/102 142/86/102
f 137/88/103 136/72/103 144/75/103 143/89/103
f 133/81/104 145/80/104 139/90/104 129/91/104
f 145/80/105 146/83/105 140/92/105 139/90/105
f 146/83/106 147/68/106 141/71/106 140/92/106
f 143/89/107 144/75/107 152/76/107 151/82/107
f 142/86/108 143/89/108 151/82/108 150/79/108
f 132/87/109 142/86/109 150/79/109 148/78/109
f 144/75/110 159/74/110 158/77/110 152/76/110
f 180/68/111 174/71/111 164/70/111 193/69/111
f 154/93/112 135/94/112 153/95/112
f 153/95/113 135/94/113 149/96/113 157/97/113
f 157/97/114 149/96/114 134/98/114 156/99/114
f 156/99/115 134/98/115 155/100/115
f 130/73/116 154/93/116 153/95/116 159/74/116
f 159/74/117 153/95/117 157/97/117 158/77/117
f 158/77/118 157/97/118 156/99/118 160/69/118
f 160/69/119 156/99/119 155/100/119 131/70/119
f 169/72/120 177/75/120 192/74/120 163/73/120
f 185/76/121 180/68/121 193/69/121 191/77/121
f 181/78/122 166/81/122 178/80/122 183/79/122
f 183/79/123 178/80/123 179/83/123 184/82/123
f 184/82/124 179/83/124 180/68/124 185/76/124
f 161/84/125 165/87/125 175/86/125 171/85/125
f 171/85/126 175/86/126 176/89/126 170/88/126
f 170/88/127 176/89/127 177/75/127 169/72/127
f 166/81/128 162/91/128 172/90/128 178/80/128
f 178/80/129 172/90/129 173/92/129 179/83/129
f 179/83/130 173/92/130 174/71/130 180/68/130
f 176/89/131 184/82/131 185/76/131 177/75/131
f 175/86/132 183/79/132 184/82/132 176/89/132
f 165/87/133 181/78/133 183/79/133 175/86/133
f 177/75/134 185/76/134 191/77/134 192/74/134
f 187/93/135 186/95/135 168/94/135
f 186/95/136 190/97/136 182/96/136 168/94/136
f 190/97/137 189/99/137 167/98/137 182/96/137
f 189/99/138 188/100/138 167/98/138
f 163/73/139 192/74/139 186/95/139 187/93/139
f 192/74/140 191/77/140 190/97/140 186/95/140
f 191/77/141 193/69/141 189/99/141 190/97/141
f 193/69/142 164/70/142 188/100/142 189/99/142
f 154/101/143 130/102/143 163/102/143 187/101/143
f 136/103/144 137/104/144 170/104/144 169/103/144
f 135/105/145 154/101/145 187/101/145 168/105/145
f 128/84/146 132/87/146 165/87/146 161/84/146
f 137/104/147 138/106/147 171/106/147 170/104/147
f 131/107/148 155/108/148 188/108/148 164/107/148
f 148/78/149 133/81/149 166/81/149 181/78/149
f 129/109/150 139/110/150 172/110/150 162/109/150
f 155/108/151 134/111/151 167/111/151 188/108/151
f 139/110/152 140/112/152 173/112/152 172/110/152
f 149/113/153 135/105/153 168/105/153 182/113/153
f 138/106/154 128/114/154 161/114/154 171/106/154
f 140/112/155 141/115/155 174/115/155 173/112/155
f 133/81/156 129/91/156 162/91/156 166/81/156
f 132/87/157 148/78/157 181/78/157 165/87/157
f 141/115/158 131/107/158 164/107/158 174/115/158
f 134/111/159 149/113/159 182/113/159 167/111/159
f 130/102/160 136/103/160 169/103/160 163/102/160
f 213/68/161 226/69/161 197/70/161 207/71/161
f 202/72/162 196/73/162 225/74/162 210/75/162
f 218/76/163 224/77/163 226/69/163 213/68/163
f 214/78/164 216/79/164 211/80/164 199/81/164
f 216/79/165 217/82/165 212/83/165 211/80/165
f 217/82/166 218/76/166 213/68/166 212/83/166
f 194/84/167 204/85/167 208/86/167 198/87/167
f 204/85/168 203/88/168 209/89/168 208/86/168
f 203/88/169 202/72/169 210/75/169 209/89/169
f 199/81/170 211/80/170 205/90/170 195/91/170
f 211/80/171 212/83/171 206/92/171 205/90/171
f 212/83/172 213/68/172 207/71/172 206/92/172
f 209/89/173 210/75/173 218/76/173 217/82/173
f 208/86/174 209/89/174 217/82/174 216/79/174
f 198/87/175 208/86/175 216/79/175 214/78/175
f 210/75/176 225/74/176 224/77/176 218/76/176
f 246/68/177 240/71/177 230/70/177 259/69/177
f 220/93/178 201/94/178 219/95/178
f 219/95/179 201/94/179 215/96/179 223/97/179
f 223/97/180 215/96/180 200/98/180 222/99/180
f 222/99/181 200/98/181 221/100/181
f 196/73/182 220/93/182 219/95/182 225/74/182
f 225/74/183 219/95/183 223/97/183 224/77/183
f 224/77/184 223/97/184 222/99/184 226/69/184
f 226/69/185 222/99/185 221/100/185 197/70/185
f 235/72/186 243/75/186 258/74/186 229/73/186
f 251/76/187 246/68/187 259/69/187 257/77/187
f 247/78/188 232/81/188 244/80/188 249/79/188
f 249/79/189 244/80/189 245/83/189 250/82/189
f 250/82/190 245/83/190 246/68/190 251/76/190
f 227/84/191 231/87/191 241/86/191 237/85/191
f 237/85/192 241/86/192 242/89/192 236/88/192
f 236/88/193 242/89/193 243/75/193 235/72/193
f 232/81/194 228/91/194 238/90/194 244/80/194
f 244/80/195 238/90/195 239/92/195 245/83/195
f 245/83/196 239/92/196 240/71/196 246/68/196
f 242/89/197 250/82/197 251/76/197 243/75/197
f 241/86/198 249/79/198 250/82/198 242/89/198
f 231/87/199 247/78/199 249/79/199 241/86/199
f 243/75/200 251/76/200 257/77/200 258/74/200
f 253/93/201 252/95/201 234/94/201
f 252/95/202 256/97/202 248/96/202 234/94/202
f 256/97/203 255/99/203 233/98/203 248/96/203
f 255/99/204 254/100/204 233/98/204
f 229/73/205 258/74/205 252/95/205 253/93/205
f 258/74/206 257/77/206 256/97/206 252/95/206
f 257/77/207 259/69/207 255/99/207 256/97/207
f 259/69/208 230/70/208 254/100/208 255/99/208
f 220/101/209 196/102/209 229/102/209 253/101/209
f 202/103/210 203/104/210 236/104/210 235/103/210
f 201/105/211 220/101/211 253/101/211 234/105/211
f 194/84/212 198/87/212 231/87/212 227/84/212
f 203/104/213 204/106/213 237/106/213 236/104/213
f 197/107/214 221/108/214 254/108/214 230/107/214
f 214/78/215 199/81/215 232/81/215 247/78/215
f 195/109/216 205/110/216 238/110/216 228/109/216
f 221/108/217 200/111/217 233/111/217 254/108/217
f 205/110/218 206/112/218 239/112/218 238/110/218
f 215/113/219 201/105/219 234/105/219 248/113/219
f 204/106/220 194/114/220 227/114/220 237/106/220
f 206/112/221 207/115/221 240/115/221 239/112/221
f 199/81/222 195/91/222 228/91/222 232/81/222
f 198/87/223 214/78/223 247/78/223 231/87/223
f 207/115/224 197/107/224 230/107/224 240/115/224
f 200/111/225 215/113/225 248/113/225 233/111/225
f 196/102/226 202/103/226 235/103/226 229/102/226
f 279/68/227 292/69/227 263/70/227 273/71/227
f 268/72/228 262/73/228 291/74/228 276/75/228
f 284/76/229 290/77/229 292/69/229 279/68/229
f 280/78/230 282/79/230 277/80/230 265/81/230
f 282/79/231 283/82/231 278/83/231 277/80/231
f 283/82/232 284/76/232 279/68/232 278/83/232
f 260/84/233 270/85/233 274/86/233 264/87/233
f 270/85/234 269/88/234 275/89/234 274/86/234
f 269/88/235 268/72/235 276/75/235 275/89/235
f 265/81/236 277/80/236 271/90/236 261/91/236
f 277/80/237 278/83/237 272/92/237 271/90/237
f 278/83/238 279/68/238 273/71/238 272/92/238
f 275/89/239 276/75/239 284/76/239 283/82/239
f 274/86/240 275/89/240 283/82/240 282/79/240
f 264/87/241 274/86/241 282/79/241 280/78/241
f 276/75/242 291/74/242 290/77/242 284/76/242
f 312/68/243 306/71/243 296/70/243 325/69/243
f 286/93/244 267/94/244 285/95/244
f 285/95/245 267/94/245 281/96/245 289/97/245
f 289/97/246 281/96/246 266/98/246 288/99/246
f 288/99/247 266/98/247 287/100/247
f 262/73/248 286/93/248 285/95/248 291/74/248
f 291/74/249 285/95/249 289/97/249 290/77/249
f 290/77/250 289/97/250 288/99/250 292/69/250
f 292/69/251 288/99/251 287/100/251 263/70/251
f 301/72/252 309/75/252 324/74/252 295/73/252
f 317/76/253 312/68/253 325/69/253 323/77/253
f 313/78/254 298/81/254 310/80/254 315/79/254
f 315/79/255 310/80/255 311/83/255 316/82/255
f 316/82/256 311/83/256 312/68/256 317/76/256
f 293/84/257 297/87/257 307/86/257 303/85/257
f 303/85/258 307/86/258 308/89/258 302/88/258
f 302/88/259 308/89/259 309/75/259 301/72/259
f 298/81/260 294/91/260 304/90/260 310/80/260
f 310/80/261 304/90/261 305/92/261 311/83/261
f 311/83/262 305/92/262 306/71/262 312/68/262
f 308/89/263 316/82/263 317/76/263 309/75/263
f 307/86/264 315/79/264 316/82/264 308/89/264
f 297/87/265 313/78/265 315/79/265 307/86/265
f 309/75/266 317/76/266 323/77/266 324/74/266
f 319/93/267 318/95/267 300/94/267
f 318/95/268 322/97/268 314/96/268 300/94/268
f 322/97/269 321/99/269 299/98/269 314/96/269
f 321/99/270 320/100/270 299/98/270
f 295/73/271 324/74/271 318/95/271 319/93/271
f 324/74/272 323/77/272 322/97/272 318/95/272
f 323/77/273 325/69/273 321/99/273 322/97/273
f 325/69/274 296/70/274 320/100/274 321/99/274
f 286/101/275 262/102/275 295/102/275 319/101/275
f 268/103/276 269/104/276 302/104/276 301/103/276
f 267/105/277 286/101/277 319/101/277 300/105/277
f 260/84/278 264/87/278 297/87/278 293/84/278
f 269/104/279 270/106/279 303/106/279 302/104/279
f 263/107/280 287/108/280 320/108/280 296/107/280
f 280/78/281 265/81/281 298/81/281 313/78/281
f 261/109/282 271/110/282 304/110/282 294/109/282
f 287/108/283 266/111/283 299/111/283 320/108/283
f 271/110/284 272/112/284 305/112/284 304/110/284
f 281/113/285 267/105/285 300/105/285 314/113/285
f 270/106/286 260/114/286 293/114/286 303/106/286
f 272/112/287 273/115/287 306/115/287 305/112/287
f 265/81/288 261/91/288 294/91/288 298/81/288
f 264/87/289 280/78/289 313/78/289 297/87/289
f 273/115/290 263/107/290 296/107/290 306/115/290
f 266/111/291 281/113/291 314/113/291 299/111/291
f 262/102/292 268/103/292 301/103/292 295/102/292
f 345/68/293 358/69/293 329/70/293 339/71/293
f 334/72/294 328/73/294 357/74/294 342/75/294
f 350/76/295 356/77/295 358/69/295 345/68/295
f 346/78/296 348/79/296 343/80/296 331/81/296
f 348/79/297 349/82/297 344/83/297 343/80/297
f 349/82/298 350/76/298 345/68/298 344/83/298
f 326/84/299 336/85/299 340/86/299 330/87/299
f 336/85/300 335/88/300 341/89/300 340/86/300
f 335/88/301 334/72/301 342/75/301 341/89/301
f 331/81/302 343/80/302 337/90/302 327/91/302
f 343/80/303 344/83/303 338/92/303 337/90/303
f 344/83/304 345/68/304 339/71/304 338/92/304
f 341/89/305 342/75/305 350/76/305 349/82/305
f 340/86/306 341/89/306 349/82/306 348/79/306
f 330/87/307 340/86/307 348/79/307 346/78/307
f 342/75/308 357/74/308 356/77/308 350/76/308
f 378/68/309 372/71/309 362/70/309 391/69/309
f 352/93/310 333/94/310 351/95/310
f 351/95/311 333/94/311 347/96/311 355/97/311
f 355/97/312 347/96/312 332/98/312 354/99/312
f 354/99/313 332/98/313 353/100/313
f 328/73/314 352/93/314 351/95/314 357/74/314
f 357/74/315 351/95/315 355/97/315 356/77/315
f 356/77/316 355/97/316 354/99/316 358/69/316
f 358/69/317 354/99/317 353/100/317 329/70/317
f 367/72/318 375/75/318 390/74/318 361/73/318
f 383/76/319 378/68/319 391/69/319 389/77/319
f 379/78/320 364/81/320 376/80/320 381/79/320
f 381/79/321 376/80/321 377/83/321 382/82/321
f 382/82/322 377/83/322 378/68/322 383/76/322
f 359/84/323 363/87/323 373/86/323 369/85/323
f 369/85/324 373/86/324 374/89/324 368/88/324
f 368/88/325 374/89/325 375/75/325 367/72/325
f 364/81/326 360/91/326 370/90/326 376/80/326
f 376/80/327 370/90/327 371/92/327 377/83/327
f 377/83/328 371/92/328 372/71/328 378/68/328
f 374/89/329 382/82/329 383/76/329 375/75/329
f 373/86/330 381/79/330 382/82/330 374/89/330
f 363/87/331 379/78/331 381/79/331 373/86/331
f 375/75/332 383/76/332 389/77/332 390/74/332
f 385/93/333 384/95/333 366/94/333
f 384/95/334 388/97/334 380/96/334 366/94/334
f 388/97/335 387/99/335 365/98/335 380/96/335
f 387/99/336 386/100/336 365/98/336
f 361/73/337 390/74/337 384/95/337 385/93/337
f 390/74/338 389/77/338 388/97/338 384/95/338
f 389/77/339 391/69/339 387/99/339 388/97/339
f 391/69/340 362/70/340 386/100/340 387/99/340
f 352/101/341 328/102/341 361/102/341 385/101/341
f 334/103/342 335/104/342 368/104/342 367/103/342
f 333/105/343 352/101/343 385/101/343 366/105/343
f 326/84/344 330/87/344 363/87/344 359/84/344
f 335/104/345 336/106/345 369/106/345 368/104/345
f 329/107/346 353/108/346 386/108/346 362/107/346
f 346/78/347 331/81/347 364/81/347 379/78/347
f 327/109/348 337/110/348 370/110/348 360/109/348
f 353/108/349 332/111/349 365/111/349 386/108/349
f 337/110/350 338/112/350 371/112/350 370/110/350
f 347/113/351 333/105/351 366/105/351 380/113/351
f 336/106/352 326/114/352 359/114/352 369/106/352
f 338/112/353 339/115/353 372/115/353 371/112/353
f 331/81/354 327/91/354 360/91/354 364/81/354
f 330/87/355 346/78/355 379/78/355 363/87/355
f 339/115/356 329/107/356 362/107/356 372/115/356
f 332/111/357 347/113/357 380/113/357 365/111/357
f 328/102/358 334/103/358 367/103/358 361/102/358
f 411/68/359 424/69/359 395/70/359 405/71/359
f 400/72/360 394/73/360 423/74/360 408/75/360
f 416/76/361 422/77/361 424/69/361 411/68/361
f 412/78/362 414/79/362 409/80/362 397/81/362
f 414/79/363 415/82/363 410/83/363 409/80/363
f 415/82/364 416/76/364 411/68/364 410/83/364
f 392/84/365 402/85/365 406/86/365 396/87/365
f 402/85/366 401/88/366 407/89/366 406/86/366
f 401/88/367 400/72/367 408/75/367 407/89/367
f 397/81/368 409/80/368 403/90/368 393/91/368
f 409/80/369 410/83/369 404/92/369 403/90/369
f 410/83/370 411/68/370 405/71/370 404/92/370
f 407/89/371 408/75/371 416/76/371 415/82/371
f 406/86/372 407/89/372 415/82/372 414/79/372
f 396/87/373 406/86/373 414/79/373 412/78/373
f 408/75/374 423/74/374 422/77/374 416/76/374
f 444/68/375 438/71/375 428/70/375 457/69/375
f 418/93/376 399/94/376 417/95/376
f 417/95/377 399/94/377 413/96/377 421/97/377
f 421/97/378 413/96/378 398/98/378 420/99/378
f 420/99/379 398/98/379 419/100/379
f 394/73/380 418/93/380 417/95/380 423/74/380
f 423/74/381 417/95/381 421/97/381 422/77/381
f 422/77/382 421/97/382 420/99/382 424/69/382
f 424/69/383 420/99/383 419/100/383 395/70/383
f 433/72/384 441/75/384 456/74/384 427/73/384
f 449/76/385 444/68/385 457/69/385 455/77/385
f 445/78/386 430/81/386 442/80/386 447/79/386
f 447/79/387 442/80/387 443/83/387 448/82/387
f 448/82/388 443/83/388 444/68/388 449/76/388
f 425/84/389 429/87/389 439/86/389 435/85/389
f 435/85/390 439/86/390 440/89/390 434/88/390
f 434/88/391 440/89/391 441/75/391 433/72/391
f 430/81/392 426/91/392 436/90/392 442/80/392
f 442/80/393 436/90/393 437/92/393 443/83/393
f 443/83/394 437/92/394 438/71/394 444/68/394
f 440/89/395 448/82/395 449/76/395 441/75/395
f 439/86/396 447/79/396 448/82/396 440/89/396
f 429/87/397 445/78/397 447/79/397 439/86/397
f 441/75/398 449/76/398 455/77/398 456/74/398
f 451/93/399 450/95/399 432/94/399
f 450/95/400 454/97/400 446/96/400 432/94/400
f 454/97/401 453/99/401 431/98/401 446/96/401
f 453/99/402 452/100/402 431/98/402
f 427/73/403 456/74/403 450/95/403 451/93/403
f 456/74/404 455/77/404 454/97/404 450/95/404
f 455/77/405 457/69/405 453/99/405 454/97/405
f 457/69/406 428/70/406 452/100/406 453/99/406
f 418/101/407 394/102/407 427/102/407 451/101/407
f 400/103/408 401/104/408 434/104/408 433/103/408
f 399/105/409 418/101/409 451/101/409 432/105/409
f 392/84/410 396/87/410 429/87/410 425/84/410
f 401/104/411 402/106/411 435/106/411 434/104/411
f 395/107/412 419/108/412 452/108/412 428/107/412
f 412/78/413 397/81/413 430/81/413 445/78/413
f 393/109/414 403/110/414 436/110/414 426/109/414
f 419/108/415 398/111/415 431/111/415 452/108/415
f 403/110/416 404/112/416 437/112/416 436/110/416
f 413/113/417 399/105/417 432/105/417 446/113/417
f 402/106/418 392/114/418 425/114/418 435/106/418
f 404/112/419 405/115/419 438/115/419 437/112/419
f 397/81/420 393/91/420 426/91/420 430/81/420
f 396/87/421 412/78/421 445/78/421 429/87/421
f 405/115/422 395/107/422 428/107/422 438/115/422
f 398/111/423 413/113/423 446/113/423 431/111/423
f 394/102/424 400/103/424 433/103/424 427/102/424
f 477/68/425 490/69/425 461/70/425 471/71/425
f 466/72/426 460/73/426 489/74/426 474/75/426
f 482/76/427 488/77/427 490/69/427 477/68/427
f 478/78/428 480/79/428 475/80/428 463/81/428
f 480/79/429 481/82/429 476/83/429 475/80/429
f 481/82/430 482/76/430 477/68/430 476/83/430
f 458/84/431 468/85/431 472/86/431 462/87/431
f 468/85/432 467/88/432 473/89/432 472/86/432
f 467/88/433 466/72/433 474/75/433 473/89/433
f 463/81/434 475/80/434 469/90/434 459/91/434
f 475/80/435 476/83/435 470/92/435 469/90/435
f 476/83/436 477/68/436 471/71/436 470/92/436
f 473/89/437 474/75/437 482/76/437 481/82/437
f 472/86/438 473/89/438 481/82/438 480/79/438
f 462/87/439 472/86/439 480/79/439 478/78/439
f 474/75/440 489/74/440 488/77/440 482/76/440
f 510/68/441 504/71/441 494/70/441 523/69/441
f 484/93/442 465/94/442 483/95/442
f 483/95/443 465/94/443 479/96/443 487/97/443
f 487/97/444 479/96/444 464/98/444 486/99/444
f 486/99/445 464/98/445 485/100/445
f 460/73/446 484/93/446 483/95/446 489/74/446
f 489/74/447 483/95/447 487/97/447 488/77/447
f 488/77/448 487/97/448 486/99/448 490/69/448
f 490/69/449 486/99/449 485/100/449 461/70/449
f 499/72/450 507/75/450 522/74/450 493/73/450
f 515/76/451 510/68/451 523/69/451 521/77/451
f 511/78/452 496/81/452 508/80/452 513/79/452
f 513/79/453 508/80/453 509/83/453 514/82/453
f 514/82/454 509/83/454 510/68/454 515/76/454
f 491/84/455 495/87/455 505/86/455 501/85/455
f 501/85/456 505/86/456 506/89/456 500/88/456
f 500/88/457 506/89/457 507/75/457 499/72/457
f 496/81/458 492/91/458 502/90/458 508/80/458
f 508/80/459 502/90/459 503/92/459 509/83/459
f 509/83/460 503/92/460 504/71/460 510/68/460
f 506/89/461 514/82/461 515/76/461 507/75/461
f 505/86/462 513/79/462 514/82/462 506/89/462
f 495/87/463 511/78/463 513/79/463 505/86/463
f 507/75/464 515/76/464 521/77/464 522/74/464
f 517/93/465 516/95/465 498/94/465
f 516/95/466 520/97/466 512/96/466 498/94/466
f 520/97/467 519/99/467 497/98/467 512/96/467
f 519/99/468 518/100/468 497/98/468
f 493/73/469 522/74/469 516/95/469 517/93/469
f 522/74/470 521/77/470 520/97/470 516/95/470
f 521/77/471 523/69/471 519/99/471 520/97/471
f 523/69/472 494/70/472 518/100/472 519/99/472
f 484/101/473 460/102/473 493/102/473 517/101/473
f 466/103/474 467/104/474 500/104/474 499/103/474
f 465/105/475 484/101/475 517/101/475 498/105/475
f 458/84/476 462/87/476 495/87/476 491/84/476
f 467/104/477 468/106/477 501/106/477 500/104/477
f 461/107/478 485/108/478 518/108/478 494/107/478
f 478/78/479 463/81/479 496/81/479 511/78/479
f 459/109/480 469/110/480 502/110/480 492/109/480
f 485/108/481 464/111/481 497/111/481 518/108/481
f 469/110/482 470/112/482 503/112/482 502/110/482
f 479/113/483 465/105/483 498/105/483 512/113/483
f 468/106/484 458/114/484 491/114/484 501/106/484
f 470/112/485 471/115/485 504/115/485 503/112/485
f 463/81/486 459/91/486 492/91/486 496/81/486
f 462/87/487 478/78/487 511/78/487 495/87/487
f 471/115/488 461/107/488 494/107/488 504/115/488
f 464/111/489 479/113/489 512/113/489 497/111/489
f 460/102/490 466/103/490 499/103/490 493/102/490
f 543/68/491 556/69/491 527/70/491 537/71/491
f 532/72/492 526/73/492 555/74/492 540/75/492
f 548/76/493 554/77/493 556/69/493 543/68/493
f 544/78/494 546/79/494 541/80/494 529/81/494
f 546/79/495 547/82/495 542/83/495 541/80/495
f 547/82/496 548/76/496 543/68/496 542/83/496
f 524/84/497 534/85/497 538/86/497 528/87/497
f 534/85/498 533/88/498 539/89/498 538/86/498
f 533/88/499 532/72/499 540/75/499 539/89/499
f 529/81/500 541/80/500 535/90/500 525/91/500
f 541/80/501 542/83/501 536/92/501 535/90/501
f 542/83/502 543/68/502 537/71/502 536/92/502
f 539/89/503 540/75/503 548/76/503 547/82/503
f 538/86/504 539/89/504 547/82/504 546/79/504
f 528/87/505 538/86/505 546/79/505 544/78/505
f 540/75/506 555/74/506 554/77/506 548/76/506
f 576/68/507 570/71/507 560/70/507 589/69/507
f 550/93/508 531/94/508 549/95/508
f 549/95/509 531/94/509 545/96/509 553/97/509
f 553/97/510 545/96/510 530/98/510 552/99/510
f 552/99/511 530/98/511 551/100/511
f 526/73/512 550/93/512 549/95/512 555/74/512
f 555/74/513 549/95/513 553/97/513 554/77/513
f 554/77/514 553/97/514 552/99/514 556/69/514
f 556/69/515 552/99/515 551/100/515 527/70/515
f 565/72/516 573/75/516 588/74/516 559/73/516
f 581/76/517 576/68/517 589/69/517 587/77/517
f 577/78/518 562/81/518 574/80/518 579/79/518
f 579/79/519 574/80/519 575/83/519 580/82/519
f 580/82/520 575/83/520 576/68/520 581/76/520
f 557/84/521 561/87/521 571/86/521 567/85/521
f 567/85/522 571/86/522 572/89/522 566/88/522
f 566/88/523 572/89/523 573/75/523 565/72/523
f 562/81/524 558/91/524 568/90/524 574/80/524
f 574/80/525 568/90/525 569/92/525 575/83/525
f 575/83/526 569/92/526 570/71/526 576/68/526
f 572/89/527 580/82/527 581/76/527 573/75/527
f 571/86/528 579/79/528 580/82/528 572/89/528
f 561/87/529 577/78/529 579/79/529 571/86/529
f 573/75/530 581/76/530 587/77/530 588/74/530
f 583/93/531 582/95/531 564/94/531
f 582/95/532 586/97/532 578/96/532 564/94/532
f 586/97/533 585/99/533 563/98/533 578/96/533
f 585/99/534 584/100/534 563/98/534
f 559/73/535 588/74/535 582/95/535 583/93/535
f 588/74/536 587/77/536 586/97/536 582/95/536
f 587/77/537 589/69/537 585/99/537 586/97/537
f 589/69/538 560/70/538 584/100/538 585/99/538
f 550/101/539 526/102/539 559/102/539 583/101/539
f 532/103/540 533/104/540 566/104/540 565/103/540
f 531/105/541 550/101/541 583/101/541 564/105/541
f 524/84/542 528/87/542 561/87/542 557/84/542
f 533/104/543 534/106/543 567/106/543 566/104/543
f 527/107/544 551/108/544 584/108/544 560/107/544
f 544/78/545 529/81/545 562/81/545 577/78/545
f 525/109/546 535/110/546 568/110/546 558/109/546
f 551/108/547 530/111/547 563/111/547 584/108/547
f 535/110/548 536/112/548 569/112/548 568/110/548
f 545/113/549 531/105/549 564/105/549 578/113/549
f 534/106/550 524/114/550 557/114/550 567/106/550
f 536/112/551 537/115/551 570/115/551 569/112/551
f 529/81/552 525/91/552 558/91/552 562/81/552
f 528/87/553 544/78/553 577/78/553 561/87/553
f 537/115/554 527/107/554 560/107/554 570/115/554
f 530/111/555 545/113/555 578/113/555 563/111/555
f 526/102/556 532/103/556 565/103/556 559/102/556
f 633/19/557 591/20/557 593/21/557 634/22/557
f 634/22/558 593/21/558 595/23/558 635/24/558
f 635/24/559 595/23/559 597/25/559 636/26/559
f 636/26/560 597/25/560 599/27/560 637/28/560
f 601/29/561 599/30/561 618/31/561 619/32/561
f 637/28/562 599/27/562 601/33/562 638/34/562
f 638/34/563 601/33/563 591/20/563 633/19/563
f 593/35/564 591/36/564 614/37/564 615/38/564
f 600/39/565 613/40/565 602/41/565 590/42/565
f 632/43/566 612/44/566 603/45/566 627/46/566
f 598/39/567 611/40/567 613/40/567 600/39/567
f 631/47/568 610/48/568 612/44/568 632/43/568
f 596/42/569 609/41/569 611/40/569 598/39/569
f 630/49/570 608/50/570 610/48/570 631/47/570
f 594/51/571 607/52/571 609/41/571 596/42/571
f 629/53/572 606/54/572 608/50/572 630/49/572
f 592/51/573 605/52/573 607/52/573 594/51/573
f 628/55/574 604/56/574 606/54/574 629/53/574
f 590/42/575 602/41/575 605/52/575 592/51/575
f 627/46/576 603/45/576 604/56/576 628/55/576
f 597/57/577 595/58/577 616/59/577 617/60/577
f 591/36/578 601/29/578 619/32/578 614/37/578
f 599/30/579 597/57/579 617/60/579 618/31/579
f 595/58/580 593/35/580 615/38/580 616/59/580
f 614/37/581 619/32/581 625/61/581 620/62/581
f 618/31/582 617/60/582 623/63/582 624/64/582
f 616/59/583 615/38/583 621/65/583 622/66/583
f 619/32/584 618/31/584 624/64/584 625/61/584
f 617/60/585 616/59/585 622/66/585 623/63/585
f 615/38/586 614/37/586 620/62/586 621/65/586
f 625/61/587 624/64/587 626/67/587
f 623/63/588 622/66/588 626/67/588
f 621/65/589 620/62/589 626/67/589
f 620/62/590 625/61/590 626/67/590
f 624/64/591 623/63/591 626/67/591
f 622/66/592 621/65/592 626/67/592
f 602/41/593 627/46/593 628/55/593 605/52/593
f 605/52/594 628/55/594 629/53/594 607/52/594
f 607/52/595 629/53/595 630/49/595 609/41/595
f 609/41/596 630/49/596 631/47/596 611/40/596
f 611/40/597 631/47/597 632/43/597 613/40/597
f 613/40/598 632/43/598 627/46/598 602/41/598
f 612/44/599 638/34/599 633/19/599 603/45/599
f 610/48/600 637/28/600 638/34/600 612/44/600
f 608/50/601 636/26/601 637/28/601 610/48/601
f 606/54/602 635/24/602 636/26/602 608/50/602
f 604/56/603 634/22/603 635/24/603 606/54/603
f 603/45/604 633/19/604 634/22/604 604/56/604
f 634/22/605 633/19/605 639/19/605 640/22/605
f 636/26/606 635/24/606 641/24/606 642/26/606
f 638/34/607 637/28/607 643/28/607 644/34/607
f 635/24/608 634/22/608 640/22/608 641/24/608
f 637/28/609 636/26/609 642/26/609 643/28/609
f 633/19/610 638/34/610 644/34/610 639/19/610
f 664/68/611 677/69/611 648/70/611 658/71/611
f 653/72/612 647/73/612 676/74/612 661/75/612
f 669/76/613 675/77/613 677/69/613 664/68/613
f 665/78/614 667/79/614 662/80/614 650/81/614
f 667/79/615 668/82/615 663/83/615 662/80/615
f 668/82/616 669/76/616 664/68/616 663/83/616
f 645/84/617 655/85/617 659/86/617 649/87/617
f 655/85/618 654/88/618 660/89/618 659/86/618
f 654/88/619 653/72/619 661/75/619 660/89/619
f 650/81/620 662/80/620 656/90/620 646/91/620
f 662/80/621 663/83/621 657/92/621 656/90/621
f 663/83/622 664/68/622 658/71/622 657/92/622
f 660/89/623 661/75/623 669/76/623 668/82/623
f 659/86/624 660/89/624 668/82/624 667/79/624
f 649/87/625 659/86/625 667/79/625 665/78/625
f 661/75/626 676/74/626 675/77/626 669/76/626
f 697/68/627 691/71/627 681/70/627 710/69/627
f 671/93/628 652/94/628 670/95/628
f 670/95/629 652/94/629 666/96/629 674/97/629
f 674/97/630 666/96/630 651/98/630 673/99/630
f 673/99/631 651/98/631 672/100/631
f 647/73/632 671/93/632 670/95/632 676/74/632
f 676/74/633 670/95/633 674/97/633 675/77/633
f 675/77/634 674/97/634 673/99/634 677/69/634
f 677/69/635 673/99/635 672/100/635 648/70/635
f 686/72/636 694/75/636 709/74/636 680/73/636
f 702/76/637 697/68/637 710/69/637 708/77/637
f 698/78/638 683/81/638 695/80/638 700/79/638
f 700/79/639 695/80/639 696/83/639 701/82/639
f 701/82/640 696/83/640 697/68/640 702/76/640
f 678/84/641 682/87/641 692/86/641 688/85/641
f 688/85/642 692/86/642 693/89/642 687/88/642
f 687/88/643 693/89/643 694/75/643 686/72/643
f 683/81/644 679/91/644 689/90/644 695/80/644
f 695/80/645 689/90/645 690/92/645 696/83/645
f 696/83/646 690/92/646 691/71/646 697/68/646
f 693/89/647 701/82/647 702/76/647 694/75/647
f 692/86/648 700/79/648 701/82/648 693/89/648
f 682/87/649 698/78/649 700/79/649 692/86/649
f 694/75/650 702/76/650 708/77/650 709/74/650
f 704/93/651 703/95/651 685/94/651
f 703/95/652 707/97/652 699/96/652 685/94/652
f 707/97/653 706/99/653 684/98/653 699/96/653
f 706/99/654 705/100/654 684/98/654
f 680/73/655 709/74/655 703/95/655 704/93/655
f 709/74/656 708/77/656 707/97/656 703/95/656
f 708/77/657 710/69/657 706/99/657 707/97/657
f 710/69/658 681/70/658 705/100/658 706/99/658
f 671/101/659 647/102/659 680/102/659 704/101/659
f 653/103/660 654/104/660 687/104/660 686/103/660
f 652/105/661 671/101/661 704/101/661 685/105/661
f 645/84/662 649/87/662 682/87/662 678/84/662
f 654/104/663 655/106/663 688/106/663 687/104/663
f 648/107/664 672/108/664 705/108/664 681/107/664
f 665/78/665 650/81/665 683/81/665 698/78/665
f 646/109/666 656/110/666 689/110/666 679/109/666
f 672/108/667 651/111/667 684/111/667 705/108/667
f 656/110/668 657/112/668 690/112/668 689/110/668
f 666/113/669 652/105/669 685/105/669 699/113/669
f 655/106/670 645/114/670 678/114/670 688/106/670
f 657/112/671 658/115/671 691/115/671 690/112/671
f 650/81/672 646/91/672 679/91/672 683/81/672
f 649/87/673 665/78/673 698/78/673 682/87/673
f 658/115/674 648/107/674 681/107/674 691/115/674
f 651/111/675 666/113/675 699/113/675 684/111/675
f 647/102/676 653/103/676 686/103/676 680/102/676
f 730/68/677 743/69/677 714/70/677 724/71/677
f 719/72/678 713/73/678 742/74/678 727/75/678
f 735/76/679 741/77/679 743/69/679 730/68/679
f 731/78/680 733/79/680 728/80/680 716/81/680
f 733/79/681 734/82/681 729/83/681 728/80/681
f 734/82/682 735/76/682 730/68/682 729/83/682
f 711/84/683 721/85/683 725/86/683 715/87/683
f 721/85/684 720/88/684 726/89/684 725/86/684
f 720/88/685 719/72/685 727/75/685 726/89/685
f 716/81/686 728/80/686 722/90/686 712/91/686
f 728/80/687 729/83/687 723/92/687 722/90/687
f 729/83/688 730/68/688 724/71/688 723/92/688
f 726/89/689 727/75/689 735/76/689 734/82/689
f 725/86/690 726/89/690 734/82/690 733/79/690
f 715/87/691 725/86/691 733/79/691 731/78/691
f 727/75/692 742/74/692 741/77/692 735/76/692
f 763/68/693 757/71/693 747/70/693 776/69/693
f 737/93/694 718/94/694 736/95/694
f 736/95/695 718/94/695 732/96/695 740/97/695
f 740/97/696 732/96/696 717/98/696 739/99/696
f 739/99/697 717/98/697 738/100/697
f 713/73/698 737/93/698 736/95/698 742/74/698
f 742/74/699 736/95/699 740/97/699 741/77/699
f 741/77/700 740/97/700 739/99/700 743/69/700
f 743/69/701 739/99/701 738/100/701 714/70/701
f 752/72/702 760/75/702 775/74/702 746/73/702
f 768/76/703 763/68/703 776/69/703 774/77/703
f 764/78/704 749/81/704 761/80/704 766/79/704
f 766/79/705 761/80/705 762/83/705 767/82/705
f 767/82/706 762/83/706 763/68/706 768/76/706
f 744/84/707 748/87/707 758/86/707 754/85/707
f 754/85/708 758/86/708 759/89/708 753/88/708
f 753/88/709 759/89/709 760/75/709 752/72/709
f 749/81/710 745/91/710 755/90/710 761/80/710
f 761/80/711 755/90/711 756/92/711 762/83/711
f 762/83/712 756/92/712 757/71/712 763/68/712
f 759/89/713 767/82/713 768/76/713 760/75/713
f 758/86/714 766/79/714 767/82/714 759/89/714
f 748/87/715 764/78/715 766/79/715 758/86/715
f 760/75/716 768/76/716 774/77/716 775/74/716
f 770/93/717 769/95/717 751/94/717
f 769/95/718 773/97/718 765/96/718 751/94/718
f 773/97/719 772/99/719 750/98/719 765/96/719
f 772/99/720 771/100/720 750/98/720
f 746/73/721 775/74/721 769/95/721 770/93/721
f 775/74/722 774/77/722 773/97/722 769/95/722
f 774/77/723 776/69/723 772/99/723 773/97/723
f 776/69/724 747/70/724 771/100/724 772/99/724
f 737/101/725 713/102/725 746/102/725 770/101/725
f 719/103/726 720/104/726 753/104/726 752/103/726
f 718/105/727 737/101/727 770/101/727 751/105/727
f 711/84/728 715/87/728 748/87/728 744/84/728
f 720/104/729 721/106/729 754/106/729 753/104/729
f 714/107/730 738/108/730 771/108/730 747/107/730
f 731/78/731 716/81/731 749/81/731 764/78/731
f 712/109/732 722/110/732 755/110/732 745/109/732
f 738/108/733 717/111/733 750/111/733 771/108/733
f 722/110/734 723/112/734 756/112/734 755/110/734
f 732/113/735 718/105/735 751/105/735 765/113/735
f 721/106/736 711/114/736 744/114/736 754/106/736
f 723/112/737 724/115/737 757/115/737 756/112/737
f 716/81/738 712/91/738 745/91/738 749/81/738
f 715/87/739 731/78/739 764/78/739 748/87/739
f 724/115/740 714/107/740 747/107/740 757/115/740
f 717/111/741 732/113/741 765/113/741 750/111/741
f 713/102/742 719/103/742 752/103/742 746/102/742
f 796/68/743 809/69/743 780/70/743 790/71/743
f 785/72/744 779/73/744 808/74/744 793/75/744
f 801/76/745 807/77/745 809/69/745 796/68/745
f 797/78/746 799/79/746 794/80/746 782/81/746
f 799/79/747 800/82/747 795/83/747 794/80/747
f 800/82/748 801/76/748 796/68/748 795/83/748
f 777/84/749 787/85/749 791/86/749 781/87/749
f 787/85/750 786/88/750 792/89/750 791/86/750
f 786/88/751 785/72/751 793/75/751 792/89/751
f 782/81/752 794/80/752 788/90/752 778/91/752
f 794/80/753 795/83/753 789/92/753 788/90/753
f 795/83/754 796/68/754 790/71/754 789/92/754
f 792/89/755 793/75/755 801/76/755 800/82/755
f 791/86/756 792/89/756 800/82/756 799/79/756
f 781/87/757 791/86/757 799/79/757 797/78/757
f 793/75/758 808/74/758 807/77/758 801/76/758
f 829/68/759 823/71/759 813/70/759 842/69/759
f 803/93/760 784/94/760 802/95/760
f 802/95/761 784/94/761 798/96/761 806/97/761
f 806/97/762 798/96/762 783/98/762 805/99/762
f 805/99/763 783/98/763 804/100/763
f 779/73/764 803/93/764 802/95/764 808/74/764
f 808/74/765 802/95/765 806/97/765 807/77/765
f 807/77/766 806/97/766 805/99/766 809/69/766
f 809/69/767 805/99/767 804/100/767 780/70/767
f 818/72/768 826/75/768 841/74/768 812/73/768
f 834/76/769 829/68/769 842/69/769 840/77/769
f 830/78/770 815/81/770 827/80/770 832/79/770
f 832/79/771 827/80/771 828/83/771 833/82/771
f 833/82/772 828/83/772 829/68/772 834/76/772
f 810/84/773 814/87/773 824/86/773 820/85/773
f 820/85/774 824/86/774 825/89/774 819/88/774
f 819/88/775 825/89/775 826/75/775 818/72/775
f 815/81/776 811/91/776 821/90/776 827/80/776
f 827/80/777 821/90/777 822/92/777 828/83/777
f 828/83/778 822/92/778 823/71/778 829/68/778
f 825/89/779 833/82/779 834/76/779 826/75/779
f 824/86/780 832/79/780 833/82/780 825/89/780
f 814/87/781 830/78/781 832/79/781 824/86/781
f 826/75/782 834/76/782 840/77/782 841/74/782
f 836/93/783 835/95/783 817/94/783
f 835/95/784 839/97/784 831/96/784 817/94/784
f 839/97/785 838/99/785 816/98/785 831/96/785
f 838/99/786 837/100/786 816/98/786
f 812/73/787 841/74/787 835/95/787 836/93/787
f 841/74/788 840/77/788 839/97/788 835/95/788
f 840/77/789 842/69/789 838/99/789 839/97/789
f 842/69/790 813/70/790 837/100/790 838/99/790
f 803/101/791 779/102/791 812/102/791 836/101/791
f 785/103/792 786/104/792 819/104/792 818/103/792
f 784/105/793 803/101/793 836/101/793 817/105/793
f 777/84/794 781/87/794 814/87/794 810/84/794
f 786/104/795 787/106/795 820/106/795 819/104/795
f 780/107/796 804/108/796 837/108/796 813/107/796
f 797/78/797 782/81/797 815/81/797 830/78/797
f 778/109/798 788/110/798 821/110/798 811/109/798
f 804/108/799 783/111/799 816/111/799 837/108/799
f 788/110/800 789/112/800 822/112/800 821/110/800
f 798/113/801 784/105/801 817/105/801 831/113/801
f 787/106/802 777/114/802 810/114/802 820/106/802
f 789/112/803 790/115/803 823/115/803 822/112/803
f 782/81/804 778/91/804 811/91/804 815/81/804
f 781/87/805 797/78/805 830/78/805 814/87/805
f 790/115/806 780/107/806 813/107/806 823/115/806
f 783/111/807 798/113/807 831/113/807 816/111/807
f 779/102/808 785/103/808 818/103/808 812/102/808
f 862/68/809 875/69/809 846/70/809 856/71/809
f 851/72/810 845/73/810 874/74/810 859/75/810
f 867/76/811 873/77/811 875/69/811 862/68/811
f 863/78/812 865/79/812 860/80/812 848/81/812
f 865/79/813 866/82/813 861/83/813 860/80/813
f 866/82/814 867/76/814 862/68/814 861/83/814
f 843/84/815 853/85/815 857/86/815 847/87/815
f 853/85/816 852/88/816 858/89/816 857/86/816
f 852/88/817 851/72/817 859/75/817 858/89/817
f 848/81/818 860/80/818 854/90/818 844/91/818
f 860/80/819 861/83/819 855/92/819 854/90/819
f 861/83/820 862/68/820 856/71/820 855/92/820
f 858/89/821 859/75/821 867/76/821 866/82/821
f 857/86/822 858/89/822 866/82/822 865/79/822
f 847/87/823 857/86/823 865/79/823 863/78/823
f 859/75/824 874/74/824 873/77/824 867/76/824
f 895/68/825 889/71/825 879/70/825 908/69/825
f 869/93/826 850/94/826 868/95/826
f 868/95/827 850/94/827 864/96/827 872/97/827
f 872/97/828 864/96/828 849/98/828 871/99/828
f 871/99/829 849/98/829 870/100/829
f 845/73/830 869/93/830 868/95/830 874/74/830
f 874/74/831 868/95/831 872/97/831 873/77/831
f 873/77/832 872/97/832 871/99/832 875/69/832
f 875/69/833 871/99/833 870/100/833 846/70/833
f 884/72/834 892/75/834 907/74/834 878/73/834
f 900/76/835 895/68/835 908/69/835 906/77/835
f 896/78/836 881/81/836 893/80/836 898/79/836
f 898/79/837 893/80/837 894/83/837 899/82/837
f 899/82/838 894/83/838 895/68/838 900/76/838
f 876/84/839 880/87/839 890/86/839 886/85/839
f 886/85/840 890/86/840 891/89/840 885/88/840
f 885/88/841 891/89/841 892/75/841 884/72/841
f 881/81/842 877/91/842 887/90/842 893/80/842
f 893/80/843 887/90/843 888/92/843 894/83/843
f 894/83/844 888/92/844 889/71/844 895/68/844
f 891/89/845 899/82/845 900/76/845 892/75/845
f 890/86/846 898/79/846 899/82/846 891/89/846
f 880/87/847 896/78/847 898/79/847 890/86/847
f 892/75/848 900/76/848 906/77/848 907/74/848
f 902/93/849 901/95/849 883/94/849
f 901/95/850 905/97/850 897/96/850 883/94/850
f 905/97/851 904/99/851 882/98/851 897/96/851
f 904/99/852 903/100/852 882/98/852
f 878/73/853 907/74/853 901/95/853 902/93/853
f 907/74/854 906/77/854 905/97/854 901/95/854
f 906/77/855 908/69/855 904/99/855 905/97/855
f 908/69/856 879/70/856 903/100/856 904/99/856
f 869/101/857 845/102/857 878/102/857 902/101/857
f 851/103/858 852/104/858 885/104/858 884/103/858
f 850/105/859 869/101/859 902/101/859 883/105/859
f 843/84/860 847/87/860 880/87/860 876/84/860
f 852/104/861 853/106/861 886/106/861 885/104/861
f 846/107/862 870/108/862 903/108/862 879/107/862
f 863/78/863 848/81/863 881/81/863 896/78/863
f 844/109/864 854/110/864 887/110/864 877/109/864
f 870/108/865 849/111/865 882/111/865 903/108/865
f 854/110/866 855/112/866 888/112/866 887/110/866
f 864/113/867 850/105/867 883/105/867 897/113/867
f 853/106/868 843/114/868 876/114/868 886/106/868
f 855/112/869 856/115/869 889/115/869 888/112/869
f 848/81/870 844/91/870 877/91/870 881/81/870
f 847/87/871 863/78/871 896/78/871 880/87/871
f 856/115/872 846/107/872 879/107/872 889/115/872
f 849/111/873 864/113/873 897/113/873 882/111/873
f 845/102/874 851/103/874 884/103/874 878/102/874
f 928/68/875 941/69/875 912/70/875 922/71/875
f 917/72/876 911/73/876 940/74/876 925/75/876
f 933/76/877 939/77/877 941/69/877 928/68/877
f 929/78/878 931/79/878 926/80/878 914/81/878
f 931/79/879 932/82/879 927/83/879 926/80/879
f 932/82/880 933/76/880 928/68/880 927/83/880
f 909/84/881 919/85/881 923/86/881 913/87/881
f 919/85/882 918/88/882 924/89/882 923/86/882
f 918/88/883 917/72/883 925/75/883 924/89/883
f 914/81/884 926/80/884 920/90/884 910/91/884
f 926/80/885 927/83/885 921/92/885 920/90/885
f 927/83/886 928/68/886 922/71/886 921/92/886
f 924/89/887 925/75/887 933/76/887 932/82/887
f 923/86/888 924/89/888 932/82/888 931/79/888
f 913/87/889 923/86/889 931/79/889 929/78/889
f 925/75/890 940/74/890 939/77/890 933/76/890
f 961/68/891 955/71/891 945/70/891 974/69/891
f 935/93/892 916/94/892 934/95/892
f 934/95/893 916/94/893 930/96/893 938/97/893
f 938/97/894 930/96/894 915/98/894 937/99/894
f 937/99/895 915/98/895 936/100/895
f 911/73/896 935/93/896 934/95/896 940/74/896
f 940/74/897 934/95/897 938/97/897 939/77/897
f 939/77/898 938/97/898 937/99/898 941/69/898
f 941/69/899 937/99/899 936/100/899 912/70/899
f 950/72/900 958/75/900 973/74/900 944/73/900
f 966/76/901 961/68/901 974/69/901 972/77/901
f 962/78/902 947/81/902 959/80/902 964/79/902
f 964/79/903 959/80/903 960/83/903 965/82/903
f 965/82/904 960/83/904 961/68/904 966/76/904
f 942/84/905 946/87/905 956/86/905 952/85/905
f 952/85/906 956/86/906 957/89/906 951/88/906
f 951/88/907 957/89/907 958/75/907 950/72/907
f 947/81/908 943/91/908 953/90/908 959/80/908
f 959/80/909 953/90/909 954/92/909 960/83/909
f 960/83/910 954/92/910 955/71/910 961/68/910
f 957/89/911 965/82/911 966/76/911 958/75/911
f 956/86/912 964/79/912 965/82/912 957/89/912
f 946/87/913 962/78/913 964/79/913 956/86/913
f 958/75/914 966/76/914 972/77/914 973/74/914
f 968/93/915 967/95/915 949/94/915
f 967/95/916 971/97/916 963/96/916 949/94/916
f 971/97/917 970/99/917 948/98/917 963/96/917
f 970/99/918 969/100/918 948/98/918
f 944/73/919 973/74/919 967/95/919 968/93/919
f 973/74/920 972/77/920 971/97/920 967/95/920
f 972/77/921 974/69/921 970/99/921 971/97/921
f 974/69/922 945/70/922 969/100/922 970/99/922
f 935/101/923 911/102/923 944/102/923 968/101/923
f 917/103/924 918/104/924 951/104/924 950/103/924
f 916/105/925 935/101/925 968/101/925 949/105/925
f 909/84/926 913/87/926 946/87/926 942/84/926
f 918/104/927 919/106/927 952/106/927 951/104/927
f 912/107/928 936/108/928 969/108/928 945/107/928
f 929/78/929 914/81/929 947/81/929 962/78/929
f 910/109/930 920/110/930 953/110/930 943/109/930
f 936/108/931 915/111/931 948/111/931 969/108/931
f 920/110/932 921/112/932 954/112/932 953/110/932
f 930/113/933 916/105/933 949/105/933 963/113/933
f 919/106/934 909/114/934 942/114/934 952/106/934
f 921/112/935 922/115/935 955/115/935 954/112/935
f 914/81/936 910/91/936 943/91/936 947/81/936
f 913/87/937 929/78/937 962/78/937 946/87/937
f 922/115/938 912/107/938 945/107/938 955/115/938
f 915/111/939 930/113/939 963/113/939 948/111/939
f 911/102/940 917/103/940 950/103/940 944/102/940
f 994/68/941 1007/69/941 978/70/941 988/71/941
f 983/72/942 977/73/942 1006/74/942 991/75/942
f 999/76/943 1005/77/943 1007/69/943 994/68/943
f 995/78/944 997/79/944 992/80/944 980/81/944
f 997/79/945 998/82/945 993/83/945 992/80/945
f 998/82/946 999/76/946 994/68/946 993/83/946
f 975/84/947 985/85/947 989/86/947 979/87/947
f 985/85/948 984/88/948 990/89/948 989/86/948
f 984/88/949 983/72/949 991/75/949 990/89/949
f 980/81/950 992/80/950 986/90/950 976/91/950
f 992/80/951 993/83/951 987/92/951 986/90/951
f 993/83/952 994/68/952 988/71/952 987/92/952
f 990/89/953 991/75/953 999/76/953 998/82/953
f 989/86/954 990/89/954 998/82/954 997/79/954
f 979/87/955 989/86/955 997/79/955 995/78/955
f 991/75/956 1006/74/956 1005/77/956 999/76/956
f 1027/68/957 1021/71/957 1011/70/957 1040/69/957
f 1001/93/958 982/94/958 1000/95/958
f 1000/95/959 982/94/959 996/96/959 1004/97/959
f 1004/97/960 996/96/960 981/98/960 1003/99/960
f 1003/99/961 981/98/961 1002/100/961
f 977/73/962 1001/93/962 1000/95/962 1006/74/962
f 1006/74/963 1000/95/963 1004/97/963 1005/77/963
f 1005/77/964 1004/97/964 1003/99/964 1007/69/964
f 1007/69/965 1003/99/965 1002/100/965 978/70/965
f 1016/72/966 1024/75/966 1039/74/966 1010/73/966
f 1032/76/967 1027/68/967 1040/69/967 1038/77/967
f 1028/78/968 1013/81/968 1025/80/968 1030/79/968
f 1030/79/969 1025/80/969 1026/83/969 1031/82/969
f 1031/82/970 1026/83/970 1027/68/970 1032/76/970
f 1008/84/971 1012/87/971 1022/86/971 1018/85/971
f 1018/85/972 1022/86/972 1023/89/972 1017/88/972
f 1017/88/973 1023/89/973 1024/75/973 1016/72/973
f 1013/81/974 1009/91/974 1019/90/974 1025/80/974
f 1025/80/975 1019/90/975 1020/92/975 1026/83/975
f 1026/83/976 1020/92/976 1021/71/976 1027/68/976
f 1023/89/977 1031/82/977 1032/76/977 1024/75/977
f 1022/86/978 1030/79/978 1031/82/978 1023/89/978
f 1012/87/979 1028/78/979 1030/79/979 1022/86/979
f 1024/75/980 1032/76/980 1038/77/980 1039/74/980
f 1034/93/981 1033/95/981 1015/94/981
f 1033/95/982 1037/97/982 1029/96/982 1015/94/982
f 1037/97/983 1036/99/983 1014/98/983 1029/96/983
f 1036/99/984 1035/100/984 1014/98/984
f 1010/73/985 1039/74/985 1033/95/985 1034/93/985
f 1039/74/986 1038/77/986 1037/97/986 1033/95/986
f 1038/77/987 1040/69/987 1036/99/987 1037/97/987
f 1040/69/988 1011/70/988 1035/100/988 1036/99/988
f 1001/101/989 977/102/989 1010/102/989 1034/101/989
f 983/103/990 984/104/990 1017/104/990 1016/103/990
f 982/105/991 1001/101/991 1034/101/991 1015/105/991
f 975/84/992 979/87/992 1012/87/992 1008/84/992
f 984/104/993 985/106/993 1018/106/993 1017/104/993
f 978/107/994 1002/108/994 1035/108/994 1011/107/994
f 995/78/995 980/81/995 1013/81/995 1028/78/995
f 976/109/996 986/110/996 1019/110/996 1009/109/996
f 1002/108/997 981/111/997 1014/111/997 1035/108/997
f 986/110/998 987/112/998 1020/112/998 1019/110/998
f 996/113/999 982/105/999 1015/105/999 1029/113/999
f 985/106/1000 975/114/1000 1008/114/1000 1018/106/1000
f 987/112/1001 988/115/1001 1021/115/1001 1020/112/1001
f 980/81/1002 976/91/1002 1009/91/1002 1013/81/1002
f 979/87/1003 995/78/1003 1028/78/1003 1012/87/1003
f 988/115/1004 978/107/1004 1011/107/1004 1021/115/1004
f 981/111/1005 996/113/1005 1029/113/1005 1014/111/1005
f 977/102/1006 983/103/1006 1016/103/1006 1010/102/1006
f 1060/68/1007 1073/69/1007 1044/70/1007 1054/71/1007
f 1049/72/1008 1043/73/1008 1072/74/1008 1057/75/1008
f 1065/76/1009 1071/77/1009 1073/69/1009 1060/68/1009
f 1061/78/1010 1063/79/1010 1058/80/1010 1046/81/1010
f 1063/79/1011 1064/82/1011 1059/83/1011 1058/80/1011
f 1064/82/1012 1065/76/1012 1060/68/1012 1059/83/1012
f 1041/84/1013 1051/85/1013 1055/86/1013 1045/87/1013
f 1051/85/1014 1050/88/1014 1056/89/1014 1055/86/1014
f 1050/88/1015 1049/72/1015 1057/75/1015 1056/89/1015
f 1046/81/1016 1058/80/1016 1052/90/1016 1042/91/1016
f 1058/80/1017 1059/83/1017 1053/92/1017 1052/90/1017
f 1059/83/1018 1060/68/1018 1054/71/1018 1053/92/1018
f 1056/89/1019 1057/75/1019 1065/76/1019 1064/82/1019
f 1055/86/1020 1056/89/1020 1064/82/1020 1063/79/1020
f 1045/87/1021 1055/86/1021 1063/79/1021 1061/78/1021
f 1057/75/1022 1072/74/1022 1071/77/1022 1065/76/1022
f 1093/68/1023 1087/71/1023 1077/70/1023 1106/69/1023
f 1067/93/1024 1048/94/1024 1066/95/1024
f 1066/95/1025 1048/94/1025 1062/96/1025 1070/97/1025
f 1070/97/1026 1062/96/1026 1047/98/1026 1069/99/1026
f 1069/99/1027 1047/98/1027 1068/100/1027
f 1043/73/1028 1067/93/1028 1066/95/1028 1072/74/1028
f 1072/74/1029 1066/95/1029 1070/97/1029 1071/77/1029
f 1071/77/1030 1070/97/1030 1069/99/1030 1073/69/1030
f 1073/69/1031 1069/99/1031 1068/100/1031 1044/70/1031
f 1082/72/1032 1090/75/1032 1105/74/1032 1076/73/1032
f 1098/76/1033 1093/68/1033 1106/69/1033 1104/77/1033
f 1094/78/1034 1079/81/1034 1091/80/1034 1096/79/1034
f 1096/79/1035 1091/80/1035 1092/83/1035 1097/82/1035
f 1097/82/1036 1092/83/1036 1093/68/1036 1098/76/1036
f 1074/84/1037 1078/87/1037 1088/86/1037 1084/85/1037
f 1084/85/1038 1088/86/1038 1089/89/1038 1083/88/1038
f 1083/88/1039 1089/89/1039 1090/75/1039 1082/72/1039
f 1079/81/1040 1075/91/1040 1085/90/1040 1091/80/1040
f 1091/80/1041 1085/90/1041 1086/92/1041 1092/83/1041
f 1092/83/1042 1086/92/1042 1087/71/1042 1093/68/1042
f 1089/89/1043 1097/82/1043 1098/76/1043 1090/75/1043
f 1088/86/1044 1096/79/1044 1097/82/1044 1089/89/1044
f 1078/87/1045 1094/78/1045 1096/79/1045 1088/86/1045
f 1090/75/1046 1098/76/1046 1104/77/1046 1105/74/1046
f 1100/93/1047 1099/95/1047 1081/94/1047
f 1099/95/1048 1103/97/1048 1095/96/1048 1081/94/1048
f 1103/97/1049 1102/99/1049 1080/98/1049 1095/96/1049
f 1102/99/1050 1101/100/1050 1080/98/1050
f 1076/73/1051 1105/74/1051 1099/95/1051 1100/93/1051
f 1105/74/1052 1104/77/1052 1103/97/1052 1099/95/1052
f 1104/77/1053 1106/69/1053 1102/99/1053 1103/97/1053
f 1106/69/1054 1077/70/1054 1101/100/1054 1102/99/1054
f 1067/101/1055 1043/102/1055 1076/102/1055 1100/101/1055
f 1049/103/1056 1050/104/1056 1083/104/1056 1082/103/1056
f 1048/105/1057 1067/101/1057 1100/101/1057 1081/105/1057
f 1041/84/1058 1045/87/1058 1078/87/1058 1074/84/1058
f 1050/104/1059 1051/106/1059 1084/106/1059 1083/104/1059
f 1044/107/1060 1068/108/1060 1101/108/1060 1077/107/1060
f 1061/78/1061 1046/81/1061 1079/81/1061 1094/78/1061
f 1042/109/1062 1052/110/1062 1085/110/1062 1075/109/1062
f 1068/108/1063 1047/111/1063 1080/111/1063 1101/108/1063
f 1052/110/1064 1053/112/1064 1086/112/1064 1085/110/1064
f 1062/113/1065 1048/105/1065 1081/105/1065 1095/113/1065
f 1051/106/1066 1041/114/1066 1074/114/1066 1084/106/1066
f 1053/112/1067 1054/115/1067 1087/115/1067 1086/112/1067
f 1046/81/1068 1042/91/1068 1075/91/1068 1079/81/1068
f 1045/87/1069 1061/78/1069 1094/78/1069 1078/87/1069
f 1054/115/1070 1044/107/1070 1077/107/1070 1087/115/1070
f 1047/111/1071 1062/113/1071 1095/113/1071 1080/111/1071
f 1043/102/1072 1049/103/1072 1082/103/1072 1076/102/1072
f 1150/19/1073 1108/20/1073 1110/21/1073 1151/22/1073
f 1151/22/1074 1110/21/1074 1112/23/1074 1152/24/1074
f 1152/24/1075 1112/23/1075 1114/25/1075 1153/26/1075
f 1153/26/1076 1114/25/1076 1116/27/1076 1154/28/1076
f 1118/29/1077 1116/30/1077 1135/31/1077 1136/32/1077
f 1154/28/1078 1116/27/1078 1118/33/1078 1155/34/1078
f 1155/34/1079 1118/33/1079 1108/20/1079 1150/19/1079
f 1110/35/1080 1108/36/1080 1131/37/1080 1132/38/1080
f 1117/39/1081 1130/40/1081 1119/41/1081 1107/42/1081
f 1149/43/1082 1129/44/1082 1120/45/1082 1144/46/1082
f 1115/39/1083 1128/40/1083 1130/40/1083 1117/39/1083
f 1148/47/1084 1127/48/1084 1129/44/1084 1149/43/1084
f 1113/42/1085 1126/41/1085 1128/40/1085 1115/39/1085
f 1147/49/1086 1125/50/1086 1127/48/1086 1148/47/1086
f 1111/51/1087 1124/52/1087 1126/41/1087 1113/42/1087
f 1146/53/1088 1123/54/1088 1125/50/1088 1147/49/1088
f 1109/51/1089 1122/52/1089 1124/52/1089 1111/51/1089
f 1145/55/1090 1121/56/1090 1123/54/1090 1146/53/1090
f 1107/42/1091 1119/41/1091 1122/52/1091 1109/51/1091
f 1144/46/1092 1120/45/1092 1121/56/1092 1145/55/1092
f 1114/57/1093 1112/58/1093 1133/59/1093 1134/60/1093
f 1108/36/1094 1118/29/1094 1136/32/1094 1131/37/1094
f 1116/30/1095 1114/57/1095 1134/60/1095 1135/31/1095
f 1112/58/1096 1110/35/1096 1132/38/1096 1133/59/1096
f 1131/37/1097 1136/32/1097 1142/61/1097 1137/62/1097
f 1135/31/1098 1134/60/1098 1140/63/1098 1141/64/1098
f 1133/59/1099 1132/38/1099 1138/65/1099 1139/66/1099
f 1136/32/1100 1135/31/1100 1141/64/1100 1142/61/1100
f 1134/60/1101 1133/59/1101 1139/66/1101 1140/63/1101
f 1132/38/1102 1131/37/1102 1137/62/1102 1138/65/1102
f 1142/61/1103 1141/64/1103 1143/67/1103
f 1140/63/1104 1139/66/1104 1143/67/1104
f 1138/65/1105 1137/62/1105 1143/67/1105
f 1137/62/1106 1142/61/1106 1143/67/1106
f 1141/64/1107 1140/63/1107 1143/67/1107
f 1139/66/1108 1138/65/1108 1143/67/1108
f 1119/41/1109 1144/46/1109 1145/55/1109 1122/52/1109
f 1122/52/1110 1145/55/1110 1146/53/1110 1124/52/1110
f 1124/52/1111 1146/53/1111 1147/49/1111 1126/41/1111
f 1126/41/1112 1147/49/1112 1148/47/1112 1128/40/1112
f 1128/40/1113 1148/47/1113 1149/43/1113 1130/40/1113
f 1130/40/1114 1149/43/1114 1144/46/1114 1119/41/1114
f 1129/44/1115 1155/34/1115 1150/19/1115 1120/45/1115
f 1127/48/1116 1154/28/1116 1155/34/1116 1129/44/1116
f 1125/50/1117 1153/26/1117 1154/28/1117 1127/48/1117
f 1123/54/1118 1152/24/1118 1153/26/1118 1125/50/1118
f 1121/56/1119 1151/22/1119 1152/24/1119 1123/54/1119
f 1120/45/1120 1150/19/1120 1151/22/1120 1121/56/1120
f 1151/22/1121 1150/19/1121 1156/19/1121 1157/22/1121
f 1153/26/1122 1152/24/1122 1158/24/1122 1159/26/1122
f 1155/34/1123 1154/28/1123 1160/28/1123 1161/34/1123
f 1152/24/1124 1151/22/1124 1157/22/1124 1158/24/1124
f 1154/28/1125 1153/26/1125 1159/26/1125 1160/28/1125
f 1150/19/1126 1155/34/1126 1161/34/1126 1156/19/1126
f 1181/68/1127 1194/69/1127 1165/70/1127 1175/71/1127
f 1170/72/1128 1164/73/1128 1193/74/1128 1178/75/1128
f 1186/76/1129 1192/77/1129 1194/69/1129 1181/68/1129
f 1182/78/1130 1184/79/1130 1179/80/1130 1167/81/1130
f 1184/79/1131 1185/82/1131 1180/83/1131 1179/80/1131
f 1185/82/1132 1186/76/1132 1181/68/1132 1180/83/1132
f 1162/84/1133 1172/85/1133 1176/86/1133 1166/87/1133
f 1172/85/1134 1171/88/1134 1177/89/1134 1176/86/1134
f 1171/88/1135 1170/72/1135 1178/75/1135 1177/89/1135
f 1167/81/1136 1179/80/1136 1173/90/1136 1163/91/1136
f 1179/80/1137 1180/83/1137 1174/92/1137 1173/90/1137
f 1180/83/1138 1181/68/1138 1175/71/1138 1174/92/1138
f 1177/89/1139 1178/75/1139 1186/76/1139 1185/82/1139
f 1176/86/1140 1177/89/1140 1185/82/1140 1184/79/1140
f 1166/87/1141 1176/86/1141 1184/79/1141 1182/78/1141
f 1178/75/1142 1193/74/1142 1192/77/1142 1186/76/1142
f 1214/68/1143 1208/71/1143 1198/70/1143 1227/69/1143
f 1188/93/1144 1169/94/1144 1187/95/1144
f 1187/95/1145 1169/94/1145 1183/96/1145 1191/97/1145
f 1191/97/1146 1183/96/1146 1168/98/1146 1190/99/1146
f 1190/99/1147 1168/98/1147 1189/100/1147
f 1164/73/1148 1188/93/1148 1187/95/1148 1193/74/1148
f 1193/74/1149 1187/95/1149 1191/97/1149 1192/77/1149
f 1192/77/1150 1191/97/1150 1190/99/1150 1194/69/1150
f 1194/69/1151 1190/99/1151 1189/100/1151 1165/70/1151
f 1203/72/1152 1211/75/1152 1226/74/1152 1197/73/1152
f 1219/76/1153 1214/68/1153 1227/69/1153 1225/77/1153
f 1215/78/1154 1200/81/1154 1212/80/1154 1217/79/1154
f 1217/79/1155 1212/80/1155 1213/83/1155 1218/82/1155
f 1218/82/1156 1213/83/1156 1214/68/1156 1219/76/1156
f 1195/84/1157 1199/87/1157 1209/86/1157 1205/85/1157
f 1205/85/1158 1209/86/1158 1210/89/1158 1204/88/1158
f 1204/88/1159 1210/89/1159 1211/75/1159 1203/72/1159
f 1200/81/1160 1196/91/1160 1206/90/1160 1212/80/1160
f 1212/80/1161 1206/90/1161 1207/92/1161 1213/83/1161
f 1213/83/1162 1207/92/1162 1208/71/1162 1214/68/1162
f 1210/89/1163 1218/82/1163 1219/76/1163 1211/75/1163
f 1209/86/1164 1217/79/1164 1218/82/1164 1210/89/1164
f 1199/87/1165 1215/78/1165 1217/79/1165 1209/86/1165
f 1211/75/1166 1219/76/1166 1225/77/1166 1226/74/1166
f 1221/93/1167 1220/95/1167 1202/94/1167
f 1220/95/1168 1224/97/1168 1216/96/1168 1202/94/1168
f 1224/97/1169 1223/99/1169 1201/98/1169 1216/96/1169
f 1223/99/1170 1222/100/1170 1201/98/1170
f 1197/73/1171 1226/74/1171 1220/95/1171 1221/93/1171
f 1226/74/1172 1225/77/1172 1224/97/1172 1220/95/1172
f 1225/77/1173 1227/69/1173 1223/99/1173 1224/97/1173
f 1227/69/1174 1198/70/1174 1222/100/1174 1223/99/1174
f 1188/101/1175 1164/102/1175 1197/102/1175 1221/101/1175
f 1170/103/1176 1171/104/1176 1204/104/1176 1203/103/1176
f 1169/105/1177 1188/101/1177 1221/101/1177 1202/105/1177
f 1162/84/1178 1166/87/1178 1199/87/1178 1195/84/1178
f 1171/104/1179 1172/106/1179 1205/106/1179 1204/104/1179
f 1165/107/1180 1189/108/1180 1222/108/1180 1198/107/1180
f 1182/78/1181 1167/81/1181 1200/81/1181 1215/78/1181
f 1163/109/1182 1173/110/1182 1206/110/1182 1196/109/1182
f 1189/108/1183 1168/111/1183 1201/111/1183 1222/108/1183
f 1173/110/1184 1174/112/1184 1207/112/1184 1206/110/1184
f 1183/113/1185 1169/105/1185 1202/105/1185 1216/113/1185
f 1172/106/1186 1162/114/1186 1195/114/1186 1205/106/1186
f 1174/112/1187 1175/115/1187 1208/115/1187 1207/112/1187
f 1167/81/1188 1163/91/1188 1196/91/1188 1200/81/1188
f 1166/87/1189 1182/78/1189 1215/78/1189 1199/87/1189
f 1175/115/1190 1165/107/1190 1198/107/1190 1208/115/1190
f 1168/111/1191 1183/113/1191 1216/113/1191 1201/111/1191
f 1164/102/1192 1170/103/1192 1203/103/1192 1197/102/1192
f 1247/68/1193 1260/69/1193 1231/70/1193 1241/71/1193
f 1236/72/1194 1230/73/1194 1259/74/1194 1244/75/1194
f 1252/76/1195 1258/77/1195 1260/69/1195 1247/68/1195
f 1248/78/1196 1250/79/1196 1245/80/1196 1233/81/1196
f 1250/79/1197 1251/82/1197 1246/83/1197 1245/80/1197
f 1251/82/1198 1252/76/1198 1247/68/1198 1246/83/1198
f 1228/84/1199 1238/85/1199 1242/86/1199 1232/87/1199
f 1238/85/1200 1237/88/1200 1243/89/1200 1242/86/1200
f 1237/88/1201 1236/72/1201 1244/75/1201 1243/89/1201
f 1233/81/1202 1245/80/1202 1239/90/1202 1229/91/1202
f 1245/80/1203 1246/83/1203 1240/92/1203 1239/90/1203
f 1246/83/1204 1247/68/1204 1241/71/1204 1240/92/1204
f 1243/89/1205 1244/75/1205 1252/76/1205 1251/82/1205
f 1242/86/1206 1243/89/1206 1251/82/1206 1250/79/1206
f 1232/87/1207 1242/86/1207 1250/79/1207 1248/78/1207
f 1244/75/1208 1259/74/1208 1258/77/1208 1252/76/1208
f 1280/68/1209 1274/71/1209 1264/70/1209 1293/69/1209
f 1254/93/1210 1235/94/1210 1253/95/1210
f 1253/95/1211 1235/94/1211 1249/96/1211 1257/97/1211
f 1257/97/1212 1249/96/1212 1234/98/1212 1256/99/1212
f 1256/99/1213 1234/98/1213 1255/100/1213
f 1230/73/1214 1254/93/1214 1253/95/1214 1259/74/1214
f 1259/74/1215 1253/95/1215 1257/97/1215 1258/77/1215
f 1258/77/1216 1257/97/1216 1256/99/1216 1260/69/1216
f 1260/69/1217 1256/99/1217 1255/100/1217 1231/70/1217
f 1269/72/1218 1277/75/1218 1292/74/1218 1263/73/1218
f 1285/76/1219 1280/68/1219 1293/69/1219 1291/77/1219
f 1281/78/1220 1266/81/1220 1278/80/1220 1283/79/1220
f 1283/79/1221 1278/80/1221 1279/83/1221 1284/82/1221
f 1284/82/1222 1279/83/1222 1280/68/1222 1285/76/1222
f 1261/84/1223 1265/87/1223 1275/86/1223 1271/85/1223
f 1271/85/1224 1275/86/1224 1276/89/1224 1270/88/1224
f 1270/88/1225 1276/89/1225 1277/75/1225 1269/72/1225
f 1266/81/1226 1262/91/1226 1272/90/1226 1278/80/1226
f 1278/80/1227 1272/90/1227 1273/92/1227 1279/83/1227
f 1279/83/1228 1273/92/1228 1274/71/1228 1280/68/1228
f 1276/89/1229 1284/82/1229 1285/76/1229 1277/75/1229
f 1275/86/1230 1283/79/1230 1284/82/1230 1276/89/1230
f 1265/87/1231 1281/78/1231 1283/79/1231 1275/86/1231
f 1277/75/1232 1285/76/1232 1291/77/1232 1292/74/1232
f 1287/93/1233 1286/95/1233 1268/94/1233
f 1286/95/1234 1290/97/1234 1282/96/1234 1268/94/1234
f 1290/97/1235 1289/99/1235 1267/98/1235 1282/96/1235
f 1289/99/1236 1288/100/1236 1267/98/1236
f 1263/73/1237 1292/74/1237 1286/95/1237 1287/93/1237
f 1292/74/1238 1291/77/1238 1290/97/1238 1286/95/1238
f 1291/77/1239 1293/69/1239 1289/99/1239 1290/97/1239
f 1293/69/1240 1264/70/1240 1288/100/1240 1289/99/1240
f 1254/101/1241 1230/102/1241 1263/102/1241 1287/101/1241
f 1236/103/1242 1237/104/1242 1270/104/1242 1269/103/1242
f 1235/105/1243 1254/101/1243 1287/101/1243 1268/105/1243
f 1228/84/1244 1232/87/1244 1265/87/1244 1261/84/1244
f 1237/104/1245 1238/106/1245 1271/106/1245 1270/104/1245
f 1231/107/1246 1255/108/1246 1288/108/1246 1264/107/1246
f 1248/78/1247 1233/81/1247 1266/81/1247 1281/78/1247
f 1229/109/1248 1239/110/1248 1272/110/1248 1262/109/1248
f 1255/108/1249 1234/111/1249 1267/111/1249 1288/108/1249
f 1239/110/1250 1240/112/1250 1273/112/1250 1272/110/1250
f 1249/113/1251 1235/105/1251 1268/105/1251 1282/113/1251
f 1238/106/1252 1228/114/1252 1261/114/1252 1271/106/1252
f 1240/112/1253 1241/115/1253 1274/115/1253 1273/112/1253
f 1233/81/1254 1229/91/1254 1262/91/1254 1266/81/1254
f 1232/87/1255 1248/78/1255 1281/78/1255 1265/87/1255
f 1241/115/1256 1231/107/1256 1264/107/1256 1274/115/1256
f 1234/111/1257 1249/113/1257 1282/113/1257 1267/111/1257
f 1230/102/1258 1236/103/1258 1269/103/1258 1263/102/1258
f 1313/68/1259 1326/69/1259 1297/70/1259 1307/71/1259
f 1302/72/1260 1296/73/1260 1325/74/1260 1310/75/1260
f 1318/76/1261 1324/77/1261 1326/69/1261 1313/68/1261
f 1314/78/1262 1316/79/1262 1311/80/1262 1299/81/1262
f 1316/79/1263 1317/82/1263 1312/83/1263 1311/80/1263
f 1317/82/1264 1318/76/1264 1313/68/1264 1312/83/1264
f 1294/84/1265 1304/85/1265 1308/86/1265 1298/87/1265
f 1304/85/1266 1303/88/1266 1309/89/1266 1308/86/1266
f 1303/88/1267 1302/72/1267 1310/75/1267 1309/89/1267
f 1299/81/1268 1311/80/1268 1305/90/1268 1295/91/1268
f 1311/80/1269 1312/83/1269 1306/92/1269 1305/90/1269
f 1312/83/1270 1313/68/1270 1307/71/1270 1306/92/1270
f 1309/89/1271 1310/75/1271 1318/76/1271 1317/82/1271
f 1308/86/1272 1309/89/1272 1317/82/1272 1316/79/1272
f 1298/87/1273 1308/86/1273 1316/79/1273 1314/78/1273
f 1310/75/1274 1325/74/1274 1324/77/1274 1318/76/1274
f 1346/68/1275 1340/71/1275 1330/70/1275 1359/69/1275
f 1320/93/1276 1301/94/1276 1319/95/1276
f 1319/95/1277 1301/94/1277 1315/96/1277 1323/97/1277
f 1323/97/1278 1315/96/1278 1300/98/1278 1322/99/1278
f 1322/99/1279 1300/98/1279 1321/100/1279
f 1296/73/1280 1320/93/1280 1319/95/1280 1325/74/1280
f 1325/74/1281 1319/95/1281 1323/97/1281 1324/77/1281
f 1324/77/1282 1323/97/1282 1322/99/1282 1326/69/1282
f 1326/69/1283 1322/99/1283 1321/100/1283 1297/70/1283
f 1335/72/1284 1343/75/1284 1358/74/1284 1329/73/1284
f 1351/76/1285 1346/68/1285 1359/69/1285 1357/77/1285
f 1347/78/1286 1332/81/1286 1344/80/1286 1349/79/1286
f 1349/79/1287 1344/80/1287 1345/83/1287 1350/82/1287
f 1350/82/1288 1345/83/1288 1346/68/1288 1351/76/1288
f 1327/84/1289 1331/87/1289 1341/86/1289 1337/85/1289
f 1337/85/1290 1341/86/1290 1342/89/1290 1336/88/1290
f 1336/88/1291 1342/89/1291 1343/75/1291 1335/72/1291
f 1332/81/1292 1328/91/1292 1338/90/1292 1344/80/1292
f 1344/80/1293 1338/90/1293 1339/92/1293 1345/83/1293
f 1345/83/1294 1339/92/1294 1340/71/1294 1346/68/1294
f 1342/89/1295 1350/82/1295 1351/76/1295 1343/75/1295
f 1341/86/1296 1349/79/1296 1350/82/1296 1342/89/1296
f 1331/87/1297 1347/78/1297 1349/79/1297 1341/86/1297
f 1343/75/1298 1351/76/1298 1357/77/1298 1358/74/1298
f 1353/93/1299 1352/95/1299 1334/94/1299
f 1352/95/1300 1356/97/1300 1348/96/1300 1334/94/1300
f 1356/97/1301 1355/99/1301 1333/98/1301 1348/96/1301
f 1355/99/1302 1354/100/1302 1333/98/1302
f 1329/73/1303 1358/74/1303 1352/95/1303 1353/93/1303
f 1358/74/1304 1357/77/1304 1356/97/1304 1352/95/1304
f 1357/77/1305 1359/69/1305 1355/99/1305 1356/97/1305
f 1359/69/1306 1330/70/1306 1354/100/1306 1355/99/1306
f 1320/101/1307 1296/102/1307 1329/102/1307 1353/101/1307
f 1302/103/1308 1303/104/1308 1336/104/1308 1335/103/1308
f 1301/105/1309 1320/101/1309 1353/101/1309 1334/105/1309
f 1294/84/1310 1298/87/1310 1331/87/1310 1327/84/1310
f 1303/104/1311 1304/106/1311 1337/106/1311 1336/104/1311
f 1297/107/1312 1321/108/1312 1354/108/1312 1330/107/1312
f 1314/78/1313 1299/81/1313 1332/81/1313 1347/78/1313
f 1295/109/1314 1305/110/1314 1338/110/1314 1328/109/1314
f 1321/108/1315 1300/111/1315 1333/111/1315 1354/108/1315
f 1305/110/1316 1306/112/1316 1339/112/1316 1338/110/1316
f 1315/113/1317 1301/105/1317 1334/105/1317 1348/113/1317
f 1304/106/1318 1294/114/1318 1327/114/1318 1337/106/1318
f 1306/112/1319 1307/115/1319 1340/115/1319 1339/112/1319
f 1299/81/1320 1295/91/1320 1328/91/1320 1332/81/1320
f 1298/87/1321 1314/78/1321 1347/78/1321 1331/87/1321
f 1307/115/1322 1297/107/1322 1330/107/1322 1340/115/1322
f 1300/111/1323 1315/113/1323 1348/113/1323 1333/111/1323
f 1296/102/1324 1302/103/1324 1335/103/1324 1329/102/1324
f 1379/68/1325 1392/69/1325 1363/70/1325 1373/71/1325
f 1368/72/1326 1362/73/1326 1391/74/1326 1376/75/1326
f 1384/76/1327 1390/77/1327 1392/69/1327 1379/68/1327
f 1380/78/1328 1382/79/1328 1377/80/1328 1365/81/1328
f 1382/79/1329 1383/82/1329 1378/83/1329 1377/80/1329
f 1383/82/1330 1384/76/1330 1379/68/1330 1378/83/1330
f 1360/84/1331 1370/85/1331 1374/86/1331 1364/87/1331
f 1370/85/1332 1369/88/1332 1375/89/1332 1374/86/1332
f 1369/88/1333 1368/72/1333 1376/75/1333 1375/89/1333
f 1365/81/1334 1377/80/1334 1371/90/1334 1361/91/1334
f 1377/80/1335 1378/83/1335 1372/92/1335 1371/90/1335
f 1378/83/1336 1379/68/1336 1373/71/1336 1372/92/1336
f 1375/89/1337 1376/75/1337 1384/76/1337 1383/82/1337
f 1374/86/1338 1375/89/1338 1383/82/1338 1382/79/1338
f 1364/87/1339 1374/86/1339 1382/79/1339 1380/78/1339
f 1376/75/1340 1391/74/1340 1390/77/1340 1384/76/1340
f 1412/68/1341 1406/71/1341 1396/70/1341 1425/69/1341
f 1386/93/1342 1367/94/1342 1385/95/1342
f 1385/95/1343 1367/94/1343 1381/96/1343 1389/97/1343
f 1389/97/1344 1381/96/1344 1366/98/1344 1388/99/1344
f 1388/99/1345 1366/98/1345 1387/100/1345
f 1362/73/1346 1386/93/1346 1385/95/1346 1391/74/1346
f 1391/74/1347 1385/95/1347 1389/97/1347 1390/77/1347
f 1390/77/1348 1389/97/1348 1388/99/1348 1392/69/1348
f 1392/69/1349 1388/99/1349 1387/100/1349 1363/70/1349
f 1401/72/1350 1409/75/1350 1424/74/1350 1395/73/1350
f 1417/76/1351 1412/68/1351 1425/69/1351 1423/77/1351
f 1413/78/1352 1398/81/1352 1410/80/1352 1415/79/1352
f 1415/79/1353 1410/80/1353 1411/83/1353 1416/82/1353
f 1416/82/1354 1411/83/1354 1412/68/1354 1417/76/1354
f 1393/84/1355 1397/87/1355 1407/86/1355 1403/85/1355
f 1403/85/1356 1407/86/1356 1408/89/1356 1402/88/1356
f 1402/88/1357 1408/89/1357 1409/75/1357 1401/72/1357
f 1398/81/1358 1394/91/1358 1404/90/1358 1410/80/1358
f 1410/80/1359 1404/90/1359 1405/92/1359 1411/83/1359
f 1411/83/1360 1405/92/1360 1406/71/1360 1412/68/1360
f 1408/89/1361 1416/82/1361 1417/76/1361 1409/75/1361
f 1407/86/1362 1415/79/1362 1416/82/1362 1408/89/1362
f 1397/87/1363 1413/78/1363 1415/79/1363 1407/86/1363
f 1409/75/1364 1417/76/1364 1423/77/1364 1424/74/1364
f 1419/93/1365 1418/95/1365 1400/94/1365
f 1418/95/1366 1422/97/1366 1414/96/1366 1400/94/1366
f 1422/97/1367 1421/99/1367 1399/98/1367 1414/96/1367
f 1421/99/1368 1420/100/1368 1399/98/1368
f 1395/73/1369 1424/74/1369 1418/95/1369 1419/93/1369
f 1424/74/1370 1423/77/1370 1422/97/1370 1418/95/1370
f 1423/77/1371 1425/69/1371 1421/99/1371 1422/97/1371
f 1425/69/1372 1396/70/1372 1420/100/1372 1421/99/1372
f 1386/101/1373 1362/102/1373 1395/102/1373 1419/101/1373
f 1368/103/1374 1369/104/1374 1402/104/1374 1401/103/1374
f 1367/105/1375 1386/101/1375 1419/101/1375 1400/105/1375
f 1360/84/1376 1364/87/1376 1397/87/1376 1393/84/1376
f 1369/104/1377 1370/106/1377 1403/106/1377 1402/104/1377
f 1363/107/1378 1387/108/1378 1420/108/1378 1396/107/1378
f 1380/78/1379 1365/81/1379 1398/81/1379 1413/78/1379
f 1361/109/1380 1371/110/1380 1404/110/1380 1394/109/1380
f 1387/108/1381 1366/111/1381 1399/111/1381 1420/108/1381
f 1371/110/1382 1372/112/1382 1405/112/1382 1404/110/1382
f 1381/113/1383 1367/105/1383 1400/105/1383 1414/113/1383
f 1370/106/1384 1360/114/1384 1393/114/1384 1403/106/1384
f 1372/112/1385 1373/115/1385 1406/115/1385 1405/112/1385
f 1365/81/1386 1361/91/1386 1394/91/1386 1398/81/1386
f 1364/87/1387 1380/78/1387 1413/78/1387 1397/87/1387
f 1373/115/1388 1363/107/1388 1396/107/1388 1406/115/1388
f 1366/111/1389 1381/113/1389 1414/113/1389 1399/111/1389
f 1362/102/1390 1368/103/1390 1401/103/1390 1395/102/1390
f 1445/68/1391 1458/69/1391 1429/70/1391 1439/71/1391
f 1434/72/1392 1428/73/1392 1457/74/1392 1442/75/1392
f 1450/76/1393 1456/77/1393 1458/69/1393 1445/68/1393
f 1446/78/1394 1448/79/1394 1443/80/1394 1431/81/1394
f 1448/79/1395 1449/82/1395 1444/83/1395 1443/80/1395
f 1449/82/1396 1450/76/1396 1445/68/1396 1444/83/1396
f 1426/84/1397 1436/85/1397 1440/86/1397 1430/87/1397
f 1436/85/1398 1435/88/1398 1441/89/1398 1440/86/1398
f 1435/88/1399 1434/72/1399 1442/75/1399 1441/89/1399
f 1431/81/1400 1443/80/1400 1437/90/1400 1427/91/1400
f 1443/80/1401 1444/83/1401 1438/92/1401 1437/90/1401
f 1444/83/1402 1445/68/1402 1439/71/1402 1438/92/1402
f 1441/89/1403 1442/75/1403 1450/76/1403 1449/82/1403
f 1440/86/1404 1441/89/1404 1449/82/1404 1448/79/1404
f 1430/87/1405 1440/86/1405 1448/79/1405 1446/78/1405
f 1442/75/1406 1457/74/1406 1456/77/1406 1450/76/1406
f 1478/68/1407 1472/71/1407 1462/70/1407 1491/69/1407
f 1452/93/1408 1433/94/1408 1451/95/1408
f 1451/95/1409 1433/94/1409 1447/96/1409 1455/97/1409
f 1455/97/1410 1447/96/1410 1432/98/1410 1454/99/1410
f 1454/99/1411 1432/98/1411 1453/100/1411
f 1428/73/1412 1452/93/1412 1451/95/1412 1457/74/1412
f 1457/74/1413 1451/95/1413 1455/97/1413 1456/77/1413
f 1456/77/1414 1455/97/1414 1454/99/1414 1458/69/1414
f 1458/69/1415 1454/99/1415 1453/100/1415 1429/70/1415
f 1467/72/1416 1475/75/1416 1490/74/1416 1461/73/1416
f 1483/76/1417 1478/68/1417 1491/69/1417 1489/77/1417
f 1479/78/1418 1464/81/1418 1476/80/1418 1481/79/1418
f 1481/79/1419 1476/80/1419 1477/83/1419 1482/82/1419
f 1482/82/1420 1477/83/1420 1478/68/1420 1483/76/1420
f 1459/84/1421 1463/87/1421 1473/86/1421 1469/85/1421
f 1469/85/1422 1473/86/1422 1474/89/1422 1468/88/1422
f 1468/88/1423 1474/89/1423 1475/75/1423 1467/72/1423
f 1464/81/1424 1460/91/1424 1470/90/1424 1476/80/1424
f 1476/80/1425 1470/90/1425 1471/92/1425 1477/83/1425
f 1477/83/1426 1471/92/1426 1472/71/1426 1478/68/1426
f 1474/89/1427 1482/82/1427 1483/76/1427 1475/75/1427
f 1473/86/1428 1481/79/1428 1482/82/1428 1474/89/1428
f 1463/87/1429 1479/78/1429 1481/79/1429 1473/86/1429
f 1475/75/1430 1483/76/1430 1489/77/1430 1490/74/1430
f 1485/93/1431 1484/95/1431 1466/94/1431
f 1484/95/1432 1488/97/1432 1480/96/1432 1466/94/1432
f 1488/97/1433 1487/99/1433 1465/98/1433 1480/96/1433
f 1487/99/1434 1486/100/1434 1465/98/1434
f 1461/73/1435 1490/74/1435 1484/95/1435 1485/93/1435
f 1490/74/1436 1489/77/1436 1488/97/1436 1484/95/1436
f 1489/77/1437 1491/69/1437 1487/99/1437 1488/97/1437
f 1491/69/1438 1462/70/1438 1486/100/1438 1487/99/1438
f 1452/101/1439 1428/102/1439 1461/102/1439 1485/101/1439
f 1434/103/1440 1435/104/1440 1468/104/1440 1467/103/1440
f 1433/105/1441 1452/101/1441 1485/101/1441 1466/105/1441
f 1426/84/1442 1430/87/1442 1463/87/1442 1459/84/1442
f 1435/104/1443 1436/106/1443 1469/106/1443 1468/104/1443
f 1429/107/1444 1453/108/1444 1486/108/1444 1462/107/1444
f 1446/78/1445 1431/81/1445 1464/81/1445 1479/78/1445
f 1427/109/1446 1437/110/1446 1470/110/1446 1460/109/1446
f 1453/108/1447 1432/111/1447 1465/111/1447 1486/108/1447
f 1437/110/1448 1438/112/1448 1471/112/1448 1470/110/1448
f 1447/113/1449 1433/105/1449 1466/105/1449 1480/113/1449
f 1436/106/1450 1426/114/1450 1459/114/1450 1469/106/1450
f 1438/112/1451 1439/115/1451 1472/115/1451 1471/112/1451
f 1431/81/1452 1427/91/1452 1460/91/1452 1464/81/1452
f 1430/87/1453 1446/78/1453 1479/78/1453 1463/87/1453
f 1439/115/1454 1429/107/1454 1462/107/1454 1472/115/1454
f 1432/111/1455 1447/113/1455 1480/113/1455 1465/111/1455
f 1428/102/1456 1434/103/1456 1467/103/1456 1461/102/1456
f 1511/68/1457 1524/69/1457 1495/70/1457 1505/71/1457
f 1500/72/1458 1494/73/1458 1523/74/1458 1508/75/1458
f 1516/76/1459 1522/77/1459 1524/69/1459 1511/68/1459
f 1512/78/1460 1514/79/1460 1509/80/1460 1497/81/1460
f 1514/79/1461 1515/82/1461 1510/83/1461 1509/80/1461
f 1515/82/1462 1516/76/1462 1511/68/1462 1510/83/1462
f 1492/84/1463 1502/85/1463 1506/86/1463 1496/87/1463
f 1502/85/1464 1501/88/1464 1507/89/1464 1506/86/1464
f 1501/88/1465 1500/72/1465 1508/75/1465 1507/89/1465
f 1497/81/1466 1509/80/1466 1503/90/1466 1493/91/1466
f 1509/80/1467 1510/83/1467 1504/92/1467 1503/90/1467
f 1510/83/1468 1511/68/1468 1505/71/1468 1504/92/1468
f 1507/89/1469 1508/75/1469 1516/76/1469 1515/82/1469
f 1506/86/1470 1507/89/1470 1515/82/1470 1514/79/1470
f 1496/87/1471 1506/86/1471 1514/79/1471 1512/78/1471
f 1508/75/1472 1523/74/1472 1522/77/1472 1516/76/1472
f 1544/68/1473 1538/71/1473 1528/70/1473 1557/69/1473
f 1518/93/1474 1499/94/1474 1517/95/1474
f 1517/95/1475 1499/94/1475 1513/96/1475 1521/97/1475
f 1521/97/1476 1513/96/1476 1498/98/1476 1520/99/1476
f 1520/99/1477 1498/98/1477 1519/100/1477
f 1494/73/1478 1518/93/1478 1517/95/1478 1523/74/1478
f 1523/74/1479 1517/95/1479 1521/97/1479 1522/77/1479
f 1522/77/1480 1521/97/1480 1520/99/1480 1524/69/1480
f 1524/69/1481 1520/99/1481 1519/100/1481 1495/70/1481
f 1533/72/1482 1541/75/1482 1556/74/1482 1527/73/1482
f 1549/76/1483 1544/68/1483 1557/69/1483 1555/77/1483
f 1545/78/1484 1530/81/1484 1542/80/1484 1547/79/1484
f 1547/79/1485 1542/80/1485 1543/83/1485 1548/82/1485
f 1548/82/1486 1543/83/1486 1544/68/1486 1549/76/1486
f 1525/84/1487 1529/87/1487 1539/86/1487 1535/85/1487
f 1535/85/1488 1539/86/1488 1540/89/1488 1534/88/1488
f 1534/88/1489 1540/89/1489 1541/75/1489 1533/72/1489
f 1530/81/1490 1526/91/1490 1536/90/1490 1542/80/1490
f 1542/80/1491 1536/90/1491 1537/92/1491 1543/83/1491
f 1543/83/1492 1537/92/1492 1538/71/1492 1544/68/1492
f 1540/89/1493 1548/82/1493 1549/76/1493 1541/75/1493
f 1539/86/1494 1547/79/1494 1548/82/1494 1540/89/1494
f 1529/87/1495 1545/78/1495 1547/79/1495 1539/86/1495
f 1541/75/1496 1549/76/1496 1555/77/1496 1556/74/1496
f 1551/93/1497 1550/95/1497 1532/94/1497
f 1550/95/1498 1554/97/1498 1546/96/1498 1532/94/1498
f 1554/97/1499 1553/99/1499 1531/98/1499 1546/96/1499
f 1553/99/1500 1552/100/1500 1531/98/1500
f 1527/73/1501 1556/74/1501 1550/95/1501 1551/93/1501
f 1556/74/1502 1555/77/1502 1554/97/1502 1550/95/1502
f 1555/77/1503 1557/69/1503 1553/99/1503 1554/97/1503
f 1557/69/1504 1528/70/1504 1552/100/1504 1553/99/1504
f 1518/101/1505 1494/102/1505 1527/102/1505 1551/101/1505
f 1500/103/1506 1501/104/1506 1534/104/1506 1533/103/1506
f 1499/105/1507 1518/101/1507 1551/101/1507 1532/105/1507
f 1492/84/1508 1496/87/1508 1529/87/1508 1525/84/1508
f 1501/104/1509 1502/106/1509 1535/106/1509 1534/104/1509
f 1495/107/1510 1519/108/1510 1552/108/1510 1528/107/1510
f 1512/78/1511 1497/81/1511 1530/81/1511 1545/78/1511
f 1493/109/1512 1503/110/1512 1536/110/1512 1526/109/1512
f 1519/108/1513 1498/111/1513 1531/111/1513 1552/108/1513
f 1503/110/1514 1504/112/1514 1537/112/1514 1536/110/1514
f 1513/113/1515 1499/105/1515 1532/105/1515 1546/113/1515
f 1502/106/1516 1492/114/1516 1525/114/1516 1535/106/1516
f 1504/112/1517 1505/115/1517 1538/115/1517 1537/112/1517
f 1497/81/1518 1493/91/1518 1526/91/1518 1530/81/1518
f 1496/87/1519 1512/78/1519 1545/78/1519 1529/87/1519
f 1505/115/1520 1495/107/1520 1528/107/1520 1538/115/1520
f 1498/111/1521 1513/113/1521 1546/113/1521 1531/111/1521
f 1494/102/1522 1500/103/1522 1533/103/1522 1527/102/1522
f 1577/68/1523 1590/69/1523 1561/70/1523 1571/71/1523
f 1566/72/1524 1560/73/1524 1589/74/1524 1574/75/1524
f 1582/76/1525 1588/77/1525 1590/69/1525 1577/68/1525
f 1578/78/1526 1580/79/1526 1575/80/1526 1563/81/1526
f 1580/79/1527 1581/82/1527 1576/83/1527 1575/80/1527
f 1581/82/1528 1582/76/1528 1577/68/1528 1576/83/1528
f 1558/84/1529 1568/85/1529 1572/86/1529 1562/87/1529
f 1568/85/1530 1567/88/1530 1573/89/1530 1572/86/1530
f 1567/88/1531 1566/72/1531 1574/75/1531 1573/89/1531
f 1563/81/1532 1575/80/1532 1569/90/1532 1559/91/1532
f 1575/80/1533 1576/83/1533 1570/92/1533 1569/90/1533
f 1576/83/1534 1577/68/1534 1571/71/1534 1570/92/1534
f 1573/89/1535 1574/75/1535 1582/76/1535 1581/82/1535
f 1572/86/1536 1573/89/1536 1581/82/1536 1580/79/1536
f 1562/87/1537 1572/86/1537 1580/79/1537 1578/78/1537
f 1574/75/1538 1589/74/1538 1588/77/1538 1582/76/1538
f 1610/68/1539 1604/71/1539 1594/70/1539 1623/69/1539
f 1584/93/1540 1565/94/1540 1583/95/1540
f 1583/95/1541 1565/94/1541 1579/96/1541 1587/97/1541
f 1587/97/1542 1579/96/1542 1564/98/1542 1586/99/1542
f 1586/99/1543 1564/98/1543 1585/100/1543
f 1560/73/1544 1584/93/1544 1583/95/1544 1589/74/1544
f 1589/74/1545 1583/95/1545 1587/97/1545 1588/77/1545
f 1588/77/1546 1587/97/1546 1586/99/1546 1590/69/1546
f 1590/69/1547 1586/99/1547 1585/100/1547 1561/70/1547
f 1599/72/1548 1607/75/1548 1622/74/1548 1593/73/1548
f 1615/76/1549 1610/68/1549 1623/69/1549 1621/77/1549
f 1611/78/1550 1596/81/1550 1608/80/1550 1613/79/1550
f 1613/79/1551 1608/80/1551 1609/83/1551 1614/82/1551
f 1614/82/1552 1609/83/1552 1610/68/1552 1615/76/1552
f 1591/84/1553 1595/87/1553 1605/86/1553 1601/85/1553
f 1601/85/1554 1605/86/1554 1606/89/1554 1600/88/1554
f 1600/88/1555 1606/89/1555 1607/75/1555 1599/72/1555
f 1596/81/1556 1592/91/1556 1602/90/1556 1608/80/1556
f 1608/80/1557 1602/90/1557 1603/92/1557 1609/83/1557
f 1609/83/1558 1603/92/1558 1604/71/1558 1610/68/1558
f 1606/89/1559 1614/82/1559 1615/76/1559 1607/75/1559
f 1605/86/1560 1613/79/1560 1614/82/1560 1606/89/1560
f 1595/87/1561 1611/78/1561 1613/79/1561 1605/86/1561
f 1607/75/1562 1615/76/1562 1621/77/1562 1622/74/1562
f 1617/93/1563 1616/95/1563 1598/94/1563
f 1616/95/1564 1620/97/1564 1612/96/1564 1598/94/1564
f 1620/97/1565 1619/99/1565 1597/98/1565 1612/96/1565
f 1619/99/1566 1618/100/1566 1597/98/1566
f 1593/73/1567 1622/74/1567 1616/95/1567 1617/93/1567
f 1622/74/1568 1621/77/1568 1620/97/1568 1616/95/1568
f 1621/77/1569 1623/69/1569 1619/99/1569 1620/97/1569
f 1623/69/1570 1594/70/1570 1618/100/1570 1619/99/1570
f 1584/101/1571 1560/102/1571 1593/102/1571 1617/101/1571
f 1566/103/1572 1567/104/1572 1600/104/1572 1599/103/1572
f 1565/105/1573 1584/101/1573 1617/101/1573 1598/105/1573
f 1558/84/1574 1562/87/1574 1595/87/1574 1591/84/1574
f 1567/104/1575 1568/106/1575 1601/106/1575 1600/104/1575
f 1561/107/1576 1585/108/1576 1618/108/1576 1594/107/1576
f 1578/78/1577 1563/81/1577 1596/81/1577 1611/78/1577
f 1559/109/1578 1569/110/1578 1602/110/1578 1592/109/1578
f 1585/108/1579 1564/111/1579 1597/111/1579 1618/108/1579
f 1569/110/1580 1570/112/1580 1603/112/1580 1602/110/1580
f 1579/113/1581 1565/105/1581 1598/105/1581 1612/113/1581
f 1568/106/1582 1558/114/1582 1591/114/1582 1601/106/1582
f 1570/112/1583 1571/115/1583 1604/115/1583 1603/112/1583
f 1563/81/1584 1559/91/1584 1592/91/1584 1596/81/1584
f 1562/87/1585 1578/78/1585 1611/78/1585 1595/87/1585
f 1571/115/1586 1561/107/1586 1594/107/1586 1604/115/1586
f 1564/111/1587 1579/113/1587 1612/113/1587 1597/111/1587
f 1560/102/1588 1566/103/1588 1599/103/1588 1593/102/1588
