# Blender 5.1.0
# www.blender.org
mtllib cat.mtl
o Cube
v 1.000000 2.000000 -3.000000
v 1.000000 0.000000 -4.000000
v 1.000000 0.000000 -3.000000
v 1.000000 2.000000 -4.000000
v 3.000000 0.000000 -3.000000
v 3.000000 2.000000 -3.000000
v 3.000000 0.000000 -4.000000
v 3.000000 2.000000 -4.000000
v 2.000000 0.000000 -4.000000
v 2.000000 2.000000 -4.000000
v 2.000000 0.000000 -3.000000
v 1.000000 1.000000 -4.000000
v 1.000000 1.000000 -3.000000
v 3.000000 1.000000 -4.000000
v 3.000000 1.000000 -3.000000
v 2.000000 1.000000 -4.000000
v 1.000000 3.000000 -3.000000
v 1.000000 3.000000 -4.000000
v 3.000000 3.000000 -3.000000
v 3.000000 3.000000 -4.000000
v 2.000000 3.000000 -4.000000
v 1.000000 4.000000 -4.000000
v 3.000000 4.000000 -3.000000
v 3.000000 4.000000 -4.000000
v 2.000000 4.000000 -4.000000
v 0.000000 3.000000 -3.000000
v 0.000000 3.000000 -4.000000
v 0.000000 4.000000 -3.000000
v 0.000000 4.000000 -4.000000
v 3.000000 7.000000 -4.000000
v 1.000000 5.000000 -4.000000
v 3.000000 5.000000 -3.000000
v 3.000000 5.000000 -4.000000
v 2.000000 5.000000 -4.000000
v 3.000000 7.000000 -3.000000
v 0.000000 5.000000 -3.000000
v 0.000000 5.000000 -4.000000
v 1.000000 2.000000 -2.000000
v 1.000000 0.000000 -2.000000
v 3.000000 0.000000 -2.000000
v 3.000000 2.000000 -2.000000
v 2.000000 0.000000 -2.000000
v 2.000000 2.000000 -2.000000
v 1.000000 1.000000 -2.000000
v 3.000000 1.000000 -2.000000
v 2.000000 1.000000 -2.000000
v 1.000000 3.000000 -2.000000
v 3.000000 3.000000 -2.000000
v 2.000000 3.000000 -2.000000
v 1.000000 6.000000 -4.000000
v 3.000000 4.000000 -2.000000
v 3.000000 4.000000 -1.000000
v 0.000000 3.000000 -2.000000
v 0.000000 4.000000 -2.000000
v 3.000000 5.000000 -2.000000
v 0.000000 8.000000 -6.000000
v 0.000000 5.000000 -2.000000
v 1.000000 1.000000 5.000000
v 3.000000 1.000000 5.000000
v 2.000000 1.000000 5.000000
v 3.000000 2.000000 4.000000
v 2.000000 0.000000 5.000000
v 2.000000 2.000000 5.000000
v 3.000000 2.000000 5.000000
v 1.000000 2.000000 5.000000
v 3.000000 6.000000 -3.000000
v 3.000000 6.000000 -4.000000
v 2.000000 6.000000 -4.000000
v 2.000000 3.000000 -1.000000
v 0.000000 6.000000 -3.000000
v 0.000000 6.000000 -4.000000
v 3.000000 3.000000 -1.000000
v 3.000000 6.000000 -2.000000
v 1.000000 3.000000 -1.000000
v 0.000000 6.000000 -2.000000
v 0.000000 5.000000 0.000000
v 3.000000 5.000000 0.000000
v 0.000000 4.000000 0.000000
v 0.000000 3.000000 0.000000
v 1.000000 8.000000 -6.000000
v 2.000000 9.000000 -1.000000
v 0.000000 7.000000 -3.000000
v 0.000000 7.000000 -4.000000
v 3.000000 9.000000 -2.000000
v 3.000000 7.000000 -2.000000
v 3.000000 9.000000 -1.000000
v 0.000000 7.000000 -2.000000
v 1.000000 3.000000 0.000000
v 3.000000 3.000000 0.000000
v 2.000000 3.000000 0.000000
v 3.000000 4.000000 0.000000
v 0.000000 3.000000 -1.000000
v 0.000000 4.000000 -1.000000
v 3.000000 5.000000 -1.000000
v 0.000000 5.000000 -1.000000
v 3.000000 4.000000 1.000000
v 2.000000 3.000000 1.000000
v 3.000000 3.000000 1.000000
v 1.000000 3.000000 1.000000
v 0.000000 3.000000 1.000000
v 0.000000 4.000000 1.000000
v 3.000000 5.000000 1.000000
v 0.000000 5.000000 1.000000
v 3.000000 4.000000 3.000000
v 2.000000 3.000000 3.000000
v 3.000000 3.000000 3.000000
v 1.000000 3.000000 3.000000
v 3.000000 6.000000 -1.000000
v 0.000000 6.000000 -1.000000
v 0.000000 3.000000 3.000000
v 0.000000 4.000000 3.000000
v 3.000000 5.000000 3.000000
v 0.000000 5.000000 3.000000
v 1.000000 7.000000 -1.000000
v 3.000000 7.000000 -1.000000
v 2.000000 7.000000 -1.000000
v 0.000000 7.000000 -1.000000
v 3.000000 4.000000 5.000000
v 3.000000 3.000000 5.000000
v 3.000000 1.000000 4.000000
v 3.000000 6.000000 0.000000
v 0.000000 6.000000 0.000000
v 0.000000 5.000000 2.000000
v 3.000000 5.000000 2.000000
v 0.000000 4.000000 2.000000
v 0.000000 3.000000 2.000000
v 1.000000 7.000000 0.000000
v 3.000000 7.000000 0.000000
v 2.000000 7.000000 0.000000
v 0.000000 7.000000 0.000000
v 1.000000 3.000000 2.000000
v 3.000000 3.000000 2.000000
v 2.000000 3.000000 2.000000
v 3.000000 4.000000 2.000000
v 3.000000 6.000000 1.000000
v 0.000000 6.000000 1.000000
v 0.000000 3.000000 5.000000
v 0.000000 4.000000 5.000000
v 3.000000 5.000000 5.000000
v 0.000000 5.000000 5.000000
v 1.000000 7.000000 1.000000
v 3.000000 7.000000 1.000000
v 2.000000 7.000000 1.000000
v 0.000000 7.000000 1.000000
v 1.000000 3.000000 5.000000
v 3.000000 3.000000 5.000000
v 2.000000 3.000000 5.000000
v 1.000000 4.000000 5.000000
v 3.000000 6.000000 2.000000
v 0.000000 6.000000 2.000000
v 0.000000 5.000000 4.000000
v 3.000000 5.000000 4.000000
v 0.000000 4.000000 4.000000
v 0.000000 3.000000 4.000000
v 1.000000 7.000000 2.000000
v 3.000000 7.000000 2.000000
v 2.000000 7.000000 2.000000
v 0.000000 7.000000 2.000000
v 3.000000 3.000000 4.000000
v 3.000000 4.000000 4.000000
v 3.000000 6.000000 3.000000
v 0.000000 6.000000 3.000000
v 3.000000 4.000000 5.000000
v 2.000000 4.000000 5.000000
v 0.000000 4.000000 5.000000
v 1.000000 7.000000 3.000000
v 3.000000 7.000000 3.000000
v 2.000000 7.000000 3.000000
v 0.000000 7.000000 3.000000
v 1.000000 5.000000 5.000000
v 3.000000 5.000000 5.000000
v 2.000000 5.000000 5.000000
v 0.000000 5.000000 5.000000
v 3.000000 6.000000 4.000000
v 0.000000 6.000000 4.000000
v 3.000000 0.000000 5.000000
v 3.000000 2.000000 5.000000
v 1.000000 0.000000 5.000000
v 1.000000 7.000000 4.000000
v 3.000000 7.000000 4.000000
v 2.000000 7.000000 4.000000
v 0.000000 7.000000 4.000000
v 1.000000 2.000000 3.000000
v 3.000000 2.000000 3.000000
v 2.000000 2.000000 3.000000
v 3.000000 6.000000 5.000000
v 0.000000 6.000000 5.000000
v 1.000000 6.000000 5.000000
v 3.000000 6.000000 5.000000
v 2.000000 6.000000 5.000000
v 0.000000 6.000000 5.000000
v 1.000000 7.000000 5.000000
v 3.000000 7.000000 5.000000
v 2.000000 7.000000 5.000000
v 0.000000 7.000000 5.000000
v 1.000000 7.000000 5.000000
v 3.000000 7.000000 5.000000
v 2.000000 7.000000 5.000000
v 0.000000 7.000000 5.000000
v 3.000000 1.000000 5.000000
v 1.000000 1.000000 3.000000
v 3.000000 1.000000 3.000000
v 2.000000 1.000000 3.000000
v 1.000000 0.000000 4.000000
v 3.000000 0.000000 4.000000
v 2.000000 0.000000 4.000000
v 1.000000 0.000000 5.000000
v 3.000000 0.000000 5.000000
v 2.000000 0.000000 5.000000
v 1.000000 2.000000 4.000000
v 1.000000 0.000000 3.000000
v 3.000000 0.000000 3.000000
v 2.000000 0.000000 3.000000
v 1.000000 1.000000 4.000000
v 1.000000 3.000000 4.000000
v 3.000000 8.000000 -1.000000
v 3.000000 8.000000 -2.000000
v 2.000000 8.000000 -1.000000
v 2.000000 10.000000 -1.000000
v 1.000000 8.000000 -1.000000
v 0.000000 8.000000 -1.000000
v 0.000000 8.000000 -2.000000
v 3.000000 8.000000 -3.000000
v 3.000000 10.000000 -2.000000
v 3.000000 10.000000 -1.000000
v 0.000000 8.000000 -3.000000
v 0.000000 6.000000 -6.000000
v 3.000000 8.000000 -4.000000
v 0.000000 7.000000 -6.000000
v 0.000000 8.000000 -4.000000
v 1.000000 9.000000 -1.000000
v 0.000000 9.000000 -1.000000
v 0.000000 9.000000 -2.000000
v 3.000000 9.000000 -3.000000
v 0.000000 9.000000 -3.000000
v 1.000000 7.000000 -6.000000
v 3.000000 9.000000 -4.000000
v 1.000000 6.000000 -6.000000
v 0.000000 9.000000 -4.000000
v 1.000000 10.000000 -1.000000
v 0.000000 10.000000 -1.000000
v 0.000000 10.000000 -2.000000
v 3.000000 10.000000 -3.000000
v 0.000000 10.000000 -3.000000
v 2.000000 10.000000 -4.000000
v 3.000000 10.000000 -4.000000
v 1.000000 10.000000 -4.000000
v 0.000000 10.000000 -4.000000
v 1.000000 10.000000 -2.000000
v 2.000000 10.000000 -2.000000
v 2.000000 10.000000 -2.999999
v 1.000000 10.000000 -2.999999
v 3.000000 11.000000 -1.000000
v 3.000000 11.000000 -2.000000
v 2.000000 11.000000 -1.000000
v 2.000000 11.000000 -2.000000
v 3.000000 12.000000 -1.000000
v 3.000000 12.000000 -2.000000
v 2.000000 12.000000 -1.000000
v 2.000000 12.000000 -2.000000
v 2.000000 11.000000 -1.000000
v 1.000000 11.000000 -1.000000
v 1.000000 11.000000 -2.000000
v 2.000000 11.000000 -2.000000
v 2.000000 6.000000 -5.000000
v 3.000000 6.000000 -5.000000
v 1.000000 6.000000 -5.000000
v 1.000000 7.000000 -5.000000
v 0.000000 7.000000 -5.000000
v 0.000000 6.000000 -5.000000
v 3.000000 7.000000 -5.000000
v 2.000000 7.000000 -5.000000
v 2.000000 8.000000 -5.000000
v 1.000000 8.000000 -5.000000
v 0.000000 8.000000 -5.000000
v 3.000000 8.000000 -5.000000
v 1.000000 9.000000 -5.000000
v 0.000000 9.000000 -5.000000
v 3.000000 9.000000 -5.000000
v 2.000000 9.000000 -5.000000
v 3.000000 10.000000 -5.000000
v 2.000000 10.000000 -5.000000
v 1.000000 10.000000 -5.000000
v 0.000000 10.000000 -5.000000
v 0.000000 7.000000 6.000000
v 0.000000 6.000000 6.000000
v 1.000000 6.000000 6.000000
v 1.000000 7.000000 6.000000
v 0.000000 7.000000 8.000000
v 0.000000 6.000000 8.000000
v 1.000000 6.000000 8.000000
v 1.000000 7.000000 8.000000
v 1.000000 6.000000 7.000000
v 0.000000 6.000000 7.000000
v 0.000000 7.000000 7.000000
v 1.000000 7.000000 7.000000
v 0.000000 8.000000 8.000000
v 1.000000 8.000000 8.000000
v 0.000000 8.000000 7.000000
v 1.000000 8.000000 7.000000
v 0.000000 9.000000 8.000000
v 1.000000 9.000000 8.000000
v 0.000000 9.000000 7.000000
v 1.000000 9.000000 7.000000
v 0.000000 8.000000 9.000000
v 1.000000 8.000000 9.000000
v 0.000000 9.000000 9.000000
v 1.000000 9.000000 9.000000
v 0.000000 8.000000 10.000000
v 1.000000 8.000000 10.000000
v 0.000000 9.000000 10.000000
v 1.000000 9.000000 10.000000
v 0.500000 4.000000 -4.000000
v 0.500000 3.000000 -3.000000
v 0.500000 3.000000 -4.000000
v 0.500000 5.000000 -4.000000
v 0.500000 3.000000 -2.000000
v 0.500000 3.000000 0.000000
v 0.500000 3.000000 2.000000
v 0.500000 6.000000 -6.000000
v 0.500000 6.000000 -4.000000
v 0.500000 3.000000 -1.000000
v 0.500000 3.000000 1.000000
v 0.500000 3.000000 3.000000
v 0.500000 7.000000 -1.000000
v 0.500000 7.000000 0.000000
v 0.500000 7.000000 1.000000
v 0.500000 7.000000 2.000000
v 0.500000 4.000000 5.000000
v 0.500000 7.000000 3.000000
v 0.500000 7.000000 4.000000
v 0.500000 5.000000 5.000000
v 0.500000 6.000000 5.000000
v 0.500000 7.000000 5.000000
v 0.500000 7.000000 5.000000
v 0.500000 3.000000 4.000000
v 0.500000 3.000000 5.000000
v 0.500000 8.000000 -1.000000
v 0.500000 9.000000 -1.000000
v 0.500000 10.000000 -4.000000
v 0.500000 10.000000 -1.000000
v 0.500000 10.000000 -2.000000
v 0.500000 10.000000 -3.000000
v 0.500000 6.000000 -5.000000
v 0.500000 8.000000 -5.000000
v 0.500000 9.000000 -5.000000
v 0.500000 10.000000 -5.000000
v 0.500000 7.000000 -6.000000
v 0.500000 8.000000 -6.000000
v 0.500000 6.000000 6.000000
v 0.500000 7.000000 6.000000
v 0.500000 6.000000 8.000000
v 0.500000 7.000000 8.000000
v 0.500000 7.000000 7.000000
v 0.500000 6.000000 7.000000
v 0.500000 8.000000 8.000000
v 0.500000 8.000000 7.000000
v 0.500000 9.000000 8.000000
v 0.500000 9.000000 7.000000
v 0.500000 8.000000 9.000000
v 0.500000 9.000000 9.000000
v 0.500000 8.000000 10.000000
v 0.500000 9.000000 10.000000
v 1.500000 0.000000 -4.000000
v 1.500000 2.000000 -4.000000
v 1.500000 0.000000 -3.000000
v 1.500000 1.000000 -4.000000
v 1.500000 3.000000 -4.000000
v 1.500000 4.000000 -4.000000
v 1.500000 5.000000 -4.000000
v 1.500000 2.000000 -2.000000
v 1.500000 0.000000 -2.000000
v 1.500000 1.000000 -2.000000
v 1.500000 3.000000 -2.000000
v 1.500000 3.000000 0.000000
v 1.500000 6.000000 -4.000000
v 1.500000 3.000000 -1.000000
v 1.500000 3.000000 1.000000
v 1.500000 3.000000 3.000000
v 1.500000 7.000000 -1.000000
v 1.500000 3.000000 2.000000
v 1.500000 7.000000 0.000000
v 1.500000 3.000000 5.000000
v 1.500000 4.000000 5.000000
v 1.500000 7.000000 1.000000
v 1.500000 2.000000 5.000000
v 1.500000 7.000000 2.000000
v 1.500000 5.000000 5.000000
v 1.500000 7.000000 3.000000
v 1.500000 2.000000 3.000000
v 1.500000 7.000000 4.000000
v 1.500000 6.000000 5.000000
v 1.500000 7.000000 5.000000
v 1.500000 7.000000 5.000000
v 1.500000 1.000000 5.000000
v 1.500000 1.000000 3.000000
v 1.500000 0.000000 4.000000
v 1.500000 0.000000 5.000000
v 1.500000 0.000000 5.000000
v 1.500000 0.000000 3.000000
v 1.500000 8.000000 -1.000000
v 1.500000 9.000000 -1.000000
v 1.500000 10.000000 -4.000000
v 1.500000 10.000000 -1.000000
v 1.500000 10.000000 -2.000000
v 1.500000 10.000000 -2.999999
v 1.500000 11.000000 -1.000000
v 1.500000 11.000000 -2.000000
v 1.500000 6.000000 -5.000000
v 1.500000 7.000000 -5.000000
v 1.500000 8.000000 -5.000000
v 1.500000 9.000000 -5.000000
v 1.500000 10.000000 -5.000000
v 3.000000 7.500000 -2.000000
v 0.000000 7.500000 -3.000000
v 0.000000 7.500000 -2.000000
v 0.000000 7.500000 -1.000000
v 3.000000 7.500000 -1.000000
v 0.000000 7.500000 -4.000000
v 3.000000 7.500000 -3.000000
v 3.000000 7.500000 -4.000000
v 1.000000 7.500000 -1.000000
v 2.000000 7.500000 -1.000000
v 2.000000 7.500000 -5.000000
v 1.000000 7.500000 -5.000000
v 0.000000 7.500000 -5.000000
v 3.000000 7.500000 -5.000000
v 1.000000 7.500000 -6.000000
v 0.000000 7.500000 -6.000000
v 0.500000 7.500000 -6.000000
v 0.500000 7.500000 -1.000000
v 1.500000 7.500000 -5.000000
v 1.500000 7.500000 -1.000000
v 0.000000 8.500000 -4.000000
v 3.000000 8.500000 -4.000000
v 3.000000 8.500000 -3.000000
v 2.000000 8.500000 -1.000000
v 0.000000 8.500000 -3.000000
v 3.000000 8.500000 -1.000000
v 3.000000 8.500000 -2.000000
v 0.000000 8.500000 -2.000000
v 0.000000 8.500000 -1.000000
v 1.000000 8.500000 -1.000000
v 1.000000 8.500000 -5.000000
v 0.000000 8.500000 -5.000000
v 3.000000 8.500000 -5.000000
v 2.000000 8.500000 -5.000000
v 0.500000 8.500000 -5.000000
v 0.500000 8.500000 -1.000000
v 2.500000 2.000000 -4.000000
v 1.500000 8.500000 -1.000000
v 3.000000 9.500000 -4.000000
v 3.000000 9.500000 -3.000000
v 2.000000 9.500000 -1.000000
v 0.000000 9.500000 -3.000000
v 3.000000 9.500000 -1.000000
v 3.000000 9.500000 -2.000000
v 0.000000 9.500000 -2.000000
v 0.000000 9.500000 -1.000000
v 1.000000 9.500000 -1.000000
v 0.000000 9.500000 -4.000000
v 3.000000 9.500000 -5.000000
v 2.000000 9.500000 -5.000000
v 1.000000 9.500000 -5.000000
v 0.000000 9.500000 -5.000000
v 0.500000 9.500000 -5.000000
v 0.500000 9.500000 -1.000000
v 1.500000 9.500000 -5.000000
v 1.500000 9.500000 -1.000000
v 2.500000 0.000000 -3.000000
v 2.500000 0.000000 -4.000000
v 2.500000 1.000000 -4.000000
v 2.500000 3.000000 -4.000000
v 2.500000 4.000000 -4.000000
v 2.500000 5.000000 -4.000000
v 2.500000 0.000000 -2.000000
v 2.500000 2.000000 -2.000000
v 2.500000 1.000000 -2.000000
v 2.500000 3.000000 -2.000000
v 2.500000 3.000000 0.000000
v 2.500000 6.000000 -4.000000
v 2.500000 3.000000 -1.000000
v 2.500000 3.000000 1.000000
v 2.500000 3.000000 3.000000
v 2.500000 7.000000 -1.000000
v 2.500000 3.000000 2.000000
v 2.500000 7.000000 0.000000
v 2.500000 3.000000 5.000000
v 2.500000 4.000000 5.000000
v 2.500000 7.000000 1.000000
v 2.500000 2.000000 5.000000
v 2.500000 7.000000 2.000000
v 2.500000 5.000000 5.000000
v 2.500000 7.000000 3.000000
v 2.500000 2.000000 3.000000
v 2.500000 7.000000 4.000000
v 2.500000 6.000000 5.000000
v 2.500000 7.000000 5.000000
v 2.500000 7.000000 5.000000
v 2.500000 1.000000 5.000000
v 2.500000 1.000000 3.000000
v 2.500000 0.000000 4.000000
v 2.500000 0.000000 5.000000
v 2.500000 0.000000 5.000000
v 2.500000 0.000000 3.000000
v 2.500000 8.000000 -1.000000
v 2.500000 9.000000 -1.000000
v 2.500000 10.000000 -4.000000
v 2.500000 10.000000 -1.000000
v 2.500000 10.000000 -2.000000
v 2.500000 10.000000 -3.000000
v 2.500000 11.000000 -1.000000
v 2.500000 12.000000 -1.000000
v 2.500000 12.000000 -2.000000
v 2.500000 6.000000 -5.000000
v 2.500000 7.000000 -5.000000
v 2.500000 8.000000 -5.000000
v 2.500000 9.000000 -5.000000
v 2.500000 10.000000 -5.000000
v 2.500000 7.500000 -5.000000
v 2.500000 7.500000 -1.000000
v 2.500000 8.500000 -5.000000
v 2.500000 8.500000 -1.000000
v 2.500000 9.500000 -5.000000
v 2.500000 9.500000 -1.000000
v 3.000000 10.500000 -1.000000
v 2.000000 10.500000 -1.000000
v 2.000000 10.500000 -2.000000
v 3.000000 10.500000 -2.000000
v 2.500000 10.500000 -1.000000
v 2.750000 2.000000 -4.000000
v 2.750000 0.000000 -3.000000
v 2.750000 1.000000 -4.000000
v 2.750000 3.000000 -4.000000
v 2.750000 4.000000 -4.000000
v 2.750000 5.000000 -4.000000
v 2.750000 0.000000 -2.000000
v 2.750000 6.000000 -4.000000
v 2.750000 10.000000 -4.000000
v 2.750000 10.000000 -2.000000
v 2.750000 11.000000 -2.000000
v 2.750000 12.000000 -2.000000
v 2.750000 6.000000 -5.000000
v 2.750000 7.000000 -5.000000
v 2.750000 8.000000 -5.000000
v 2.750000 9.000000 -5.000000
v 2.750000 10.000000 -5.000000
v 2.750000 7.500000 -5.000000
v 2.750000 0.000000 -4.000000
v 2.750000 8.500000 -5.000000
v 2.750000 9.500000 -5.000000
v 2.750000 2.000000 -2.000000
v 2.750000 1.000000 -2.000000
v 2.750000 3.000000 -2.000000
v 2.750000 3.000000 0.000000
v 2.750000 3.000000 -1.000000
v 2.750000 3.000000 1.000000
v 2.750000 3.000000 3.000000
v 2.750000 7.000000 -1.000000
v 2.750000 3.000000 2.000000
v 2.750000 7.000000 0.000000
v 2.750000 3.000000 5.000000
v 2.750000 4.000000 5.000000
v 2.750000 7.000000 1.000000
v 2.750000 2.000000 5.000000
v 2.750000 7.000000 2.000000
v 2.750000 5.000000 5.000000
v 2.750000 7.000000 3.000000
v 2.750000 2.000000 3.000000
v 2.750000 7.000000 4.000000
v 2.750000 6.000000 5.000000
v 2.750000 7.000000 5.000000
v 2.750000 7.000000 5.000000
v 2.750000 1.000000 5.000000
v 2.750000 1.000000 3.000000
v 2.750000 0.000000 4.000000
v 2.750000 0.000000 5.000000
v 2.750000 0.000000 5.000000
v 2.750000 0.000000 3.000000
v 2.750000 8.000000 -1.000000
v 2.750000 9.000000 -1.000000
v 2.750000 10.000000 -1.000000
v 2.750000 10.000000 -3.000000
v 2.750000 11.000000 -1.000000
v 2.750000 12.000000 -1.000000
v 2.750000 7.500000 -1.000000
v 2.750000 8.500000 -1.000000
v 2.750000 9.500000 -1.000000
v 2.750000 10.500000 -2.000000
v 2.750000 10.500000 -1.000000
v 2.250000 0.000000 -4.000000
v 2.250000 2.000000 -2.000000
v 2.250000 1.000000 -2.000000
v 2.250000 3.000000 -2.000000
v 2.250000 3.000000 0.000000
v 2.250000 3.000000 -1.000000
v 2.250000 3.000000 1.000000
v 2.250000 3.000000 3.000000
v 2.250000 7.000000 -1.000000
v 2.250000 3.000000 2.000000
v 2.250000 7.000000 0.000000
v 2.250000 3.000000 5.000000
v 2.250000 4.000000 5.000000
v 2.250000 7.000000 1.000000
v 2.250000 2.000000 5.000000
v 2.250000 7.000000 2.000000
v 2.250000 5.000000 5.000000
v 2.250000 7.000000 3.000000
v 2.250000 2.000000 3.000000
v 2.250000 7.000000 4.000000
v 2.250000 6.000000 5.000000
v 2.250000 7.000000 5.000000
v 2.250000 7.000000 5.000000
v 2.250000 1.000000 5.000000
v 2.250000 1.000000 3.000000
v 2.250000 0.000000 4.000000
v 2.250000 0.000000 5.000000
v 2.250000 0.000000 5.000000
v 2.250000 0.000000 3.000000
v 2.250000 8.000000 -1.000000
v 2.250000 9.000000 -1.000000
v 2.250000 10.000000 -1.000000
v 2.250000 10.000000 -3.000000
v 2.250000 11.000000 -1.000000
v 2.250000 12.000000 -1.000000
v 2.250000 1.000000 -4.000000
v 2.250000 7.500000 -1.000000
v 2.250000 0.000000 -3.000000
v 2.250000 2.000000 -4.000000
v 2.250000 8.500000 -1.000000
v 2.250000 9.500000 -1.000000
v 2.250000 3.000000 -4.000000
v 2.250000 4.000000 -4.000000
v 2.250000 5.000000 -4.000000
v 2.250000 0.000000 -2.000000
v 2.250000 6.000000 -4.000000
v 2.250000 10.000000 -4.000000
v 2.250000 10.000000 -2.000000
v 2.250000 11.000000 -2.000000
v 2.250000 12.000000 -2.000000
v 2.250000 6.000000 -5.000000
v 2.250000 7.000000 -5.000000
v 2.250000 8.000000 -5.000000
v 2.250000 9.000000 -5.000000
v 2.250000 10.000000 -5.000000
v 2.250000 7.500000 -5.000000
v 2.250000 8.500000 -5.000000
v 2.250000 9.500000 -5.000000
v 2.250000 10.500000 -1.000000
v 2.000000 10.500000 -1.000000
v 1.000000 10.500000 -1.000000
v 1.000000 10.500000 -2.000000
v 2.000000 10.500000 -2.000000
v 1.500000 10.500000 -2.000000
v 1.500000 10.500000 -1.000000
v 2.000000 10.750000 -1.000000
v 1.000000 10.750000 -2.000000
v 1.500000 10.750000 -2.000000
v 1.500000 10.750000 -1.000000
v 1.000000 10.750000 -1.000000
v 2.000000 10.750000 -2.000000
v 1.000000 10.250000 -1.000000
v 2.000000 10.250000 -2.000000
v 2.000000 10.250000 -1.000000
v 1.000000 10.250000 -2.000000
v 1.500000 10.250000 -1.000000
v 2.000000 11.500000 -2.000000
v 3.000000 11.500000 -2.000000
v 3.000000 11.500000 -1.000000
v 2.000000 11.500000 -1.000000
v 2.500000 11.500000 -1.000000
v 2.750000 11.500000 -2.000000
v 2.750000 11.500000 -1.000000
v 2.250000 11.500000 -1.000000
v 2.250000 11.500000 -2.000000
v 1.750000 2.000000 -4.000000
v 1.750000 0.000000 -3.000000
v 1.750000 1.000000 -4.000000
v 1.750000 3.000000 -4.000000
v 1.750000 4.000000 -4.000000
v 1.750000 5.000000 -4.000000
v 1.750000 0.000000 -2.000000
v 1.750000 6.000000 -4.000000
v 1.750000 10.000000 -4.000000
v 1.750000 10.000000 -2.000000
v 1.750000 11.000000 -2.000000
v 1.750000 6.000000 -5.000000
v 1.750000 7.000000 -5.000000
v 1.750000 8.000000 -5.000000
v 1.750000 9.000000 -5.000000
v 1.750000 10.000000 -5.000000
v 1.750000 0.000000 -4.000000
v 1.750000 2.000000 -2.000000
v 1.750000 1.000000 -2.000000
v 1.750000 3.000000 -2.000000
v 1.750000 3.000000 0.000000
v 1.750000 3.000000 -1.000000
v 1.750000 3.000000 1.000000
v 1.750000 3.000000 3.000000
v 1.750000 7.000000 -1.000000
v 1.750000 3.000000 2.000000
v 1.750000 7.000000 0.000000
v 1.750000 3.000000 5.000000
v 1.750000 4.000000 5.000000
v 1.750000 7.000000 1.000000
v 1.750000 2.000000 5.000000
v 1.750000 7.000000 2.000000
v 1.750000 5.000000 5.000000
v 1.750000 7.000000 3.000000
v 1.750000 2.000000 3.000000
v 1.750000 7.000000 4.000000
v 1.750000 6.000000 5.000000
v 1.750000 7.000000 5.000000
v 1.750000 7.000000 5.000000
v 1.750000 1.000000 5.000000
v 1.750000 1.000000 3.000000
v 1.750000 0.000000 4.000000
v 1.750000 0.000000 5.000000
v 1.750000 0.000000 5.000000
v 1.750000 0.000000 3.000000
v 1.750000 8.000000 -1.000000
v 1.750000 9.000000 -1.000000
v 1.750000 10.000000 -1.000000
v 1.750000 10.000000 -2.999999
v 1.750000 11.000000 -1.000000
v 1.750000 7.500000 -5.000000
v 1.750000 7.500000 -1.000000
v 1.750000 8.500000 -1.000000
v 1.750000 9.500000 -5.000000
v 1.750000 9.500000 -1.000000
v 1.750000 10.500000 -1.000000
v 1.750000 10.750000 -2.000000
v 1.750000 10.750000 -1.000000
v 1.750000 10.250000 -1.000000
v 1.250000 0.000000 -4.000000
v 1.250000 2.000000 -2.000000
v 1.250000 1.000000 -2.000000
v 1.250000 3.000000 -2.000000
v 1.250000 3.000000 0.000000
v 1.250000 3.000000 -1.000000
v 1.250000 3.000000 1.000000
v 1.250000 3.000000 3.000000
v 1.250000 7.000000 -1.000000
v 1.250000 3.000000 2.000000
v 1.250000 7.000000 0.000000
v 1.250000 3.000000 5.000000
v 1.250000 4.000000 5.000000
v 1.250000 7.000000 1.000000
v 1.250000 2.000000 5.000000
v 1.250000 7.000000 2.000000
v 1.250000 5.000000 5.000000
v 1.250000 7.000000 3.000000
v 1.250000 2.000000 3.000000
v 1.250000 7.000000 4.000000
v 1.250000 6.000000 5.000000
v 1.250000 7.000000 5.000000
v 1.250000 7.000000 5.000000
v 1.250000 1.000000 5.000000
v 1.250000 1.000000 3.000000
v 1.250000 0.000000 4.000000
v 1.250000 0.000000 5.000000
v 1.250000 0.000000 5.000000
v 1.250000 0.000000 3.000000
v 1.250000 8.000000 -1.000000
v 1.250000 9.000000 -1.000000
v 1.250000 10.000000 -1.000000
v 1.250000 10.000000 -2.999999
v 1.250000 11.000000 -1.000000
v 1.250000 2.000000 -4.000000
v 1.250000 0.000000 -3.000000
v 1.250000 1.000000 -4.000000
v 1.250000 3.000000 -4.000000
v 1.250000 4.000000 -4.000000
v 1.250000 5.000000 -4.000000
v 1.250000 0.000000 -2.000000
v 1.250000 6.000000 -4.000000
v 1.250000 10.000000 -4.000000
v 1.250000 10.000000 -2.000000
v 1.250000 11.000000 -2.000000
v 1.250000 6.000000 -5.000000
v 1.250000 7.000000 -5.000000
v 1.250000 8.000000 -5.000000
v 1.250000 9.000000 -5.000000
v 1.250000 10.000000 -5.000000
v 1.250000 7.500000 -1.000000
v 1.250000 7.500000 -5.000000
v 1.250000 8.500000 -1.000000
v 1.250000 9.500000 -1.000000
v 1.250000 9.500000 -5.000000
v 1.250000 10.500000 -1.000000
v 1.250000 10.500000 -2.000000
v 1.250000 10.750000 -1.000000
v 1.250000 10.750000 -2.000000
v 1.250000 10.250000 -2.000000
v 1.250000 10.250000 -1.000000
v 3.000000 10.750000 -1.000000
v 2.000000 10.750000 -2.000000
v 2.500000 10.750000 -1.000000
v 2.000000 10.750000 -1.000000
v 3.000000 10.750000 -2.000000
v 2.750000 10.750000 -2.000000
v 2.750000 10.750000 -1.000000
v 2.250000 10.750000 -1.000000
v 2.250000 10.750000 -2.000000
v 3.000000 11.250000 -2.000000
v 2.000000 11.250000 -1.000000
v 2.000000 11.250000 -2.000000
v 3.000000 11.250000 -1.000000
v 2.500000 11.250000 -1.000000
v 2.750000 11.250000 -2.000000
v 2.750000 11.250000 -1.000000
v 2.250000 11.250000 -1.000000
v 2.250000 11.250000 -2.000000
v 2.000000 10.250000 -1.000000
v 3.000000 10.250000 -2.000000
v 3.000000 10.250000 -1.000000
v 2.000000 10.250000 -2.000000
v 2.500000 10.250000 -1.000000
v 2.750000 10.250000 -1.000000
v 2.750000 10.250000 -2.000000
v 2.250000 10.250000 -1.000000
v 2.000000 11.750000 -2.000000
v 3.000000 11.750000 -1.000000
v 2.500000 11.750000 -1.000000
v 2.500000 11.750000 -2.000000
v 2.750000 11.750000 -2.000000
v 2.750000 11.750000 -1.000000
v 2.250000 11.750000 -1.000000
v 2.250000 11.750000 -2.000000
v 3.000000 11.750000 -2.000000
v 2.000000 11.750000 -1.000000
v -1.000000 2.000000 -3.000000
v -1.000000 0.000000 -4.000000
v -1.000000 0.000000 -3.000000
v -1.000000 2.000000 -4.000000
v -3.000000 0.000000 -3.000000
v -3.000000 2.000000 -3.000000
v -3.000000 0.000000 -4.000000
v -3.000000 2.000000 -4.000000
v -2.000000 0.000000 -4.000000
v -2.000000 2.000000 -4.000000
v -2.000000 0.000000 -3.000000
v -1.000000 1.000000 -4.000000
v -1.000000 1.000000 -3.000000
v -3.000000 1.000000 -4.000000
v -3.000000 1.000000 -3.000000
v -2.000000 1.000000 -4.000000
v -1.000000 3.000000 -3.000000
v -1.000000 3.000000 -4.000000
v -3.000000 3.000000 -3.000000
v -3.000000 3.000000 -4.000000
v -2.000000 3.000000 -4.000000
v -1.000000 4.000000 -4.000000
v -3.000000 4.000000 -3.000000
v -3.000000 4.000000 -4.000000
v -2.000000 4.000000 -4.000000
v -3.000000 7.000000 -4.000000
v -1.000000 5.000000 -4.000000
v -3.000000 5.000000 -3.000000
v -3.000000 5.000000 -4.000000
v -2.000000 5.000000 -4.000000
v -3.000000 7.000000 -3.000000
v -1.000000 2.000000 -2.000000
v -1.000000 0.000000 -2.000000
v -3.000000 0.000000 -2.000000
v -3.000000 2.000000 -2.000000
v -2.000000 0.000000 -2.000000
v -2.000000 2.000000 -2.000000
v -1.000000 1.000000 -2.000000
v -3.000000 1.000000 -2.000000
v -2.000000 1.000000 -2.000000
v -1.000000 3.000000 -2.000000
v -3.000000 3.000000 -2.000000
v -2.000000 3.000000 -2.000000
v -1.000000 6.000000 -4.000000
v -3.000000 4.000000 -2.000000
v -3.000000 4.000000 -1.000000
v -3.000000 5.000000 -2.000000
v -1.000000 1.000000 5.000000
v -3.000000 1.000000 5.000000
v -2.000000 1.000000 5.000000
v -3.000000 2.000000 4.000000
v -2.000000 0.000000 5.000000
v -2.000000 2.000000 5.000000
v -3.000000 2.000000 5.000000
v -1.000000 2.000000 5.000000
v -3.000000 6.000000 -3.000000
v -3.000000 6.000000 -4.000000
v -2.000000 6.000000 -4.000000
v -2.000000 3.000000 -1.000000
v -3.000000 3.000000 -1.000000
v -3.000000 6.000000 -2.000000
v -1.000000 3.000000 -1.000000
v -3.000000 5.000000 0.000000
v -1.000000 8.000000 -6.000000
v -2.000000 9.000000 -1.000000
v -3.000000 9.000000 -2.000000
v -3.000000 7.000000 -2.000000
v -3.000000 9.000000 -1.000000
v -1.000000 3.000000 0.000000
v -3.000000 3.000000 0.000000
v -2.000000 3.000000 0.000000
v -3.000000 4.000000 0.000000
v -3.000000 5.000000 -1.000000
v -3.000000 4.000000 1.000000
v -2.000000 3.000000 1.000000
v -3.000000 3.000000 1.000000
v -1.000000 3.000000 1.000000
v -3.000000 5.000000 1.000000
v -3.000000 4.000000 3.000000
v -2.000000 3.000000 3.000000
v -3.000000 3.000000 3.000000
v -1.000000 3.000000 3.000000
v -3.000000 6.000000 -1.000000
v -3.000000 5.000000 3.000000
v -1.000000 7.000000 -1.000000
v -3.000000 7.000000 -1.000000
v -2.000000 7.000000 -1.000000
v -3.000000 4.000000 5.000000
v -3.000000 3.000000 5.000000
v -3.000000 1.000000 4.000000
v -3.000000 6.000000 0.000000
v -3.000000 5.000000 2.000000
v -1.000000 7.000000 0.000000
v -3.000000 7.000000 0.000000
v -2.000000 7.000000 0.000000
v -1.000000 3.000000 2.000000
v -3.000000 3.000000 2.000000
v -2.000000 3.000000 2.000000
v -3.000000 4.000000 2.000000
v -3.000000 6.000000 1.000000
v -3.000000 5.000000 5.000000
v -1.000000 7.000000 1.000000
v -3.000000 7.000000 1.000000
v -2.000000 7.000000 1.000000
v -1.000000 3.000000 5.000000
v -3.000000 3.000000 5.000000
v -2.000000 3.000000 5.000000
v -1.000000 4.000000 5.000000
v -3.000000 6.000000 2.000000
v -3.000000 5.000000 4.000000
v -1.000000 7.000000 2.000000
v -3.000000 7.000000 2.000000
v -2.000000 7.000000 2.000000
v -3.000000 3.000000 4.000000
v -3.000000 4.000000 4.000000
v -3.000000 6.000000 3.000000
v -3.000000 4.000000 5.000000
v -2.000000 4.000000 5.000000
v -1.000000 7.000000 3.000000
v -3.000000 7.000000 3.000000
v -2.000000 7.000000 3.000000
v -1.000000 5.000000 5.000000
v -3.000000 5.000000 5.000000
v -2.000000 5.000000 5.000000
v -3.000000 6.000000 4.000000
v -3.000000 0.000000 5.000000
v -3.000000 2.000000 5.000000
v -1.000000 0.000000 5.000000
v -1.000000 7.000000 4.000000
v -3.000000 7.000000 4.000000
v -2.000000 7.000000 4.000000
v -1.000000 2.000000 3.000000
v -3.000000 2.000000 3.000000
v -2.000000 2.000000 3.000000
v -3.000000 6.000000 5.000000
v -1.000000 6.000000 5.000000
v -3.000000 6.000000 5.000000
v -2.000000 6.000000 5.000000
v -1.000000 7.000000 5.000000
v -3.000000 7.000000 5.000000
v -2.000000 7.000000 5.000000
v -1.000000 7.000000 5.000000
v -3.000000 7.000000 5.000000
v -2.000000 7.000000 5.000000
v -3.000000 1.000000 5.000000
v -1.000000 1.000000 3.000000
v -3.000000 1.000000 3.000000
v -2.000000 1.000000 3.000000
v -1.000000 0.000000 4.000000
v -3.000000 0.000000 4.000000
v -2.000000 0.000000 4.000000
v -1.000000 0.000000 5.000000
v -3.000000 0.000000 5.000000
v -2.000000 0.000000 5.000000
v -1.000000 2.000000 4.000000
v -1.000000 0.000000 3.000000
v -3.000000 0.000000 3.000000
v -2.000000 0.000000 3.000000
v -1.000000 1.000000 4.000000
v -1.000000 3.000000 4.000000
v -3.000000 8.000000 -1.000000
v -3.000000 8.000000 -2.000000
v -2.000000 8.000000 -1.000000
v -2.000000 10.000000 -1.000000
v -1.000000 8.000000 -1.000000
v -3.000000 8.000000 -3.000000
v -3.000000 10.000000 -2.000000
v -3.000000 10.000000 -1.000000
v -3.000000 8.000000 -4.000000
v -1.000000 9.000000 -1.000000
v -3.000000 9.000000 -3.000000
v -1.000000 7.000000 -6.000000
v -3.000000 9.000000 -4.000000
v -1.000000 6.000000 -6.000000
v -1.000000 10.000000 -1.000000
v -3.000000 10.000000 -3.000000
v -2.000000 10.000000 -4.000000
v -3.000000 10.000000 -4.000000
v -1.000000 10.000000 -4.000000
v -1.000000 10.000000 -2.000000
v -2.000000 10.000000 -2.000000
v -2.000000 10.000000 -2.999999
v -1.000000 10.000000 -2.999999
v -3.000000 11.000000 -1.000000
v -3.000000 11.000000 -2.000000
v -2.000000 11.000000 -1.000000
v -2.000000 11.000000 -2.000000
v -3.000000 12.000000 -1.000000
v -3.000000 12.000000 -2.000000
v -2.000000 12.000000 -1.000000
v -2.000000 12.000000 -2.000000
v -2.000000 11.000000 -1.000000
v -1.000000 11.000000 -1.000000
v -1.000000 11.000000 -2.000000
v -2.000000 11.000000 -2.000000
v -2.000000 6.000000 -5.000000
v -3.000000 6.000000 -5.000000
v -1.000000 6.000000 -5.000000
v -1.000000 7.000000 -5.000000
v -3.000000 7.000000 -5.000000
v -2.000000 7.000000 -5.000000
v -2.000000 8.000000 -5.000000
v -1.000000 8.000000 -5.000000
v -3.000000 8.000000 -5.000000
v -1.000000 9.000000 -5.000000
v -3.000000 9.000000 -5.000000
v -2.000000 9.000000 -5.000000
v -3.000000 10.000000 -5.000000
v -2.000000 10.000000 -5.000000
v -1.000000 10.000000 -5.000000
v -1.000000 6.000000 6.000000
v -1.000000 7.000000 6.000000
v -1.000000 6.000000 8.000000
v -1.000000 7.000000 8.000000
v -1.000000 6.000000 7.000000
v -1.000000 7.000000 7.000000
v -1.000000 8.000000 8.000000
v -1.000000 8.000000 7.000000
v -1.000000 9.000000 8.000000
v -1.000000 9.000000 7.000000
v -1.000000 8.000000 9.000000
v -1.000000 9.000000 9.000000
v -1.000000 8.000000 10.000000
v -1.000000 9.000000 10.000000
v -0.500000 4.000000 -4.000000
v -0.500000 3.000000 -3.000000
v -0.500000 3.000000 -4.000000
v -0.500000 5.000000 -4.000000
v -0.500000 3.000000 -2.000000
v -0.500000 3.000000 0.000000
v -0.500000 3.000000 2.000000
v -0.500000 6.000000 -6.000000
v -0.500000 6.000000 -4.000000
v -0.500000 3.000000 -1.000000
v -0.500000 3.000000 1.000000
v -0.500000 3.000000 3.000000
v -0.500000 7.000000 -1.000000
v -0.500000 7.000000 0.000000
v -0.500000 7.000000 1.000000
v -0.500000 7.000000 2.000000
v -0.500000 4.000000 5.000000
v -0.500000 7.000000 3.000000
v -0.500000 7.000000 4.000000
v -0.500000 5.000000 5.000000
v -0.500000 6.000000 5.000000
v -0.500000 7.000000 5.000000
v -0.500000 7.000000 5.000000
v -0.500000 3.000000 4.000000
v -0.500000 3.000000 5.000000
v -0.500000 8.000000 -1.000000
v -0.500000 9.000000 -1.000000
v -0.500000 10.000000 -4.000000
v -0.500000 10.000000 -1.000000
v -0.500000 10.000000 -2.000000
v -0.500000 10.000000 -3.000000
v -0.500000 6.000000 -5.000000
v -0.500000 8.000000 -5.000000
v -0.500000 9.000000 -5.000000
v -0.500000 10.000000 -5.000000
v -0.500000 7.000000 -6.000000
v -0.500000 8.000000 -6.000000
v -0.500000 6.000000 6.000000
v -0.500000 7.000000 6.000000
v -0.500000 6.000000 8.000000
v -0.500000 7.000000 8.000000
v -0.500000 7.000000 7.000000
v -0.500000 6.000000 7.000000
v -0.500000 8.000000 8.000000
v -0.500000 8.000000 7.000000
v -0.500000 9.000000 8.000000
v -0.500000 9.000000 7.000000
v -0.500000 8.000000 9.000000
v -0.500000 9.000000 9.000000
v -0.500000 8.000000 10.000000
v -0.500000 9.000000 10.000000
v -1.500000 0.000000 -4.000000
v -1.500000 2.000000 -4.000000
v -1.500000 0.000000 -3.000000
v -1.500000 1.000000 -4.000000
v -1.500000 3.000000 -4.000000
v -1.500000 4.000000 -4.000000
v -1.500000 5.000000 -4.000000
v -1.500000 2.000000 -2.000000
v -1.500000 0.000000 -2.000000
v -1.500000 1.000000 -2.000000
v -1.500000 3.000000 -2.000000
v -1.500000 3.000000 0.000000
v -1.500000 6.000000 -4.000000
v -1.500000 3.000000 -1.000000
v -1.500000 3.000000 1.000000
v -1.500000 3.000000 3.000000
v -1.500000 7.000000 -1.000000
v -1.500000 3.000000 2.000000
v -1.500000 7.000000 0.000000
v -1.500000 3.000000 5.000000
v -1.500000 4.000000 5.000000
v -1.500000 7.000000 1.000000
v -1.500000 2.000000 5.000000
v -1.500000 7.000000 2.000000
v -1.500000 5.000000 5.000000
v -1.500000 7.000000 3.000000
v -1.500000 2.000000 3.000000
v -1.500000 7.000000 4.000000
v -1.500000 6.000000 5.000000
v -1.500000 7.000000 5.000000
v -1.500000 7.000000 5.000000
v -1.500000 1.000000 5.000000
v -1.500000 1.000000 3.000000
v -1.500000 0.000000 4.000000
v -1.500000 0.000000 5.000000
v -1.500000 0.000000 5.000000
v -1.500000 0.000000 3.000000
v -1.500000 8.000000 -1.000000
v -1.500000 9.000000 -1.000000
v -1.500000 10.000000 -4.000000
v -1.500000 10.000000 -1.000000
v -1.500000 10.000000 -2.000000
v -1.500000 10.000000 -2.999999
v -1.500000 11.000000 -1.000000
v -1.500000 11.000000 -2.000000
v -1.500000 6.000000 -5.000000
v -1.500000 7.000000 -5.000000
v -1.500000 8.000000 -5.000000
v -1.500000 9.000000 -5.000000
v -1.500000 10.000000 -5.000000
v -3.000000 7.500000 -2.000000
v -3.000000 7.500000 -1.000000
v -3.000000 7.500000 -3.000000
v -3.000000 7.500000 -4.000000
v -1.000000 7.500000 -1.000000
v -2.000000 7.500000 -1.000000
v -2.000000 7.500000 -5.000000
v -1.000000 7.500000 -5.000000
v -3.000000 7.500000 -5.000000
v -1.000000 7.500000 -6.000000
v -0.500000 7.500000 -6.000000
v -0.500000 7.500000 -1.000000
v -1.500000 7.500000 -5.000000
v -1.500000 7.500000 -1.000000
v -3.000000 8.500000 -4.000000
v -3.000000 8.500000 -3.000000
v -2.000000 8.500000 -1.000000
v -3.000000 8.500000 -1.000000
v -3.000000 8.500000 -2.000000
v -1.000000 8.500000 -1.000000
v -1.000000 8.500000 -5.000000
v -3.000000 8.500000 -5.000000
v -2.000000 8.500000 -5.000000
v -0.500000 8.500000 -5.000000
v -0.500000 8.500000 -1.000000
v -2.500000 2.000000 -4.000000
v -1.500000 8.500000 -1.000000
v -3.000000 9.500000 -4.000000
v -3.000000 9.500000 -3.000000
v -2.000000 9.500000 -1.000000
v -3.000000 9.500000 -1.000000
v -3.000000 9.500000 -2.000000
v -1.000000 9.500000 -1.000000
v -3.000000 9.500000 -5.000000
v -2.000000 9.500000 -5.000000
v -1.000000 9.500000 -5.000000
v -0.500000 9.500000 -5.000000
v -0.500000 9.500000 -1.000000
v -1.500000 9.500000 -5.000000
v -1.500000 9.500000 -1.000000
v -2.500000 0.000000 -3.000000
v -2.500000 0.000000 -4.000000
v -2.500000 1.000000 -4.000000
v -2.500000 3.000000 -4.000000
v -2.500000 4.000000 -4.000000
v -2.500000 5.000000 -4.000000
v -2.500000 0.000000 -2.000000
v -2.500000 2.000000 -2.000000
v -2.500000 1.000000 -2.000000
v -2.500000 3.000000 -2.000000
v -2.500000 3.000000 0.000000
v -2.500000 6.000000 -4.000000
v -2.500000 3.000000 -1.000000
v -2.500000 3.000000 1.000000
v -2.500000 3.000000 3.000000
v -2.500000 7.000000 -1.000000
v -2.500000 3.000000 2.000000
v -2.500000 7.000000 0.000000
v -2.500000 3.000000 5.000000
v -2.500000 4.000000 5.000000
v -2.500000 7.000000 1.000000
v -2.500000 2.000000 5.000000
v -2.500000 7.000000 2.000000
v -2.500000 5.000000 5.000000
v -2.500000 7.000000 3.000000
v -2.500000 2.000000 3.000000
v -2.500000 7.000000 4.000000
v -2.500000 6.000000 5.000000
v -2.500000 7.000000 5.000000
v -2.500000 7.000000 5.000000
v -2.500000 1.000000 5.000000
v -2.500000 1.000000 3.000000
v -2.500000 0.000000 4.000000
v -2.500000 0.000000 5.000000
v -2.500000 0.000000 5.000000
v -2.500000 0.000000 3.000000
v -2.500000 8.000000 -1.000000
v -2.500000 9.000000 -1.000000
v -2.500000 10.000000 -4.000000
v -2.500000 10.000000 -1.000000
v -2.500000 10.000000 -2.000000
v -2.500000 10.000000 -3.000000
v -2.500000 11.000000 -1.000000
v -2.500000 12.000000 -1.000000
v -2.500000 12.000000 -2.000000
v -2.500000 6.000000 -5.000000
v -2.500000 7.000000 -5.000000
v -2.500000 8.000000 -5.000000
v -2.500000 9.000000 -5.000000
v -2.500000 10.000000 -5.000000
v -2.500000 7.500000 -5.000000
v -2.500000 7.500000 -1.000000
v -2.500000 8.500000 -5.000000
v -2.500000 8.500000 -1.000000
v -2.500000 9.500000 -5.000000
v -2.500000 9.500000 -1.000000
v -3.000000 10.500000 -1.000000
v -2.000000 10.500000 -1.000000
v -2.000000 10.500000 -2.000000
v -3.000000 10.500000 -2.000000
v -2.500000 10.500000 -1.000000
v -2.750000 2.000000 -4.000000
v -2.750000 0.000000 -3.000000
v -2.750000 1.000000 -4.000000
v -2.750000 3.000000 -4.000000
v -2.750000 4.000000 -4.000000
v -2.750000 5.000000 -4.000000
v -2.750000 0.000000 -2.000000
v -2.750000 6.000000 -4.000000
v -2.750000 10.000000 -4.000000
v -2.750000 10.000000 -2.000000
v -2.750000 11.000000 -2.000000
v -2.750000 12.000000 -2.000000
v -2.750000 6.000000 -5.000000
v -2.750000 7.000000 -5.000000
v -2.750000 8.000000 -5.000000
v -2.750000 9.000000 -5.000000
v -2.750000 10.000000 -5.000000
v -2.750000 7.500000 -5.000000
v -2.750000 0.000000 -4.000000
v -2.750000 8.500000 -5.000000
v -2.750000 9.500000 -5.000000
v -2.750000 2.000000 -2.000000
v -2.750000 1.000000 -2.000000
v -2.750000 3.000000 -2.000000
v -2.750000 3.000000 0.000000
v -2.750000 3.000000 -1.000000
v -2.750000 3.000000 1.000000
v -2.750000 3.000000 3.000000
v -2.750000 7.000000 -1.000000
v -2.750000 3.000000 2.000000
v -2.750000 7.000000 0.000000
v -2.750000 3.000000 5.000000
v -2.750000 4.000000 5.000000
v -2.750000 7.000000 1.000000
v -2.750000 2.000000 5.000000
v -2.750000 7.000000 2.000000
v -2.750000 5.000000 5.000000
v -2.750000 7.000000 3.000000
v -2.750000 2.000000 3.000000
v -2.750000 7.000000 4.000000
v -2.750000 6.000000 5.000000
v -2.750000 7.000000 5.000000
v -2.750000 7.000000 5.000000
v -2.750000 1.000000 5.000000
v -2.750000 1.000000 3.000000
v -2.750000 0.000000 4.000000
v -2.750000 0.000000 5.000000
v -2.750000 0.000000 5.000000
v -2.750000 0.000000 3.000000
v -2.750000 8.000000 -1.000000
v -2.750000 9.000000 -1.000000
v -2.750000 10.000000 -1.000000
v -2.750000 10.000000 -3.000000
v -2.750000 11.000000 -1.000000
v -2.750000 12.000000 -1.000000
v -2.750000 7.500000 -1.000000
v -2.750000 8.500000 -1.000000
v -2.750000 9.500000 -1.000000
v -2.750000 10.500000 -2.000000
v -2.750000 10.500000 -1.000000
v -2.250000 0.000000 -4.000000
v -2.250000 2.000000 -2.000000
v -2.250000 1.000000 -2.000000
v -2.250000 3.000000 -2.000000
v -2.250000 3.000000 0.000000
v -2.250000 3.000000 -1.000000
v -2.250000 3.000000 1.000000
v -2.250000 3.000000 3.000000
v -2.250000 7.000000 -1.000000
v -2.250000 3.000000 2.000000
v -2.250000 7.000000 0.000000
v -2.250000 3.000000 5.000000
v -2.250000 4.000000 5.000000
v -2.250000 7.000000 1.000000
v -2.250000 2.000000 5.000000
v -2.250000 7.000000 2.000000
v -2.250000 5.000000 5.000000
v -2.250000 7.000000 3.000000
v -2.250000 2.000000 3.000000
v -2.250000 7.000000 4.000000
v -2.250000 6.000000 5.000000
v -2.250000 7.000000 5.000000
v -2.250000 7.000000 5.000000
v -2.250000 1.000000 5.000000
v -2.250000 1.000000 3.000000
v -2.250000 0.000000 4.000000
v -2.250000 0.000000 5.000000
v -2.250000 0.000000 5.000000
v -2.250000 0.000000 3.000000
v -2.250000 8.000000 -1.000000
v -2.250000 9.000000 -1.000000
v -2.250000 10.000000 -1.000000
v -2.250000 10.000000 -3.000000
v -2.250000 11.000000 -1.000000
v -2.250000 12.000000 -1.000000
v -2.250000 1.000000 -4.000000
v -2.250000 7.500000 -1.000000
v -2.250000 0.000000 -3.000000
v -2.250000 2.000000 -4.000000
v -2.250000 8.500000 -1.000000
v -2.250000 9.500000 -1.000000
v -2.250000 3.000000 -4.000000
v -2.250000 4.000000 -4.000000
v -2.250000 5.000000 -4.000000
v -2.250000 0.000000 -2.000000
v -2.250000 6.000000 -4.000000
v -2.250000 10.000000 -4.000000
v -2.250000 10.000000 -2.000000
v -2.250000 11.000000 -2.000000
v -2.250000 12.000000 -2.000000
v -2.250000 6.000000 -5.000000
v -2.250000 7.000000 -5.000000
v -2.250000 8.000000 -5.000000
v -2.250000 9.000000 -5.000000
v -2.250000 10.000000 -5.000000
v -2.250000 7.500000 -5.000000
v -2.250000 8.500000 -5.000000
v -2.250000 9.500000 -5.000000
v -2.250000 10.500000 -1.000000
v -2.000000 10.500000 -1.000000
v -1.000000 10.500000 -1.000000
v -1.000000 10.500000 -2.000000
v -2.000000 10.500000 -2.000000
v -1.500000 10.500000 -2.000000
v -1.500000 10.500000 -1.000000
v -2.000000 10.750000 -1.000000
v -1.000000 10.750000 -2.000000
v -1.500000 10.750000 -2.000000
v -1.500000 10.750000 -1.000000
v -1.000000 10.750000 -1.000000
v -2.000000 10.750000 -2.000000
v -1.000000 10.250000 -1.000000
v -2.000000 10.250000 -2.000000
v -2.000000 10.250000 -1.000000
v -1.000000 10.250000 -2.000000
v -1.500000 10.250000 -1.000000
v -2.000000 11.500000 -2.000000
v -3.000000 11.500000 -2.000000
v -3.000000 11.500000 -1.000000
v -2.000000 11.500000 -1.000000
v -2.500000 11.500000 -1.000000
v -2.750000 11.500000 -2.000000
v -2.750000 11.500000 -1.000000
v -2.250000 11.500000 -1.000000
v -2.250000 11.500000 -2.000000
v -1.750000 2.000000 -4.000000
v -1.750000 0.000000 -3.000000
v -1.750000 1.000000 -4.000000
v -1.750000 3.000000 -4.000000
v -1.750000 4.000000 -4.000000
v -1.750000 5.000000 -4.000000
v -1.750000 0.000000 -2.000000
v -1.750000 6.000000 -4.000000
v -1.750000 10.000000 -4.000000
v -1.750000 10.000000 -2.000000
v -1.750000 11.000000 -2.000000
v -1.750000 6.000000 -5.000000
v -1.750000 7.000000 -5.000000
v -1.750000 8.000000 -5.000000
v -1.750000 9.000000 -5.000000
v -1.750000 10.000000 -5.000000
v -1.750000 0.000000 -4.000000
v -1.750000 2.000000 -2.000000
v -1.750000 1.000000 -2.000000
v -1.750000 3.000000 -2.000000
v -1.750000 3.000000 0.000000
v -1.750000 3.000000 -1.000000
v -1.750000 3.000000 1.000000
v -1.750000 3.000000 3.000000
v -1.750000 7.000000 -1.000000
v -1.750000 3.000000 2.000000
v -1.750000 7.000000 0.000000
v -1.750000 3.000000 5.000000
v -1.750000 4.000000 5.000000
v -1.750000 7.000000 1.000000
v -1.750000 2.000000 5.000000
v -1.750000 7.000000 2.000000
v -1.750000 5.000000 5.000000
v -1.750000 7.000000 3.000000
v -1.750000 2.000000 3.000000
v -1.750000 7.000000 4.000000
v -1.750000 6.000000 5.000000
v -1.750000 7.000000 5.000000
v -1.750000 7.000000 5.000000
v -1.750000 1.000000 5.000000
v -1.750000 1.000000 3.000000
v -1.750000 0.000000 4.000000
v -1.750000 0.000000 5.000000
v -1.750000 0.000000 5.000000
v -1.750000 0.000000 3.000000
v -1.750000 8.000000 -1.000000
v -1.750000 9.000000 -1.000000
v -1.750000 10.000000 -1.000000
v -1.750000 10.000000 -2.999999
v -1.750000 11.000000 -1.000000
v -1.750000 7.500000 -5.000000
v -1.750000 7.500000 -1.000000
v -1.750000 8.500000 -1.000000
v -1.750000 9.500000 -5.000000
v -1.750000 9.500000 -1.000000
v -1.750000 10.500000 -1.000000
v -1.750000 10.750000 -2.000000
v -1.750000 10.750000 -1.000000
v -1.750000 10.250000 -1.000000
v -1.250000 0.000000 -4.000000
v -1.250000 2.000000 -2.000000
v -1.250000 1.000000 -2.000000
v -1.250000 3.000000 -2.000000
v -1.250000 3.000000 0.000000
v -1.250000 3.000000 -1.000000
v -1.250000 3.000000 1.000000
v -1.250000 3.000000 3.000000
v -1.250000 7.000000 -1.000000
v -1.250000 3.000000 2.000000
v -1.250000 7.000000 0.000000
v -1.250000 3.000000 5.000000
v -1.250000 4.000000 5.000000
v -1.250000 7.000000 1.000000
v -1.250000 2.000000 5.000000
v -1.250000 7.000000 2.000000
v -1.250000 5.000000 5.000000
v -1.250000 7.000000 3.000000
v -1.250000 2.000000 3.000000
v -1.250000 7.000000 4.000000
v -1.250000 6.000000 5.000000
v -1.250000 7.000000 5.000000
v -1.250000 7.000000 5.000000
v -1.250000 1.000000 5.000000
v -1.250000 1.000000 3.000000
v -1.250000 0.000000 4.000000
v -1.250000 0.000000 5.000000
v -1.250000 0.000000 5.000000
v -1.250000 0.000000 3.000000
v -1.250000 8.000000 -1.000000
v -1.250000 9.000000 -1.000000
v -1.250000 10.000000 -1.000000
v -1.250000 10.000000 -2.999999
v -1.250000 11.000000 -1.000000
v -1.250000 2.000000 -4.000000
v -1.250000 0.000000 -3.000000
v -1.250000 1.000000 -4.000000
v -1.250000 3.000000 -4.000000
v -1.250000 4.000000 -4.000000
v -1.250000 5.000000 -4.000000
v -1.250000 0.000000 -2.000000
v -1.250000 6.000000 -4.000000
v -1.250000 10.000000 -4.000000
v -1.250000 10.000000 -2.000000
v -1.250000 11.000000 -2.000000
v -1.250000 6.000000 -5.000000
v -1.250000 7.000000 -5.000000
v -1.250000 8.000000 -5.000000
v -1.250000 9.000000 -5.000000
v -1.250000 10.000000 -5.000000
v -1.250000 7.500000 -1.000000
v -1.250000 7.500000 -5.000000
v -1.250000 8.500000 -1.000000
v -1.250000 9.500000 -1.000000
v -1.250000 9.500000 -5.000000
v -1.250000 10.500000 -1.000000
v -1.250000 10.500000 -2.000000
v -1.250000 10.750000 -1.000000
v -1.250000 10.750000 -2.000000
v -1.250000 10.250000 -2.000000
v -1.250000 10.250000 -1.000000
v -3.000000 10.750000 -1.000000
v -2.000000 10.750000 -2.000000
v -2.500000 10.750000 -1.000000
v -2.000000 10.750000 -1.000000
v -3.000000 10.750000 -2.000000
v -2.750000 10.750000 -2.000000
v -2.750000 10.750000 -1.000000
v -2.250000 10.750000 -1.000000
v -2.250000 10.750000 -2.000000
v -3.000000 11.250000 -2.000000
v -2.000000 11.250000 -1.000000
v -2.000000 11.250000 -2.000000
v -3.000000 11.250000 -1.000000
v -2.500000 11.250000 -1.000000
v -2.750000 11.250000 -2.000000
v -2.750000 11.250000 -1.000000
v -2.250000 11.250000 -1.000000
v -2.250000 11.250000 -2.000000
v -2.000000 10.250000 -1.000000
v -3.000000 10.250000 -2.000000
v -3.000000 10.250000 -1.000000
v -2.000000 10.250000 -2.000000
v -2.500000 10.250000 -1.000000
v -2.750000 10.250000 -1.000000
v -2.750000 10.250000 -2.000000
v -2.250000 10.250000 -1.000000
v -2.000000 11.750000 -2.000000
v -3.000000 11.750000 -1.000000
v -2.500000 11.750000 -1.000000
v -2.500000 11.750000 -2.000000
v -2.750000 11.750000 -2.000000
v -2.750000 11.750000 -1.000000
v -2.250000 11.750000 -1.000000
v -2.250000 11.750000 -2.000000
v -3.000000 11.750000 -2.000000
v -2.000000 11.750000 -1.000000
vn -0.0000 -0.0000 -1.0000
vn 1.0000 -0.0000 -0.0000
vn -0.0000 -1.0000 -0.0000
vn -1.0000 -0.0000 -0.0000
vn -0.0000 -0.0000 1.0000
vn -0.0000 1.0000 -0.0000
vt 0.500000 0.492188
vt 0.625000 0.492188
vt 0.625000 0.500000
vt 0.500000 0.500000
vt 0.625000 0.750000
vt 0.500000 0.750000
vt 0.367188 0.500000
vt 0.375000 0.500000
vt 0.375000 0.750000
vt 0.367188 0.750000
vt 0.000000 0.000000
vt 0.625000 0.757812
vt 0.625000 0.445312
vt 0.625000 0.437500
vt 0.335938 0.500000
vt 0.343750 0.500000
vt 0.343750 0.750000
vt 0.335938 0.750000
vt 0.500000 0.460938
vt 0.625000 0.460938
vt 0.625000 0.468750
vt 0.500000 0.468750
vt 0.375000 0.460938
vt 0.375000 0.468750
vt 0.375000 0.492188
vt 0.625000 0.476562
vt 0.500000 0.804688
vt 0.625000 0.804688
vt 0.625000 0.812500
vt 0.500000 0.812500
vt 0.500000 0.773438
vt 0.625000 0.773438
vt 0.625000 0.781250
vt 0.500000 0.781250
vt 0.375000 0.773438
vt 0.375000 0.781250
vt 0.375000 0.804688
vt 0.375000 0.812500
vt 0.625000 0.789062
vt 0.687500 0.750000
vt 0.632812 0.750000
vt 0.664062 0.750000
vt 0.656250 0.750000
vt 0.648438 0.750000
vt 0.679688 0.750000
vt 0.312500 0.218750
vt 0.333333 0.322917
vt 0.651042 0.653646
vt 0.645833 0.656250
vt 0.635417 0.562500
vt 0.638021 0.557292
vt 0.630208 0.726562
vt 0.627604 0.703125
vt 0.666667 0.645833
vt 0.645833 0.541667
vt 0.322917 0.270833
vt 0.640625 0.679688
vt 0.661458 0.648438
vt 0.661458 0.648438
vt 0.625000 0.484375
vt 0.625000 0.453125
vt 0.640625 0.750000
vt 0.651042 0.653646
vt 0.656250 0.651042
vt 0.671875 0.750000
vt 0.643229 0.546875
vt 0.640625 0.552083
vt 0.661458 0.648437
vt 0.656250 0.651042
vt 0.625000 0.796875
vt 0.375000 0.789062
vt 0.500000 0.789062
vt 0.500000 0.796875
vt 0.375000 0.796875
vt 0.320312 0.750000
vt 0.328125 0.750000
vt 0.375000 0.445312
vt 0.500000 0.445312
vt 0.500000 0.453125
vt 0.375000 0.453125
vt 0.320312 0.500000
vt 0.328125 0.500000
vt 0.630208 0.726563
vt 0.635417 0.703125
vt 0.630208 0.726562
vt 0.635417 0.703125
vt 0.632812 0.609375
vt 0.630208 0.656250
vt 0.640625 0.679687
vt 0.635417 0.703125
vt 0.625000 0.765625
vt 0.375000 0.757812
vt 0.500000 0.757812
vt 0.500000 0.765625
vt 0.375000 0.765625
vt 0.375000 0.476562
vt 0.500000 0.476562
vt 0.500000 0.484375
vt 0.375000 0.484375
vt 0.351562 0.750000
vt 0.359375 0.750000
vt 0.351562 0.500000
vt 0.359375 0.500000
vt 0.312500 0.500000
vt 0.312500 0.750000
vt 0.500000 0.437500
vt 0.375000 0.437500
s 0
usemtl GRAY
f 533/1/1 531/2/1 8/3/1 14/4/1
f 14/4/2 8/3/2 6/5/2 15/6/2
f 549/7/3 7/8/3 5/9/3 532/10/3
f 4/11/4 1/11/4 17/11/4 18/11/4
f 532/10/3 5/9/3 40/9/3 537/10/3
f 558/12/1 106/5/1 184/5/1 569/12/1
f 769/13/1 4/14/1 18/14/1 772/13/1
f 692/15/3 9/16/3 11/17/3 677/18/3
f 678/19/1 676/20/1 10/21/1 16/22/1
f 692/23/1 678/19/1 16/22/1 9/24/1
f 15/6/2 6/5/2 41/5/2 45/6/2
f 5/9/2 15/6/2 45/6/2 40/9/2
f 7/8/2 14/4/2 15/6/2 5/9/2
f 549/25/1 533/1/1 14/4/1 7/8/1
f 23/5/2 32/5/2 55/5/2 51/5/2
f 772/13/1 18/14/1 22/14/1 773/13/1
f 6/5/2 8/3/2 20/3/2 19/5/2
f 677/18/3 11/17/3 42/17/3 682/18/3
f 28/11/4 26/11/4 53/11/4 54/11/4
f 629/26/1 10/21/1 21/21/1 632/26/1
f 1/11/4 13/11/4 44/11/4 38/11/4
f 23/5/2 24/3/2 33/3/2 32/5/2
f 632/26/1 21/21/1 25/21/1 633/26/1
f 55/5/2 32/5/2 66/5/2 73/5/2
f 29/11/4 28/11/4 36/11/4 37/11/4
f 19/5/2 20/3/2 24/3/2 23/5/2
f 27/11/4 26/11/4 28/11/4 29/11/4
f 315/11/3 314/11/3 26/11/3 27/11/3
f 316/14/1 37/14/1 71/14/1 321/14/1
f 313/14/1 315/14/1 27/14/1 29/14/1
f 32/5/2 33/3/2 67/3/2 66/5/2
f 774/13/1 31/14/1 50/14/1 776/13/1
f 773/13/1 22/14/1 31/14/1 774/13/1
f 36/11/4 28/11/4 54/11/4 57/11/4
f 633/26/1 25/21/1 34/21/1 634/26/1
f 313/14/1 29/14/1 37/14/1 316/14/1
f 6/5/2 19/5/2 48/5/2 41/5/2
f 737/27/5 736/28/5 38/29/5 44/30/5
f 593/31/5 592/32/5 43/33/5 46/34/5
f 635/35/5 593/31/5 46/34/5 42/36/5
f 775/37/5 737/27/5 44/30/5 39/38/5
f 602/32/5 147/33/5 63/33/5 605/32/5
f 693/39/5 43/33/5 49/33/5 695/39/5
f 552/12/5 41/5/5 48/5/5 554/12/5
f 605/32/5 63/33/5 60/33/5 614/32/5
f 749/28/5 65/29/5 58/29/5 758/28/5
f 61/5/2 177/5/2 200/5/2 120/5/2
f 37/11/4 36/11/4 70/11/4 71/11/4
f 314/11/3 17/11/3 47/11/3 317/11/3
f 13/11/4 3/11/4 39/11/4 44/11/4
f 17/11/4 1/11/4 38/11/4 47/11/4
f 19/5/2 23/5/2 51/5/2 48/5/2
f 569/12/1 184/5/1 202/5/1 575/12/1
f 177/5/6 64/5/6 59/5/6 200/5/6
f 695/39/3 49/33/3 69/33/3 697/39/3
f 634/26/1 34/21/1 68/21/1 636/26/1
f 57/11/4 54/11/4 93/11/4 95/11/4
f 418/5/2 414/5/2 217/5/2 216/5/2
f 73/5/2 85/5/2 115/5/2 108/5/2
f 452/3/2 237/3/2 279/3/2 462/3/2
f 66/5/2 67/3/2 30/3/2 35/5/2
f 431/40/5 422/40/5 220/40/5 338/40/5
f 636/26/3 68/21/3 265/21/3 641/26/3
f 71/11/4 70/11/4 82/11/4 83/11/4
f 684/20/6 245/21/6 282/21/6 691/20/6
f 317/11/3 47/11/3 74/11/3 322/11/3
f 414/5/2 420/5/2 223/5/2 217/5/2
f 73/5/2 66/5/2 35/5/2 85/5/2
f 87/11/4 75/11/4 109/11/4 117/11/4
f 36/11/4 57/11/4 75/11/4 70/11/4
f 54/11/4 53/11/4 92/11/4 93/11/4
f 415/11/4 416/11/4 222/11/4 226/11/4
f 416/11/4 417/11/4 221/11/4 222/11/4
f 586/41/5 418/5/5 216/5/5 580/41/5
f 434/11/4 239/11/4 278/11/4 445/11/4
f 420/5/2 421/3/2 228/3/2 223/5/2
f 727/42/5 423/43/5 218/43/5 721/42/5
f 55/5/2 73/5/2 108/5/2 94/5/2
f 48/5/2 51/5/2 52/5/2 72/5/2
f 51/5/2 55/5/2 94/5/2 52/5/2
f 75/11/4 57/11/4 95/11/4 109/11/4
f 554/12/3 48/5/3 72/5/3 556/12/3
f 70/11/4 75/11/4 87/11/4 82/11/4
f 567/12/5 171/5/5 189/5/5 571/12/5
f 708/39/5 172/33/5 190/33/5 712/39/5
f 140/11/6 138/11/6 165/11/6 173/11/6
f 159/5/2 119/5/2 177/5/2 61/5/2
f 118/5/6 139/5/6 171/5/6 163/5/6
f 119/5/6 118/5/6 163/5/6 146/5/6
f 699/39/1 105/33/1 185/33/1 710/39/1
f 703/39/5 147/33/5 164/33/5 704/39/5
f 329/29/5 148/29/5 170/29/5 332/29/5
f 562/12/5 146/5/5 163/5/5 563/12/5
f 337/29/5 329/29/5 165/29/5 137/29/5
f 704/39/5 164/33/5 172/33/5 708/39/5
f 117/11/4 109/11/4 122/11/4 130/11/4
f 95/11/4 93/11/4 78/11/4 76/11/4
f 52/5/2 94/5/2 77/5/2 91/5/2
f 325/40/6 117/40/6 130/40/6 326/40/6
f 109/11/4 95/11/4 76/11/4 122/11/4
f 108/5/2 115/5/2 128/5/2 121/5/2
f 599/44/6 116/43/6 129/43/6 601/44/6
f 322/11/3 74/11/3 88/11/3 318/11/3
f 743/45/6 114/40/6 127/40/6 745/45/6
f 556/12/3 72/5/3 89/5/3 555/12/3
f 93/11/4 92/11/4 79/11/4 78/11/4
f 697/39/3 69/33/3 90/33/3 696/39/3
f 72/5/2 52/5/2 91/5/2 89/5/2
f 94/5/2 108/5/2 121/5/2 77/5/2
f 696/39/3 90/33/3 97/33/3 698/39/3
f 78/11/4 79/11/4 100/11/4 101/11/4
f 555/12/3 89/5/3 98/5/3 557/12/3
f 130/11/4 122/11/4 136/11/4 144/11/4
f 326/40/6 130/40/6 144/40/6 327/40/6
f 318/11/3 88/11/3 99/11/3 323/11/3
f 121/5/2 128/5/2 142/5/2 135/5/2
f 601/44/6 129/43/6 143/43/6 604/44/6
f 91/5/2 77/5/2 102/5/2 96/5/2
f 76/11/4 78/11/4 101/11/4 103/11/4
f 745/45/6 127/40/6 141/40/6 748/45/6
f 77/5/2 121/5/2 135/5/2 102/5/2
f 122/11/4 76/11/4 103/11/4 136/11/4
f 89/5/2 91/5/2 96/5/2 98/5/2
f 136/11/4 103/11/4 123/11/4 150/11/4
f 323/11/3 99/11/3 131/11/3 319/11/3
f 101/11/4 100/11/4 126/11/4 125/11/4
f 102/5/2 135/5/2 149/5/2 124/5/2
f 98/5/2 96/5/2 134/5/2 132/5/2
f 144/11/4 136/11/4 150/11/4 158/11/4
f 327/40/6 144/40/6 158/40/6 328/40/6
f 135/5/2 142/5/2 156/5/2 149/5/2
f 604/44/6 143/43/6 157/43/6 606/44/6
f 557/12/3 98/5/3 132/5/3 560/12/3
f 748/45/6 141/40/6 155/40/6 750/45/6
f 103/11/4 101/11/4 125/11/4 123/11/4
f 96/5/2 102/5/2 124/5/2 134/5/2
f 698/39/3 97/33/3 133/33/3 701/39/3
f 750/45/6 155/40/6 166/40/6 752/45/6
f 123/11/4 125/11/4 111/11/4 113/11/4
f 134/5/2 124/5/2 112/5/2 104/5/2
f 132/5/2 134/5/2 104/5/2 106/5/2
f 124/5/2 149/5/2 161/5/2 112/5/2
f 125/11/4 126/11/4 110/11/4 111/11/4
f 701/39/3 133/33/3 105/33/3 699/39/3
f 158/11/4 150/11/4 162/11/4 169/11/4
f 560/12/3 132/5/3 106/5/3 558/12/3
f 328/40/6 158/40/6 169/40/6 330/40/6
f 319/11/3 131/11/3 107/11/3 324/11/3
f 149/5/2 156/5/2 167/5/2 161/5/2
f 606/44/6 157/43/6 168/43/6 608/44/6
f 150/11/4 123/11/4 113/11/4 162/11/4
f 161/5/2 167/5/2 180/5/2 174/5/2
f 111/11/4 110/11/4 154/11/4 153/11/4
f 608/44/6 168/43/6 181/43/6 610/44/6
f 106/5/2 104/5/2 160/5/2 159/5/2
f 752/45/6 166/40/6 179/40/6 754/45/6
f 112/5/2 161/5/2 174/5/2 152/5/2
f 106/5/2 159/5/2 61/5/2 184/5/2
f 113/11/4 111/11/4 153/11/4 151/11/4
f 104/5/2 112/5/2 152/5/2 160/5/2
f 746/28/5 145/29/5 65/29/5 749/28/5
f 162/11/4 113/11/4 151/11/4 175/11/4
f 119/5/6 146/5/6 64/5/6 177/5/6
f 169/11/4 162/11/4 175/11/4 182/11/4
f 330/40/6 169/40/6 182/40/6 331/40/6
f 153/11/4 154/11/4 137/11/4 138/11/4
f 182/11/4 175/11/4 187/11/4 195/11/4
f 331/40/6 182/40/6 195/40/6 334/40/6
f 174/5/2 180/5/2 193/5/2 186/5/2
f 610/44/6 181/43/6 194/43/6 612/44/6
f 175/11/4 151/11/4 140/11/4 187/11/4
f 754/45/6 179/40/6 192/40/6 756/45/6
f 151/11/4 153/11/4 138/11/4 140/11/4
f 160/5/2 152/5/2 139/5/2 118/5/2
f 152/5/2 174/5/2 186/5/2 139/5/2
f 159/5/2 160/5/2 118/5/2 119/5/2
f 563/12/5 163/5/5 171/5/5 567/12/5
f 138/11/6 137/11/6 165/11/6
f 183/11/4 210/11/4 215/11/4 107/11/4
f 332/29/5 170/29/5 188/29/5 333/29/5
f 188/29/2 196/29/2 288/29/2 287/29/2
f 571/12/5 189/5/5 197/5/5 573/12/5
f 189/5/6 186/5/6 193/5/6 197/5/6
f 171/5/6 139/5/6 186/5/6 189/5/6
f 140/11/6 173/11/6 191/11/6 187/11/6
f 334/40/6 195/40/6 199/40/6 335/40/6
f 756/45/6 192/40/6 196/40/6 757/45/6
f 612/44/6 194/43/6 198/43/6 613/44/6
f 187/11/6 191/11/6 199/11/6 195/11/6
f 712/39/5 190/33/5 198/33/5 714/39/5
f 614/32/5 60/33/5 62/33/5 617/32/5
f 716/39/1 203/33/1 213/33/1 720/39/1
f 202/5/2 120/5/2 205/5/2 212/5/2
f 120/5/2 200/5/2 208/5/2 205/5/2
f 575/12/1 202/5/1 212/5/1 579/12/1
f 184/5/2 61/5/2 120/5/2 202/5/2
f 710/39/1 185/33/1 203/33/1 716/39/1
f 578/12/6 208/5/6 176/5/6 577/12/6
f 576/12/3 205/5/3 208/5/3 578/12/3
f 717/39/3 206/33/3 209/33/3 719/39/3
f 720/39/3 213/33/3 206/33/3 717/39/3
f 579/12/3 212/5/3 205/5/3 576/12/3
f 719/39/6 209/33/6 62/33/6 718/39/6
f 758/28/5 58/29/5 178/29/5 761/28/5
f 200/5/6 59/5/6 176/5/6 208/5/6
f 183/11/4 201/29/4 214/29/4 210/11/4
f 210/11/4 214/29/4 58/29/4 65/11/4
f 201/29/4 211/29/4 204/29/4 214/29/4
f 207/29/4 58/29/4 214/29/4 204/29/4
f 324/11/3 336/11/3 154/11/3 110/11/3
f 215/11/4 210/11/4 65/11/4 145/11/4
f 337/11/3 137/11/3 154/11/3 336/11/3
f 587/41/5 439/5/5 86/5/5 581/41/5
f 434/11/4 438/11/4 235/11/4 239/11/4
f 421/3/2 30/3/2 271/3/2 427/3/2
f 440/5/2 436/5/2 234/5/2 84/5/2
f 728/42/5 437/43/5 81/43/5 722/42/5
f 438/11/4 441/11/4 233/11/4 235/11/4
f 439/5/2 440/5/2 84/5/2 86/5/2
f 441/11/4 442/11/4 232/11/4 233/11/4
f 449/40/5 443/40/5 231/40/5 339/40/5
f 539/2/6 246/3/6 281/3/6 547/2/6
f 419/11/4 415/11/4 226/11/4 230/11/4
f 71/11/4 83/11/4 269/11/4 270/11/4
f 461/11/4 455/11/4 244/11/4 248/11/4
f 461/11/4 248/11/4 284/11/4 465/11/4
f 457/5/2 453/5/2 243/5/2 224/5/2
f 730/42/5 454/43/5 219/43/5 723/42/5
f 455/11/4 458/11/4 242/11/4 244/11/4
f 456/5/2 457/5/2 224/5/2 225/5/2
f 458/11/4 459/11/4 241/11/4 242/11/4
f 467/40/5 460/40/5 240/40/5 341/40/5
f 776/13/3 50/14/3 267/14/3 780/13/3
f 435/3/2 228/3/2 276/3/2 446/3/2
f 436/5/2 435/3/2 237/3/2 234/5/2
f 340/46/6 247/14/6 283/14/6 347/46/6
f 588/41/5 456/5/5 225/5/5 582/41/5
f 30/3/2 67/3/2 266/3/2 271/3/2
f 453/5/2 452/3/2 246/3/2 243/5/2
f 802/41/5 796/5/5 253/5/5 584/41/5
f 733/42/5 656/43/5 261/43/5 725/42/5
f 341/40/6 342/47/6 242/11/6 241/40/6
f 685/48/6 250/49/6 251/50/6 724/51/6
f 540/52/6 224/5/6 243/5/6 583/53/6
f 342/47/6 249/54/6 252/55/6 343/56/6
f 583/53/6 243/5/6 246/3/6 539/2/6
f 343/56/6 252/55/6 247/14/6 340/46/6
f 724/51/6 251/50/6 245/21/6 684/20/6
f 829/57/1 822/49/1 260/49/1 640/57/1
f 804/57/1 797/49/1 256/49/1 639/57/1
f 797/49/4 799/43/4 255/43/4 256/49/4
f 796/5/2 800/5/2 254/5/2 253/5/2
f 625/44/6 640/57/6 260/49/6 259/43/6
f 827/41/5 823/5/5 257/5/5 585/41/5
f 822/49/4 831/43/4 259/43/4 260/49/4
f 823/5/2 830/5/2 258/5/2 257/5/2
f 768/45/6 779/58/6 263/54/6 262/40/6
f 793/59/1 657/54/1 263/54/1 779/58/1
f 656/43/2 661/49/2 264/49/2 261/43/2
f 657/54/4 660/40/4 262/40/4 263/54/4
f 268/14/2 267/14/2 238/14/2 236/14/2
f 780/13/1 267/14/1 268/14/1 781/13/1
f 641/26/1 265/21/1 272/21/1 642/26/1
f 270/11/4 269/11/4 229/11/4 227/11/4
f 647/26/1 447/21/1 280/21/1 644/26/1
f 646/26/1 424/21/1 273/21/1 643/26/1
f 786/13/1 425/14/1 274/14/1 782/13/1
f 648/26/1 463/21/1 282/21/1 645/26/1
f 466/14/1 465/14/1 284/14/1 347/14/1
f 545/2/1 517/60/1 522/60/1 550/2/1
f 448/14/1 445/14/1 278/14/1 346/14/1
f 789/13/1 464/14/1 283/14/1 784/13/1
f 419/11/4 230/11/4 275/11/4 426/11/4
f 321/14/3 71/14/3 270/14/3 344/14/3
f 320/14/1 227/14/1 229/14/1 348/14/1
f 425/14/2 268/14/2 236/14/2 428/14/2
f 344/14/3 270/14/3 227/14/3 320/14/3
f 426/11/4 275/11/4 56/11/4 429/11/4
f 345/14/6 274/14/6 80/14/6 349/14/6
f 355/29/3 293/29/3 291/29/3 352/29/3
f 199/11/4 191/11/4 286/11/4 285/11/4
f 333/29/3 188/29/3 287/29/3 350/29/3
f 335/40/6 199/40/6 285/40/6 351/40/6
f 352/29/5 291/29/5 292/29/5 353/29/5
f 295/11/4 294/11/4 290/11/4 289/11/4
f 353/29/5 292/29/5 298/29/5 356/29/5
f 293/29/2 296/29/2 292/29/2 291/29/2
f 287/29/2 288/29/2 296/29/2 293/29/2
f 351/40/6 285/40/6 295/40/6 354/40/6
f 285/11/4 286/11/4 294/11/4 295/11/4
f 350/29/3 287/29/3 293/29/3 355/29/3
f 298/29/2 300/29/2 304/29/2 302/29/2
f 295/11/4 289/11/4 297/11/4 299/11/4
f 354/40/1 295/40/1 299/40/1 357/40/1
f 292/29/2 296/29/2 300/29/2 298/29/2
f 359/40/6 303/40/6 301/40/6 358/40/6
f 298/29/2 302/29/2 308/29/2 306/29/2
f 357/40/1 299/40/1 303/40/1 359/40/1
f 299/11/4 297/11/4 301/11/4 303/11/4
f 306/29/2 308/29/2 312/29/2 310/29/2
f 356/29/3 298/29/3 306/29/3 360/29/3
f 301/11/4 297/11/4 305/11/4 307/11/4
f 358/40/6 301/40/6 307/40/6 361/40/6
f 362/29/5 310/29/5 312/29/5 363/29/5
f 360/29/3 306/29/3 310/29/3 362/29/3
f 307/11/4 305/11/4 309/11/4 311/11/4
f 361/40/6 307/40/6 311/40/6 363/40/6
f 308/40/6 361/40/6 363/40/6 312/40/6
f 305/29/3 360/29/3 362/29/3 309/29/3
f 309/29/5 362/29/5 363/29/5 311/29/5
f 302/40/6 358/40/6 361/40/6 308/40/6
f 297/29/3 356/29/3 360/29/3 305/29/3
f 300/40/1 357/40/1 359/40/1 304/40/1
f 304/40/6 359/40/6 358/40/6 302/40/6
f 296/40/1 354/40/1 357/40/1 300/40/1
f 286/29/3 350/29/3 355/29/3 294/29/3
f 288/40/6 351/40/6 354/40/6 296/40/6
f 289/29/5 353/29/5 356/29/5 297/29/5
f 290/29/5 352/29/5 353/29/5 289/29/5
f 196/40/6 335/40/6 351/40/6 288/40/6
f 191/29/3 333/29/3 350/29/3 286/29/3
f 294/29/3 355/29/3 352/29/3 290/29/3
f 267/14/3 344/14/3 320/14/3 238/14/3
f 428/14/1 430/14/1 349/14/1 80/14/1
f 238/14/1 320/14/1 348/14/1 236/14/1
f 50/14/3 321/14/3 344/14/3 267/14/3
f 444/14/1 448/14/1 346/14/1 277/14/1
f 464/14/1 466/14/1 347/14/1 283/14/1
f 244/11/6 343/56/6 340/46/6 248/11/6
f 242/11/6 342/47/6 343/56/6 244/11/6
f 240/40/6 249/54/6 342/47/6 341/40/6
f 248/11/6 340/46/6 347/46/6 284/11/6
f 459/40/5 467/40/5 341/40/5 241/40/5
f 442/40/5 449/40/5 339/40/5 232/40/5
f 145/11/3 337/11/3 336/11/3 215/11/3
f 107/11/3 215/11/3 336/11/3 324/11/3
f 192/40/6 334/40/6 335/40/6 196/40/6
f 173/29/5 332/29/5 333/29/5 191/29/5
f 179/40/6 331/40/6 334/40/6 192/40/6
f 166/40/6 330/40/6 331/40/6 179/40/6
f 126/11/3 319/11/3 324/11/3 110/11/3
f 155/40/6 328/40/6 330/40/6 166/40/6
f 141/40/6 327/40/6 328/40/6 155/40/6
f 100/11/3 323/11/3 319/11/3 126/11/3
f 79/11/3 318/11/3 323/11/3 100/11/3
f 127/40/6 326/40/6 327/40/6 141/40/6
f 92/11/3 322/11/3 318/11/3 79/11/3
f 114/40/6 325/40/6 326/40/6 127/40/6
f 145/29/5 148/29/5 329/29/5 337/29/5
f 165/29/5 329/29/5 332/29/5 173/29/5
f 53/11/3 317/11/3 322/11/3 92/11/3
f 417/40/5 431/40/5 338/40/5 221/40/5
f 26/11/3 314/11/3 317/11/3 53/11/3
f 22/14/1 313/14/1 316/14/1 31/14/1
f 22/14/1 18/14/1 315/14/1 313/14/1
f 31/14/1 316/14/1 321/14/1 50/14/1
f 18/11/3 17/11/3 314/11/3 315/11/3
f 729/20/1 468/61/1 413/61/1 691/20/1
f 620/44/5 506/62/5 523/62/5 630/44/5
f 726/20/1 432/61/1 411/61/1 689/20/1
f 687/20/1 409/61/1 410/61/1 688/20/1
f 732/63/1 658/64/1 408/64/1 686/63/1
f 725/42/6 686/63/6 408/64/6 407/65/6
f 767/66/6 406/67/6 403/61/6 777/13/6
f 778/68/6 405/69/6 406/67/6 767/66/6
f 792/45/5 659/65/5 407/65/5 768/45/5
f 683/20/3 376/61/3 409/61/3 687/20/3
f 788/45/5 469/65/5 404/65/5 766/45/5
f 787/45/5 451/65/5 402/65/5 765/45/5
f 715/39/5 395/70/5 398/70/5 718/39/5
f 762/28/6 399/70/6 398/70/6 761/28/6
f 763/28/3 400/70/3 397/70/3 760/28/3
f 760/28/3 397/70/3 399/70/3 762/28/3
f 753/28/1 390/70/1 396/70/1 759/28/1
f 759/28/1 396/70/1 400/70/1 763/28/1
f 755/28/5 392/70/5 394/70/5 757/28/5
f 713/42/6 393/65/6 394/65/6 714/42/6
f 711/42/6 391/65/6 393/65/6 713/42/6
f 703/39/5 383/70/5 386/70/5 706/39/5
f 709/42/6 389/65/6 391/65/6 711/42/6
f 744/28/3 381/70/3 379/70/3 742/28/3
f 707/42/6 387/65/6 389/65/6 709/42/6
f 741/28/3 378/70/3 381/70/3 744/28/3
f 705/42/6 385/65/6 387/65/6 707/42/6
f 702/42/6 382/65/6 385/65/6 705/42/6
f 739/28/3 375/70/3 378/70/3 741/28/3
f 740/28/3 377/70/3 375/70/3 739/28/3
f 700/42/6 380/65/6 382/65/6 702/42/6
f 747/28/5 384/70/5 388/70/5 751/28/5
f 746/28/5 383/70/5 384/70/5 747/28/5
f 742/28/1 379/70/1 390/70/1 753/28/1
f 751/28/5 388/70/5 392/70/5 755/28/5
f 785/45/5 433/65/5 401/65/5 764/45/5
f 777/13/6 403/61/6 413/61/6 784/13/6
f 738/28/3 374/70/3 377/70/3 740/28/3
f 706/39/5 386/70/5 395/70/5 715/39/5
f 736/28/5 371/70/5 374/70/5 738/28/5
f 682/71/5 694/72/5 373/73/5 372/74/5
f 694/72/5 693/39/5 371/70/5 373/73/5
f 680/20/1 369/61/1 370/61/1 681/20/1
f 681/20/1 370/61/1 376/61/1 683/20/1
f 770/75/3 366/76/3 372/76/3 775/75/3
f 679/20/1 368/61/1 369/61/1 680/20/1
f 735/77/1 771/78/1 367/79/1 364/80/1
f 771/78/1 769/13/1 365/61/1 367/79/1
f 735/81/3 364/82/3 366/76/3 770/75/3
f 676/20/1 365/61/1 368/61/1 679/20/1
f 743/45/5 380/65/5 433/65/5 785/45/5
f 688/20/1 410/61/1 432/61/1 726/20/1
f 117/40/5 325/40/5 431/40/5 417/40/5
f 236/14/1 348/14/1 430/14/1 428/14/1
f 269/11/4 426/11/4 429/11/4 229/11/4
f 274/14/2 425/14/2 428/14/2 80/14/2
f 348/14/1 229/14/1 429/14/1 430/14/1
f 83/11/4 419/11/4 426/11/4 269/11/4
f 781/13/1 268/14/1 425/14/1 786/13/1
f 642/26/1 272/21/1 424/21/1 646/26/1
f 83/11/4 82/11/4 415/11/4 419/11/4
f 228/3/2 421/3/2 427/3/2 276/3/2
f 700/42/5 116/43/5 423/43/5 727/42/5
f 35/5/2 30/3/2 421/3/2 420/5/2
f 559/41/5 115/5/5 418/5/5 586/41/5
f 87/11/4 117/11/4 417/11/4 416/11/4
f 82/11/4 87/11/4 416/11/4 415/11/4
f 85/5/2 35/5/2 420/5/2 414/5/2
f 325/40/5 114/40/5 422/40/5 431/40/5
f 115/5/2 85/5/2 414/5/2 418/5/2
f 764/45/5 401/65/5 451/65/5 787/45/5
f 546/2/1 518/60/1 524/60/1 551/2/1
f 221/40/5 338/40/5 449/40/5 442/40/5
f 274/14/1 345/14/1 448/14/1 444/14/1
f 345/14/1 275/14/1 445/14/1 448/14/1
f 621/44/5 507/62/5 525/62/5 631/44/5
f 643/26/1 273/21/1 447/21/1 647/26/1
f 223/5/2 228/3/2 435/3/2 436/5/2
f 237/3/2 435/3/2 446/3/2 279/3/2
f 338/40/5 220/40/5 443/40/5 449/40/5
f 222/11/4 221/11/4 442/11/4 441/11/4
f 216/5/2 217/5/2 440/5/2 439/5/2
f 226/11/4 222/11/4 441/11/4 438/11/4
f 721/42/5 218/43/5 437/43/5 728/42/5
f 217/5/2 223/5/2 436/5/2 440/5/2
f 230/11/4 226/11/4 438/11/4 434/11/4
f 580/41/5 216/5/5 439/5/5 587/41/5
f 230/11/4 434/11/4 445/11/4 275/11/4
f 765/45/5 402/65/5 469/65/5 788/45/5
f 690/20/1 412/61/1 468/61/1 729/20/1
f 232/40/5 339/40/5 467/40/5 459/40/5
f 277/14/1 346/14/1 466/14/1 464/14/1
f 783/13/1 277/14/1 464/14/1 789/13/1
f 346/14/1 278/14/1 465/14/1 466/14/1
f 644/26/1 280/21/1 463/21/1 648/26/1
f 234/5/2 237/3/2 452/3/2 453/5/2
f 581/41/5 86/5/5 456/5/5 588/41/5
f 339/40/5 231/40/5 460/40/5 467/40/5
f 233/11/4 232/11/4 459/11/4 458/11/4
f 86/5/2 84/5/2 457/5/2 456/5/2
f 235/11/4 233/11/4 458/11/4 455/11/4
f 722/42/5 81/43/5 454/43/5 730/42/5
f 84/5/2 234/5/2 453/5/2 457/5/2
f 239/11/4 461/11/4 465/11/4 278/11/4
f 239/11/4 235/11/4 455/11/4 461/11/4
f 246/3/2 452/3/2 462/3/2 281/3/2
f 599/44/5 485/62/5 521/62/5 627/44/5
f 544/2/1 516/60/1 520/60/1 548/2/1
f 551/2/1 524/60/1 519/60/1 547/2/1
f 548/2/1 520/60/1 517/60/1 545/2/1
f 550/2/1 522/60/1 518/60/1 546/2/1
f 543/2/1 515/60/1 516/60/1 544/2/1
f 828/44/5 824/62/5 513/62/5 625/44/5
f 585/41/6 542/83/6 514/84/6 513/62/6
f 826/85/1 825/86/1 514/84/1 542/83/1
f 623/87/6 511/88/6 508/60/6 637/26/6
f 638/89/6 510/90/6 511/88/6 623/87/6
f 803/44/5 798/62/5 512/62/5 624/44/5
f 631/44/5 525/62/5 509/62/5 622/44/5
f 637/26/6 508/60/6 519/60/6 645/26/6
f 630/44/5 523/62/5 507/62/5 621/44/5
f 619/32/3 505/91/3 502/91/3 616/32/3
f 616/32/3 502/91/3 504/91/3 618/32/3
f 618/32/6 504/91/6 503/91/6 617/32/6
f 615/32/1 501/91/1 505/91/1 619/32/1
f 574/12/5 500/91/5 503/91/5 577/12/5
f 572/41/6 498/62/6 499/62/6 573/41/6
f 611/32/5 497/91/5 499/91/5 613/32/5
f 603/32/5 489/91/5 493/91/5 607/32/5
f 570/41/6 496/62/6 498/62/6 572/41/6
f 568/41/6 494/62/6 496/62/6 570/41/6
f 566/41/6 492/62/6 494/62/6 568/41/6
f 600/32/3 486/91/3 484/91/3 598/32/3
f 597/32/3 483/91/3 486/91/3 600/32/3
f 564/41/6 490/62/6 492/62/6 566/41/6
f 561/41/6 487/62/6 490/62/6 564/41/6
f 595/32/3 480/91/3 483/91/3 597/32/3
f 596/32/3 482/91/3 480/91/3 595/32/3
f 559/41/6 485/62/6 487/62/6 561/41/6
f 602/32/5 488/91/5 489/91/5 603/32/5
f 607/32/5 493/91/5 497/91/5 611/32/5
f 594/32/3 479/91/3 482/91/3 596/32/3
f 627/44/5 521/62/5 506/62/5 620/44/5
f 538/2/3 481/60/3 515/60/3 543/2/3
f 536/2/1 475/60/1 481/60/1 538/2/1
f 609/32/1 495/91/1 501/91/1 615/32/1
f 565/12/5 491/91/5 500/91/5 574/12/5
f 592/32/5 477/91/5 479/91/5 594/32/5
f 562/12/5 488/91/5 491/91/5 565/12/5
f 537/92/5 553/93/5 478/94/5 476/95/5
f 553/93/5 552/12/5 477/91/5 478/94/5
f 535/2/1 474/60/1 475/60/1 536/2/1
f 534/2/1 473/60/1 474/60/1 535/2/1
f 531/2/1 450/60/1 473/60/1 534/2/1
f 591/96/1 626/97/1 472/98/1 471/99/1
f 598/32/1 484/91/1 495/91/1 609/32/1
f 628/100/3 470/101/3 476/101/3 635/100/3
f 591/102/3 471/103/3 470/101/3 628/100/3
f 626/97/1 629/26/1 450/60/1 472/98/1
f 821/44/5 818/62/5 530/62/5 649/44/5
f 816/5/2 815/5/2 529/5/2 526/5/2
f 817/49/4 814/43/4 527/43/4 528/49/4
f 819/41/5 816/5/5 526/5/5 590/41/5
f 818/62/5 819/41/5 590/41/5 530/62/5
f 815/5/1 820/52/1 589/85/1 529/5/1
f 8/3/1 531/2/1 534/2/1 20/3/1
f 20/3/1 534/2/1 535/2/1 24/3/1
f 24/3/1 535/2/1 536/2/1 33/3/1
f 45/6/5 41/5/5 552/12/5 553/93/5
f 40/9/5 45/6/5 553/93/5 537/92/5
f 146/5/5 562/12/5 565/12/5 64/5/5
f 64/5/5 565/12/5 574/12/5 59/5/5
f 33/3/1 536/2/1 538/2/1 67/3/1
f 67/3/3 538/2/3 543/2/3 266/3/3
f 115/5/6 559/41/6 561/41/6 128/5/6
f 128/5/6 561/41/6 564/41/6 142/5/6
f 142/5/6 564/41/6 566/41/6 156/5/6
f 156/5/6 566/41/6 568/41/6 167/5/6
f 167/5/6 568/41/6 570/41/6 180/5/6
f 180/5/6 570/41/6 572/41/6 193/5/6
f 193/5/6 572/41/6 573/41/6 197/5/6
f 59/5/5 574/12/5 577/12/5 176/5/5
f 830/5/1 826/85/1 542/83/1 258/5/1
f 800/5/1 801/85/1 541/85/1 254/5/1
f 257/5/6 258/5/6 542/83/6 585/41/6
f 266/3/1 543/2/1 544/2/1 271/3/1
f 446/3/1 550/2/1 546/2/1 279/3/1
f 427/3/1 548/2/1 545/2/1 276/3/1
f 462/3/1 551/2/1 547/2/1 281/3/1
f 271/3/1 544/2/1 548/2/1 427/3/1
f 507/62/5 581/41/5 588/41/5 525/62/5
f 506/62/5 580/41/5 587/41/5 523/62/5
f 279/3/1 546/2/1 551/2/1 462/3/1
f 485/62/5 559/41/5 586/41/5 521/62/5
f 276/3/1 545/2/1 550/2/1 446/3/1
f 824/62/5 827/41/5 585/41/5 513/62/5
f 511/88/6 583/53/6 539/2/6 508/60/6
f 510/90/6 540/52/6 583/53/6 511/88/6
f 798/62/5 802/41/5 584/41/5 512/62/5
f 525/62/5 588/41/5 582/41/5 509/62/5
f 508/60/6 539/2/6 547/2/6 519/60/6
f 523/62/5 587/41/5 581/41/5 507/62/5
f 505/91/3 579/12/3 576/12/3 502/91/3
f 502/91/3 576/12/3 578/12/3 504/91/3
f 504/91/6 578/12/6 577/12/6 503/91/6
f 501/91/1 575/12/1 579/12/1 505/91/1
f 497/91/5 571/12/5 573/12/5 499/91/5
f 489/91/5 563/12/5 567/12/5 493/91/5
f 486/91/3 560/12/3 558/12/3 484/91/3
f 483/91/3 557/12/3 560/12/3 486/91/3
f 480/91/3 555/12/3 557/12/3 483/91/3
f 482/91/3 556/12/3 555/12/3 480/91/3
f 488/91/5 562/12/5 563/12/5 489/91/5
f 493/91/5 567/12/5 571/12/5 497/91/5
f 479/91/3 554/12/3 556/12/3 482/91/3
f 521/62/5 586/41/5 580/41/5 506/62/5
f 495/91/1 569/12/1 575/12/1 501/91/1
f 477/91/5 552/12/5 554/12/5 479/91/5
f 471/99/1 472/98/1 533/1/1 549/25/1
f 484/91/1 558/12/1 569/12/1 495/91/1
f 470/101/3 532/10/3 537/10/3 476/101/3
f 471/103/3 549/7/3 532/10/3 470/101/3
f 472/98/1 450/60/1 531/2/1 533/1/1
f 814/43/5 821/44/5 649/44/5 527/43/5
f 16/22/1 10/21/1 629/26/1 626/97/1
f 9/16/3 591/102/3 628/100/3 11/17/3
f 11/17/3 628/100/3 635/100/3 42/17/3
f 105/33/1 598/32/1 609/32/1 185/33/1
f 9/24/1 16/22/1 626/97/1 591/96/1
f 43/33/5 592/32/5 594/32/5 49/33/5
f 185/33/1 609/32/1 615/32/1 203/33/1
f 423/43/5 627/44/5 620/44/5 218/43/5
f 49/33/3 594/32/3 596/32/3 69/33/3
f 172/33/5 607/32/5 611/32/5 190/33/5
f 147/33/5 602/32/5 603/32/5 164/33/5
f 69/33/3 596/32/3 595/32/3 90/33/3
f 90/33/3 595/32/3 597/32/3 97/33/3
f 97/33/3 597/32/3 600/32/3 133/33/3
f 133/33/3 600/32/3 598/32/3 105/33/3
f 164/33/5 603/32/5 607/32/5 172/33/5
f 190/33/5 611/32/5 613/32/5 198/33/5
f 203/33/1 615/32/1 619/32/1 213/33/1
f 209/33/6 618/32/6 617/32/6 62/33/6
f 206/33/3 616/32/3 618/32/3 209/33/3
f 213/33/3 619/32/3 616/32/3 206/33/3
f 437/43/5 630/44/5 621/44/5 81/43/5
f 245/21/6 637/26/6 645/26/6 282/21/6
f 454/43/5 631/44/5 622/44/5 219/43/5
f 799/43/5 803/44/5 624/44/5 255/43/5
f 250/49/6 638/89/6 623/87/6 251/50/6
f 251/50/6 623/87/6 637/26/6 245/21/6
f 831/43/5 828/44/5 625/44/5 259/43/5
f 116/43/5 599/44/5 627/44/5 423/43/5
f 518/60/1 644/26/1 648/26/1 524/60/1
f 517/60/1 643/26/1 647/26/1 522/60/1
f 81/43/5 621/44/5 631/44/5 454/43/5
f 516/60/1 642/26/1 646/26/1 520/60/1
f 218/43/5 620/44/5 630/44/5 437/43/5
f 524/60/1 648/26/1 645/26/1 519/60/1
f 520/60/1 646/26/1 643/26/1 517/60/1
f 522/60/1 647/26/1 644/26/1 518/60/1
f 515/60/1 641/26/1 642/26/1 516/60/1
f 513/62/6 514/84/6 640/57/6 625/44/6
f 825/86/1 829/57/1 640/57/1 514/84/1
f 500/91/5 614/32/5 617/32/5 503/91/5
f 498/62/6 612/44/6 613/44/6 499/62/6
f 496/62/6 610/44/6 612/44/6 498/62/6
f 494/62/6 608/44/6 610/44/6 496/62/6
f 492/62/6 606/44/6 608/44/6 494/62/6
f 490/62/6 604/44/6 606/44/6 492/62/6
f 487/62/6 601/44/6 604/44/6 490/62/6
f 485/62/6 599/44/6 601/44/6 487/62/6
f 481/60/3 636/26/3 641/26/3 515/60/3
f 475/60/1 634/26/1 636/26/1 481/60/1
f 491/91/5 605/32/5 614/32/5 500/91/5
f 488/91/5 602/32/5 605/32/5 491/91/5
f 476/95/5 478/94/5 593/31/5 635/35/5
f 478/94/5 477/91/5 592/32/5 593/31/5
f 474/60/1 633/26/1 634/26/1 475/60/1
f 473/60/1 632/26/1 633/26/1 474/60/1
f 450/60/1 629/26/1 632/26/1 473/60/1
f 795/45/5 666/65/5 655/65/5 790/45/5
f 665/54/4 662/40/4 651/40/4 652/54/4
f 664/43/2 663/49/2 653/49/2 650/43/2
f 794/59/1 665/54/1 652/54/1 791/59/1
f 734/42/5 664/43/5 650/43/5 731/42/5
f 790/45/5 655/65/5 659/65/5 792/45/5
f 652/54/4 651/40/4 660/40/4 657/54/4
f 650/43/2 653/49/2 661/49/2 656/43/2
f 791/59/1 652/54/1 657/54/1 793/59/1
f 731/42/5 650/43/5 656/43/5 733/42/5
f 723/42/5 219/43/5 664/43/5 734/42/5
f 778/68/1 249/54/1 665/54/1 794/59/1
f 219/43/2 250/49/2 663/49/2 664/43/2
f 249/54/4 240/40/4 662/40/4 665/54/4
f 766/45/5 404/65/5 666/65/5 795/45/5
f 806/43/5 812/44/5 674/44/5 670/43/5
f 809/62/5 811/41/5 673/41/5 671/62/5
f 805/5/1 810/85/1 672/85/1 668/5/1
f 812/44/5 809/62/5 671/62/5 674/44/5
f 808/5/2 805/5/2 668/5/2 669/5/2
f 807/49/4 806/43/4 670/43/4 667/49/4
f 811/41/5 808/5/5 669/5/5 673/41/5
f 813/57/1 807/49/1 667/49/1 675/57/1
f 404/65/5 723/42/5 734/42/5 666/65/5
f 655/65/5 731/42/5 733/42/5 659/65/5
f 666/65/5 734/42/5 731/42/5 655/65/5
f 402/65/5 722/42/5 730/42/5 469/65/5
f 280/21/1 690/20/1 729/20/1 463/21/1
f 401/65/5 721/42/5 728/42/5 451/65/5
f 380/65/5 700/42/5 727/42/5 433/65/5
f 272/21/1 688/20/1 726/20/1 424/21/1
f 10/21/1 676/20/1 679/20/1 21/21/1
f 21/21/1 679/20/1 680/20/1 25/21/1
f 34/21/1 681/20/1 683/20/1 68/21/1
f 25/21/1 680/20/1 681/20/1 34/21/1
f 46/34/5 43/33/5 693/39/5 694/72/5
f 42/36/5 46/34/5 694/72/5 682/71/5
f 63/33/5 706/39/5 715/39/5 60/33/5
f 116/43/6 700/42/6 702/42/6 129/43/6
f 129/43/6 702/42/6 705/42/6 143/43/6
f 143/43/6 705/42/6 707/42/6 157/43/6
f 157/43/6 707/42/6 709/42/6 168/43/6
f 168/43/6 709/42/6 711/42/6 181/43/6
f 147/33/5 703/39/5 706/39/5 63/33/5
f 181/43/6 711/42/6 713/42/6 194/43/6
f 194/43/6 713/42/6 714/42/6 198/43/6
f 60/33/5 715/39/5 718/39/5 62/33/5
f 68/21/3 683/20/3 687/20/3 265/21/3
f 261/43/6 264/49/6 686/63/6 725/42/6
f 661/49/1 732/63/1 686/63/1 264/49/1
f 265/21/1 687/20/1 688/20/1 272/21/1
f 424/21/1 726/20/1 689/20/1 273/21/1
f 463/21/1 729/20/1 691/20/1 282/21/1
f 406/67/6 724/51/6 684/20/6 403/61/6
f 405/69/6 685/48/6 724/51/6 406/67/6
f 659/65/5 733/42/5 725/42/5 407/65/5
f 469/65/5 730/42/5 723/42/5 404/65/5
f 451/65/5 728/42/5 722/42/5 402/65/5
f 399/70/6 719/39/6 718/39/6 398/70/6
f 400/70/3 720/39/3 717/39/3 397/70/3
f 397/70/3 717/39/3 719/39/3 399/70/3
f 390/70/1 710/39/1 716/39/1 396/70/1
f 396/70/1 716/39/1 720/39/1 400/70/1
f 392/70/5 712/39/5 714/39/5 394/70/5
f 381/70/3 701/39/3 699/39/3 379/70/3
f 378/70/3 698/39/3 701/39/3 381/70/3
f 375/70/3 696/39/3 698/39/3 378/70/3
f 377/70/3 697/39/3 696/39/3 375/70/3
f 384/70/5 704/39/5 708/39/5 388/70/5
f 383/70/5 703/39/5 704/39/5 384/70/5
f 379/70/1 699/39/1 710/39/1 390/70/1
f 388/70/5 708/39/5 712/39/5 392/70/5
f 433/65/5 727/42/5 721/42/5 401/65/5
f 403/61/6 684/20/6 691/20/6 413/61/6
f 374/70/3 695/39/3 697/39/3 377/70/3
f 371/70/5 693/39/5 695/39/5 374/70/5
f 366/76/3 677/18/3 682/18/3 372/76/3
f 364/80/1 367/79/1 678/19/1 692/23/1
f 367/79/1 365/61/1 676/20/1 678/19/1
f 364/82/3 692/15/3 677/18/3 366/76/3
f 240/40/5 766/45/5 795/45/5 662/40/5
f 654/64/1 791/59/1 793/59/1 658/64/1
f 651/40/5 790/45/5 792/45/5 660/40/5
f 662/40/5 795/45/5 790/45/5 651/40/5
f 412/61/1 783/13/1 789/13/1 468/61/1
f 231/40/5 765/45/5 788/45/5 460/40/5
f 220/40/5 764/45/5 787/45/5 443/40/5
f 410/61/1 781/13/1 786/13/1 432/61/1
f 114/40/5 743/45/5 785/45/5 422/40/5
f 2/104/3 735/81/3 770/75/3 3/105/3
f 12/106/1 4/14/1 769/13/1 771/78/1
f 2/107/1 12/106/1 771/78/1 735/77/1
f 3/105/3 770/75/3 775/75/3 39/105/3
f 38/29/5 736/28/5 738/28/5 47/29/5
f 47/29/3 738/28/3 740/28/3 74/29/3
f 247/14/6 777/13/6 784/13/6 283/14/6
f 422/40/5 785/45/5 764/45/5 220/40/5
f 170/29/5 751/28/5 755/28/5 188/29/5
f 107/29/1 742/28/1 753/28/1 183/29/1
f 145/29/5 746/28/5 747/28/5 148/29/5
f 148/29/5 747/28/5 751/28/5 170/29/5
f 74/29/3 740/28/3 739/28/3 88/29/3
f 88/29/3 739/28/3 741/28/3 99/29/3
f 99/29/3 741/28/3 744/28/3 131/29/3
f 131/29/3 744/28/3 742/28/3 107/29/3
f 188/29/5 755/28/5 757/28/5 196/29/5
f 201/29/1 759/28/1 763/28/1 211/29/1
f 183/29/1 753/28/1 759/28/1 201/29/1
f 204/29/3 760/28/3 762/28/3 207/29/3
f 211/29/3 763/28/3 760/28/3 204/29/3
f 207/29/6 762/28/6 761/28/6 178/29/6
f 443/40/5 787/45/5 765/45/5 231/40/5
f 460/40/5 788/45/5 766/45/5 240/40/5
f 660/40/5 792/45/5 768/45/5 262/40/5
f 249/54/6 778/68/6 767/66/6 252/55/6
f 252/55/6 767/66/6 777/13/6 247/14/6
f 468/61/1 789/13/1 784/13/1 413/61/1
f 432/61/1 786/13/1 782/13/1 411/61/1
f 409/61/1 780/13/1 781/13/1 410/61/1
f 658/64/1 793/59/1 779/58/1 408/64/1
f 407/65/6 408/64/6 779/58/6 768/45/6
f 376/61/3 776/13/3 780/13/3 409/61/3
f 395/70/5 758/28/5 761/28/5 398/70/5
f 393/65/6 756/45/6 757/45/6 394/65/6
f 391/65/6 754/45/6 756/45/6 393/65/6
f 383/70/5 746/28/5 749/28/5 386/70/5
f 389/65/6 752/45/6 754/45/6 391/65/6
f 387/65/6 750/45/6 752/45/6 389/65/6
f 385/65/6 748/45/6 750/45/6 387/65/6
f 382/65/6 745/45/6 748/45/6 385/65/6
f 380/65/6 743/45/6 745/45/6 382/65/6
f 386/70/5 749/28/5 758/28/5 395/70/5
f 372/74/5 373/73/5 737/27/5 775/37/5
f 373/73/5 371/70/5 736/28/5 737/27/5
f 369/61/1 773/13/1 774/13/1 370/61/1
f 370/61/1 774/13/1 776/13/1 376/61/1
f 368/61/1 772/13/1 773/13/1 369/61/1
f 365/61/1 769/13/1 772/13/1 368/61/1
f 527/43/5 649/44/5 803/44/5 799/43/5
f 530/62/5 590/41/5 802/41/5 798/62/5
f 529/5/1 589/85/1 801/85/1 800/5/1
f 649/44/5 530/62/5 798/62/5 803/44/5
f 526/5/2 529/5/2 800/5/2 796/5/2
f 528/49/4 527/43/4 799/43/4 797/49/4
f 590/41/5 526/5/5 796/5/5 802/41/5
f 639/57/1 256/49/1 807/49/1 813/57/1
f 584/41/5 253/5/5 808/5/5 811/41/5
f 256/49/4 255/43/4 806/43/4 807/49/4
f 253/5/2 254/5/2 805/5/2 808/5/2
f 624/44/5 512/62/5 809/62/5 812/44/5
f 254/5/1 541/85/1 810/85/1 805/5/1
f 512/62/5 584/41/5 811/41/5 809/62/5
f 255/43/5 624/44/5 812/44/5 806/43/5
f 219/43/5 622/44/5 821/44/5 814/43/5
f 224/5/1 540/52/1 820/52/1 815/5/1
f 509/62/5 582/41/5 819/41/5 818/62/5
f 582/41/5 225/5/5 816/5/5 819/41/5
f 250/49/4 219/43/4 814/43/4 817/49/4
f 225/5/2 224/5/2 815/5/2 816/5/2
f 622/44/5 509/62/5 818/62/5 821/44/5
f 670/43/5 674/44/5 828/44/5 831/43/5
f 671/62/5 673/41/5 827/41/5 824/62/5
f 668/5/1 672/85/1 826/85/1 830/5/1
f 674/44/5 671/62/5 824/62/5 828/44/5
f 669/5/2 668/5/2 830/5/2 823/5/2
f 667/49/4 670/43/4 831/43/4 822/49/4
f 673/41/5 669/5/5 823/5/5 827/41/5
f 675/57/1 667/49/1 822/49/1 829/57/1
f 1/11/4 4/14/4 12/106/4 13/11/4
f 2/104/4 3/105/4 13/11/4 12/106/4
f 1260/1/1 845/4/1 839/3/1 1258/2/1
f 845/4/4 846/6/4 837/5/4 839/3/4
f 1276/7/3 1259/10/3 836/9/3 838/8/3
f 835/11/2 849/11/2 848/11/2 832/11/2
f 1259/10/3 1264/10/3 865/9/3 836/9/3
f 1285/12/1 1296/12/1 964/5/1 912/5/1
f 1496/13/1 1499/13/1 849/14/1 835/14/1
f 1419/15/3 1404/18/3 842/17/3 840/16/3
f 1405/19/1 847/22/1 841/21/1 1403/20/1
f 1419/23/1 840/24/1 847/22/1 1405/19/1
f 846/6/4 870/6/4 866/5/4 837/5/4
f 836/9/4 865/9/4 870/6/4 846/6/4
f 838/8/4 836/9/4 846/6/4 845/4/4
f 1276/25/1 838/8/1 845/4/1 1260/1/1
f 854/5/4 876/5/4 878/5/4 859/5/4
f 1499/13/1 1500/13/1 853/14/1 849/14/1
f 837/5/4 850/5/4 851/3/4 839/3/4
f 1404/18/3 1409/18/3 867/17/3 842/17/3
f 1356/26/1 1359/26/1 852/21/1 841/21/1
f 832/11/2 863/11/2 869/11/2 844/11/2
f 854/5/4 859/5/4 860/3/4 855/3/4
f 1359/26/1 1360/26/1 856/21/1 852/21/1
f 878/5/4 892/5/4 887/5/4 859/5/4
f 850/5/4 854/5/4 855/3/4 851/3/4
f 1058/11/3 27/11/3 26/11/3 1057/11/3
f 1059/14/1 1064/14/1 71/14/1 37/14/1
f 1056/14/1 29/14/1 27/14/1 1058/14/1
f 859/5/4 887/5/4 888/3/4 860/3/4
f 1501/13/1 1503/13/1 875/14/1 858/14/1
f 1500/13/1 1501/13/1 858/14/1 853/14/1
f 1360/26/1 1361/26/1 861/21/1 856/21/1
f 1056/14/1 1059/14/1 37/14/1 29/14/1
f 837/5/4 866/5/4 873/5/4 850/5/4
f 1464/27/5 869/30/5 863/29/5 1463/28/5
f 1320/31/5 871/34/5 868/33/5 1319/32/5
f 1362/35/5 867/36/5 871/34/5 1320/31/5
f 1502/37/5 864/38/5 869/30/5 1464/27/5
f 1329/32/5 1332/32/5 884/33/5 938/33/5
f 1420/39/5 1422/39/5 874/33/5 868/33/5
f 1279/12/5 1281/12/5 873/5/5 866/5/5
f 1332/32/5 1341/32/5 881/33/5 884/33/5
f 1476/28/5 1485/28/5 879/29/5 886/29/5
f 882/5/4 921/5/4 976/5/4 958/5/4
f 1057/11/3 1060/11/3 872/11/3 848/11/3
f 844/11/2 869/11/2 864/11/2 834/11/2
f 848/11/2 872/11/2 863/11/2 832/11/2
f 850/5/4 873/5/4 876/5/4 854/5/4
f 1296/12/1 1302/12/1 978/5/1 964/5/1
f 958/5/6 976/5/6 880/5/6 885/5/6
f 1422/39/3 1424/39/3 890/33/3 874/33/3
f 1361/26/1 1363/26/1 889/21/1 861/21/1
f 1158/5/4 992/5/4 993/5/4 1157/5/4
f 892/5/4 914/5/4 917/5/4 898/5/4
f 1184/3/4 1190/3/4 1037/3/4 1004/3/4
f 887/5/4 862/5/4 857/3/4 888/3/4
f 1168/40/5 1081/40/5 996/40/5 1161/40/5
f 1363/26/3 1368/26/3 1027/21/3 889/21/3
f 1411/20/6 1418/20/6 1040/21/6 1008/21/6
f 1060/11/3 1065/11/3 893/11/3 872/11/3
f 1157/5/4 993/5/4 997/5/4 1159/5/4
f 892/5/4 898/5/4 862/5/4 887/5/4
f 1313/41/5 1307/41/5 992/5/5 1158/5/5
f 1159/5/4 997/5/4 1000/3/4 1160/3/4
f 1454/42/5 1448/42/5 994/43/5 1162/43/5
f 878/5/4 904/5/4 914/5/4 892/5/4
f 873/5/4 891/5/4 877/5/4 876/5/4
f 876/5/4 877/5/4 904/5/4 878/5/4
f 1281/12/3 1283/12/3 891/5/3 873/5/3
f 1294/12/5 1298/12/5 968/5/5 954/5/5
f 1435/39/5 1439/39/5 969/33/5 955/33/5
f 945/5/4 882/5/4 958/5/4 920/5/4
f 919/5/6 948/5/6 954/5/6 932/5/6
f 920/5/6 937/5/6 948/5/6 919/5/6
f 1426/39/1 1437/39/1 965/33/1 911/33/1
f 1430/39/5 1431/39/5 949/33/5 938/33/5
f 1072/29/5 1075/29/5 953/29/5 939/29/5
f 1289/12/5 1290/12/5 948/5/5 937/5/5
f 1080/29/5 137/29/5 165/29/5 1072/29/5
f 1431/39/5 1435/39/5 955/33/5 949/33/5
f 877/5/4 903/5/4 894/5/4 904/5/4
f 1068/40/6 1069/40/6 130/40/6 117/40/6
f 914/5/4 922/5/4 925/5/4 917/5/4
f 1326/44/6 1328/44/6 926/43/6 918/43/6
f 1065/11/3 1061/11/3 900/11/3 893/11/3
f 1470/45/6 1472/45/6 924/40/6 916/40/6
f 1283/12/3 1282/12/3 901/5/3 891/5/3
f 1424/39/3 1423/39/3 902/33/3 890/33/3
f 891/5/4 901/5/4 903/5/4 877/5/4
f 904/5/4 894/5/4 922/5/4 914/5/4
f 1423/39/3 1425/39/3 906/33/3 902/33/3
f 1282/12/3 1284/12/3 907/5/3 901/5/3
f 1069/40/6 1070/40/6 144/40/6 130/40/6
f 1061/11/3 1066/11/3 908/11/3 900/11/3
f 922/5/4 931/5/4 934/5/4 925/5/4
f 1328/44/6 1331/44/6 935/43/6 926/43/6
f 903/5/4 905/5/4 909/5/4 894/5/4
f 1472/45/6 1475/45/6 933/40/6 924/40/6
f 894/5/4 909/5/4 931/5/4 922/5/4
f 901/5/4 907/5/4 905/5/4 903/5/4
f 1066/11/3 1062/11/3 927/11/3 908/11/3
f 909/5/4 923/5/4 940/5/4 931/5/4
f 907/5/4 928/5/4 930/5/4 905/5/4
f 1070/40/6 1071/40/6 158/40/6 144/40/6
f 931/5/4 940/5/4 943/5/4 934/5/4
f 1331/44/6 1333/44/6 944/43/6 935/43/6
f 1284/12/3 1287/12/3 928/5/3 907/5/3
f 1475/45/6 1477/45/6 942/40/6 933/40/6
f 905/5/4 930/5/4 923/5/4 909/5/4
f 1425/39/3 1428/39/3 929/33/3 906/33/3
f 1477/45/6 1479/45/6 950/40/6 942/40/6
f 930/5/4 910/5/4 915/5/4 923/5/4
f 928/5/4 912/5/4 910/5/4 930/5/4
f 923/5/4 915/5/4 947/5/4 940/5/4
f 1428/39/3 1426/39/3 911/33/3 929/33/3
f 1287/12/3 1285/12/3 912/5/3 928/5/3
f 1071/40/6 1073/40/6 169/40/6 158/40/6
f 1062/11/3 1067/11/3 913/11/3 927/11/3
f 940/5/4 947/5/4 951/5/4 943/5/4
f 1333/44/6 1335/44/6 952/43/6 944/43/6
f 947/5/4 956/5/4 961/5/4 951/5/4
f 1335/44/6 1337/44/6 962/43/6 952/43/6
f 912/5/4 945/5/4 946/5/4 910/5/4
f 1479/45/6 1481/45/6 960/40/6 950/40/6
f 915/5/4 941/5/4 956/5/4 947/5/4
f 912/5/4 964/5/4 882/5/4 945/5/4
f 910/5/4 946/5/4 941/5/4 915/5/4
f 1473/28/5 1476/28/5 886/29/5 936/29/5
f 920/5/6 958/5/6 885/5/6 937/5/6
f 1073/40/6 1074/40/6 182/40/6 169/40/6
f 1074/40/6 1077/40/6 195/40/6 182/40/6
f 956/5/4 966/5/4 971/5/4 961/5/4
f 1337/44/6 1339/44/6 972/43/6 962/43/6
f 1481/45/6 1483/45/6 970/40/6 960/40/6
f 946/5/4 919/5/4 932/5/4 941/5/4
f 941/5/4 932/5/4 966/5/4 956/5/4
f 945/5/4 920/5/4 919/5/4 946/5/4
f 1290/12/5 1294/12/5 954/5/5 948/5/5
f 963/11/2 913/11/2 991/11/2 986/11/2
f 1075/29/5 1076/29/5 967/29/5 953/29/5
f 967/29/4 1042/29/4 1043/29/4 973/29/4
f 1298/12/5 1300/12/5 974/5/5 968/5/5
f 968/5/6 974/5/6 971/5/6 966/5/6
f 954/5/6 968/5/6 966/5/6 932/5/6
f 1077/40/6 1078/40/6 199/40/6 195/40/6
f 1483/45/6 1484/45/6 973/40/6 970/40/6
f 1339/44/6 1340/44/6 975/43/6 972/43/6
f 1439/39/5 1441/39/5 975/33/5 969/33/5
f 1341/32/5 1344/32/5 883/33/5 881/33/5
f 1443/39/1 1447/39/1 989/33/1 979/33/1
f 978/5/4 988/5/4 981/5/4 921/5/4
f 921/5/4 981/5/4 984/5/4 976/5/4
f 1302/12/1 1306/12/1 988/5/1 978/5/1
f 964/5/4 978/5/4 921/5/4 882/5/4
f 1437/39/1 1443/39/1 979/33/1 965/33/1
f 1305/12/6 1304/12/6 957/5/6 984/5/6
f 1303/12/3 1305/12/3 984/5/3 981/5/3
f 1444/39/3 1446/39/3 985/33/3 982/33/3
f 1447/39/3 1444/39/3 982/33/3 989/33/3
f 1306/12/3 1303/12/3 981/5/3 988/5/3
f 1446/39/6 1445/39/6 883/33/6 985/33/6
f 1485/28/5 1488/28/5 959/29/5 879/29/5
f 976/5/6 984/5/6 957/5/6 880/5/6
f 963/11/2 986/11/2 990/29/2 977/29/2
f 986/11/2 886/11/2 879/29/2 990/29/2
f 977/29/2 990/29/2 980/29/2 987/29/2
f 983/29/2 980/29/2 990/29/2 879/29/2
f 1067/11/3 110/11/3 154/11/3 1079/11/3
f 991/11/2 936/11/2 886/11/2 986/11/2
f 1080/11/3 1079/11/3 154/11/3 137/11/3
f 1314/41/5 1308/41/5 899/5/5 1174/5/5
f 1160/3/4 1165/3/4 1031/3/4 857/3/4
f 1175/5/4 897/5/4 1002/5/4 1172/5/4
f 1455/42/5 1449/42/5 896/43/5 1173/43/5
f 1174/5/4 899/5/4 897/5/4 1175/5/4
f 1181/40/5 1082/40/5 1001/40/5 1176/40/5
f 1266/2/6 1274/2/6 1039/3/6 1009/3/6
f 1188/5/4 998/5/4 1007/5/4 1185/5/4
f 1457/42/5 1450/42/5 995/43/5 1186/43/5
f 1187/5/4 999/5/4 998/5/4 1188/5/4
f 1194/40/5 1084/40/5 1006/40/5 1189/40/5
f 1503/13/3 1507/13/3 1029/14/3 875/14/3
f 1171/3/4 1178/3/4 1035/3/4 1000/3/4
f 1172/5/4 1002/5/4 1004/3/4 1171/3/4
f 1083/46/6 1090/46/6 1041/14/6 1010/14/6
f 1315/41/5 1309/41/5 999/5/5 1187/5/5
f 857/3/4 1031/3/4 1028/3/4 888/3/4
f 1185/5/4 1007/5/4 1009/3/4 1184/3/4
f 1529/41/5 1311/41/5 1015/5/5 1523/5/5
f 1460/42/5 1452/42/5 1023/43/5 1383/43/5
f 1084/40/6 241/40/6 242/11/6 1085/47/6
f 1412/48/6 1451/51/6 1013/50/6 1012/49/6
f 1267/52/6 1310/53/6 1007/5/6 998/5/6
f 1085/47/6 1086/56/6 1014/55/6 1011/54/6
f 1310/53/6 1266/2/6 1009/3/6 1007/5/6
f 1086/56/6 1083/46/6 1010/14/6 1014/55/6
f 1451/51/6 1411/20/6 1008/21/6 1013/50/6
f 1556/57/1 1367/57/1 1022/49/1 1549/49/1
f 1531/57/1 1366/57/1 1018/49/1 1524/49/1
f 1524/49/2 1018/49/2 1017/43/2 1526/43/2
f 1523/5/4 1015/5/4 1016/5/4 1527/5/4
f 1352/44/6 1021/43/6 1022/49/6 1367/57/6
f 1554/41/5 1312/41/5 1019/5/5 1550/5/5
f 1549/49/2 1022/49/2 1021/43/2 1558/43/2
f 1550/5/4 1019/5/4 1020/5/4 1557/5/4
f 1495/45/6 1024/40/6 1025/54/6 1506/58/6
f 1520/59/1 1506/58/1 1025/54/1 1384/54/1
f 1383/43/4 1023/43/4 1026/49/4 1388/49/4
f 1384/54/2 1025/54/2 1024/40/2 1387/40/2
f 1030/14/4 1003/14/4 1005/14/4 1029/14/4
f 1507/13/1 1508/13/1 1030/14/1 1029/14/1
f 1368/26/1 1369/26/1 1032/21/1 1027/21/1
f 1374/26/1 1371/26/1 1038/21/1 1179/21/1
f 1373/26/1 1370/26/1 1033/21/1 1163/21/1
f 1513/13/1 1509/13/1 1034/14/1 1164/14/1
f 1375/26/1 1372/26/1 1040/21/1 1191/21/1
f 1193/14/1 1090/14/1 284/14/1 465/14/1
f 1272/2/1 1277/2/1 1249/60/1 1244/60/1
f 1180/14/1 1089/14/1 278/14/1 445/14/1
f 1516/13/1 1511/13/1 1041/14/1 1192/14/1
f 1064/14/3 1087/14/3 270/14/3 71/14/3
f 1063/14/1 1091/14/1 229/14/1 227/14/1
f 1164/14/4 1166/14/4 1003/14/4 1030/14/4
f 1087/14/3 1063/14/3 227/14/3 270/14/3
f 1088/14/6 1092/14/6 895/14/6 1034/14/6
f 1098/29/3 1095/29/3 1044/29/3 1046/29/3
f 1076/29/3 1093/29/3 1042/29/3 967/29/3
f 1078/40/6 1094/40/6 285/40/6 199/40/6
f 1095/29/5 1096/29/5 1045/29/5 1044/29/5
f 1096/29/5 1099/29/5 1048/29/5 1045/29/5
f 1046/29/4 1044/29/4 1045/29/4 1047/29/4
f 1042/29/4 1046/29/4 1047/29/4 1043/29/4
f 1094/40/6 1097/40/6 295/40/6 285/40/6
f 1093/29/3 1098/29/3 1046/29/3 1042/29/3
f 1048/29/4 1050/29/4 1051/29/4 1049/29/4
f 1097/40/1 1100/40/1 299/40/1 295/40/1
f 1045/29/4 1048/29/4 1049/29/4 1047/29/4
f 1102/40/6 1101/40/6 301/40/6 303/40/6
f 1048/29/4 1052/29/4 1053/29/4 1050/29/4
f 1100/40/1 1102/40/1 303/40/1 299/40/1
f 1052/29/4 1054/29/4 1055/29/4 1053/29/4
f 1099/29/3 1103/29/3 1052/29/3 1048/29/3
f 1101/40/6 1104/40/6 307/40/6 301/40/6
f 1105/29/5 1106/29/5 1055/29/5 1054/29/5
f 1103/29/3 1105/29/3 1054/29/3 1052/29/3
f 1104/40/6 1106/40/6 311/40/6 307/40/6
f 1053/40/6 1055/40/6 1106/40/6 1104/40/6
f 305/29/3 309/29/3 1105/29/3 1103/29/3
f 309/29/5 311/29/5 1106/29/5 1105/29/5
f 1050/40/6 1053/40/6 1104/40/6 1101/40/6
f 297/29/3 305/29/3 1103/29/3 1099/29/3
f 1049/40/1 1051/40/1 1102/40/1 1100/40/1
f 1051/40/6 1050/40/6 1101/40/6 1102/40/6
f 1047/40/1 1049/40/1 1100/40/1 1097/40/1
f 286/29/3 294/29/3 1098/29/3 1093/29/3
f 1043/40/6 1047/40/6 1097/40/6 1094/40/6
f 289/29/5 297/29/5 1099/29/5 1096/29/5
f 290/29/5 289/29/5 1096/29/5 1095/29/5
f 973/40/6 1043/40/6 1094/40/6 1078/40/6
f 191/29/3 286/29/3 1093/29/3 1076/29/3
f 294/29/3 290/29/3 1095/29/3 1098/29/3
f 1029/14/3 1005/14/3 1063/14/3 1087/14/3
f 1166/14/1 895/14/1 1092/14/1 1167/14/1
f 1005/14/1 1003/14/1 1091/14/1 1063/14/1
f 875/14/3 1029/14/3 1087/14/3 1064/14/3
f 1177/14/1 1036/14/1 1089/14/1 1180/14/1
f 1192/14/1 1041/14/1 1090/14/1 1193/14/1
f 244/11/6 248/11/6 1083/46/6 1086/56/6
f 242/11/6 244/11/6 1086/56/6 1085/47/6
f 1006/40/6 1084/40/6 1085/47/6 1011/54/6
f 248/11/6 284/11/6 1090/46/6 1083/46/6
f 459/40/5 241/40/5 1084/40/5 1194/40/5
f 442/40/5 232/40/5 1082/40/5 1181/40/5
f 936/11/3 991/11/3 1079/11/3 1080/11/3
f 913/11/3 1067/11/3 1079/11/3 991/11/3
f 970/40/6 973/40/6 1078/40/6 1077/40/6
f 173/29/5 191/29/5 1076/29/5 1075/29/5
f 960/40/6 970/40/6 1077/40/6 1074/40/6
f 950/40/6 960/40/6 1074/40/6 1073/40/6
f 126/11/3 110/11/3 1067/11/3 1062/11/3
f 942/40/6 950/40/6 1073/40/6 1071/40/6
f 933/40/6 942/40/6 1071/40/6 1070/40/6
f 100/11/3 126/11/3 1062/11/3 1066/11/3
f 79/11/3 100/11/3 1066/11/3 1061/11/3
f 924/40/6 933/40/6 1070/40/6 1069/40/6
f 92/11/3 79/11/3 1061/11/3 1065/11/3
f 916/40/6 924/40/6 1069/40/6 1068/40/6
f 936/29/5 1080/29/5 1072/29/5 939/29/5
f 165/29/5 173/29/5 1075/29/5 1072/29/5
f 53/11/3 92/11/3 1065/11/3 1060/11/3
f 417/40/5 221/40/5 1081/40/5 1168/40/5
f 26/11/3 53/11/3 1060/11/3 1057/11/3
f 853/14/1 858/14/1 1059/14/1 1056/14/1
f 853/14/1 1056/14/1 1058/14/1 849/14/1
f 858/14/1 875/14/1 1064/14/1 1059/14/1
f 849/11/3 1058/11/3 1057/11/3 848/11/3
f 1456/20/1 1418/20/1 1156/61/1 1195/61/1
f 1347/44/5 1357/44/5 1250/62/5 1233/62/5
f 1453/20/1 1416/20/1 1154/61/1 1169/61/1
f 1414/20/1 1415/20/1 1153/61/1 1152/61/1
f 1459/63/1 1413/63/1 1151/64/1 1385/64/1
f 1452/42/6 1150/65/6 1151/64/6 1413/63/6
f 1494/66/6 1504/13/6 1146/61/6 1149/67/6
f 1505/68/6 1494/66/6 1149/67/6 1148/69/6
f 1519/45/5 1495/45/5 1150/65/5 1386/65/5
f 1410/20/3 1414/20/3 1152/61/3 1119/61/3
f 1515/45/5 1493/45/5 1147/65/5 1196/65/5
f 1514/45/5 1492/45/5 1145/65/5 1183/65/5
f 1442/39/5 1445/39/5 1141/70/5 1138/70/5
f 1489/28/6 1488/28/6 1141/70/6 1142/70/6
f 1490/28/3 1487/28/3 1140/70/3 1143/70/3
f 1487/28/3 1489/28/3 1142/70/3 1140/70/3
f 1480/28/1 1486/28/1 1139/70/1 1133/70/1
f 1486/28/1 1490/28/1 1143/70/1 1139/70/1
f 1482/28/5 1484/28/5 1137/70/5 1135/70/5
f 1440/42/6 1441/42/6 1137/65/6 1136/65/6
f 1438/42/6 1440/42/6 1136/65/6 1134/65/6
f 1430/39/5 1433/39/5 1129/70/5 1126/70/5
f 1436/42/6 1438/42/6 1134/65/6 1132/65/6
f 1471/28/3 1469/28/3 1122/70/3 1124/70/3
f 1434/42/6 1436/42/6 1132/65/6 1130/65/6
f 1468/28/3 1471/28/3 1124/70/3 1121/70/3
f 1432/42/6 1434/42/6 1130/65/6 1128/65/6
f 1429/42/6 1432/42/6 1128/65/6 1125/65/6
f 1466/28/3 1468/28/3 1121/70/3 1118/70/3
f 1467/28/3 1466/28/3 1118/70/3 1120/70/3
f 1427/42/6 1429/42/6 1125/65/6 1123/65/6
f 1474/28/5 1478/28/5 1131/70/5 1127/70/5
f 1473/28/5 1474/28/5 1127/70/5 1126/70/5
f 1469/28/1 1480/28/1 1133/70/1 1122/70/1
f 1478/28/5 1482/28/5 1135/70/5 1131/70/5
f 1512/45/5 1491/45/5 1144/65/5 1170/65/5
f 1504/13/6 1511/13/6 1156/61/6 1146/61/6
f 1465/28/3 1467/28/3 1120/70/3 1117/70/3
f 1433/39/5 1442/39/5 1138/70/5 1129/70/5
f 1463/28/5 1465/28/5 1117/70/5 1114/70/5
f 1409/71/5 1115/74/5 1116/73/5 1421/72/5
f 1421/72/5 1116/73/5 1114/70/5 1420/39/5
f 1407/20/1 1408/20/1 1113/61/1 1112/61/1
f 1408/20/1 1410/20/1 1119/61/1 1113/61/1
f 1497/75/3 1502/75/3 1115/76/3 1109/76/3
f 1406/20/1 1407/20/1 1112/61/1 1111/61/1
f 1462/77/1 1107/80/1 1110/79/1 1498/78/1
f 1498/78/1 1110/79/1 1108/61/1 1496/13/1
f 1462/81/3 1497/75/3 1109/76/3 1107/82/3
f 1403/20/1 1406/20/1 1111/61/1 1108/61/1
f 1470/45/5 1512/45/5 1170/65/5 1123/65/5
f 1415/20/1 1453/20/1 1169/61/1 1153/61/1
f 117/40/5 417/40/5 1168/40/5 1068/40/5
f 1003/14/1 1166/14/1 1167/14/1 1091/14/1
f 1034/14/4 895/14/4 1166/14/4 1164/14/4
f 1091/14/1 1167/14/1 429/14/1 229/14/1
f 1508/13/1 1513/13/1 1164/14/1 1030/14/1
f 1369/26/1 1373/26/1 1163/21/1 1032/21/1
f 1000/3/4 1035/3/4 1165/3/4 1160/3/4
f 1427/42/5 1454/42/5 1162/43/5 918/43/5
f 862/5/4 1159/5/4 1160/3/4 857/3/4
f 1286/41/5 1313/41/5 1158/5/5 917/5/5
f 898/5/4 1157/5/4 1159/5/4 862/5/4
f 1068/40/5 1168/40/5 1161/40/5 916/40/5
f 917/5/4 1158/5/4 1157/5/4 898/5/4
f 1491/45/5 1514/45/5 1183/65/5 1144/65/5
f 1273/2/1 1278/2/1 1251/60/1 1245/60/1
f 221/40/5 442/40/5 1181/40/5 1081/40/5
f 1034/14/1 1177/14/1 1180/14/1 1088/14/1
f 1088/14/1 1180/14/1 445/14/1 275/14/1
f 1348/44/5 1358/44/5 1252/62/5 1234/62/5
f 1370/26/1 1374/26/1 1179/21/1 1033/21/1
f 997/5/4 1172/5/4 1171/3/4 1000/3/4
f 1004/3/4 1037/3/4 1178/3/4 1171/3/4
f 1081/40/5 1181/40/5 1176/40/5 996/40/5
f 992/5/4 1174/5/4 1175/5/4 993/5/4
f 1448/42/5 1455/42/5 1173/43/5 994/43/5
f 993/5/4 1175/5/4 1172/5/4 997/5/4
f 1307/41/5 1314/41/5 1174/5/5 992/5/5
f 1492/45/5 1515/45/5 1196/65/5 1145/65/5
f 1417/20/1 1456/20/1 1195/61/1 1155/61/1
f 232/40/5 459/40/5 1194/40/5 1082/40/5
f 1036/14/1 1192/14/1 1193/14/1 1089/14/1
f 1510/13/1 1516/13/1 1192/14/1 1036/14/1
f 1089/14/1 1193/14/1 465/14/1 278/14/1
f 1371/26/1 1375/26/1 1191/21/1 1038/21/1
f 1002/5/4 1185/5/4 1184/3/4 1004/3/4
f 1308/41/5 1315/41/5 1187/5/5 899/5/5
f 1082/40/5 1194/40/5 1189/40/5 1001/40/5
f 899/5/4 1187/5/4 1188/5/4 897/5/4
f 1449/42/5 1457/42/5 1186/43/5 896/43/5
f 897/5/4 1188/5/4 1185/5/4 1002/5/4
f 1009/3/4 1039/3/4 1190/3/4 1184/3/4
f 1326/44/5 1354/44/5 1248/62/5 1212/62/5
f 1271/2/1 1275/2/1 1247/60/1 1243/60/1
f 1278/2/1 1274/2/1 1246/60/1 1251/60/1
f 1275/2/1 1272/2/1 1244/60/1 1247/60/1
f 1277/2/1 1273/2/1 1245/60/1 1249/60/1
f 1270/2/1 1271/2/1 1243/60/1 1242/60/1
f 1555/44/5 1352/44/5 1240/62/5 1551/62/5
f 1312/41/6 1240/62/6 1241/84/6 1269/83/6
f 1553/85/1 1269/83/1 1241/84/1 1552/86/1
f 1350/87/6 1364/26/6 1235/60/6 1238/88/6
f 1365/89/6 1350/87/6 1238/88/6 1237/90/6
f 1530/44/5 1351/44/5 1239/62/5 1525/62/5
f 1358/44/5 1349/44/5 1236/62/5 1252/62/5
f 1364/26/6 1372/26/6 1246/60/6 1235/60/6
f 1357/44/5 1348/44/5 1234/62/5 1250/62/5
f 1346/32/3 1343/32/3 1229/91/3 1232/91/3
f 1343/32/3 1345/32/3 1231/91/3 1229/91/3
f 1345/32/6 1344/32/6 1230/91/6 1231/91/6
f 1342/32/1 1346/32/1 1232/91/1 1228/91/1
f 1301/12/5 1304/12/5 1230/91/5 1227/91/5
f 1299/41/6 1300/41/6 1226/62/6 1225/62/6
f 1338/32/5 1340/32/5 1226/91/5 1224/91/5
f 1330/32/5 1334/32/5 1220/91/5 1216/91/5
f 1297/41/6 1299/41/6 1225/62/6 1223/62/6
f 1295/41/6 1297/41/6 1223/62/6 1221/62/6
f 1293/41/6 1295/41/6 1221/62/6 1219/62/6
f 1327/32/3 1325/32/3 1211/91/3 1213/91/3
f 1324/32/3 1327/32/3 1213/91/3 1210/91/3
f 1291/41/6 1293/41/6 1219/62/6 1217/62/6
f 1288/41/6 1291/41/6 1217/62/6 1214/62/6
f 1322/32/3 1324/32/3 1210/91/3 1207/91/3
f 1323/32/3 1322/32/3 1207/91/3 1209/91/3
f 1286/41/6 1288/41/6 1214/62/6 1212/62/6
f 1329/32/5 1330/32/5 1216/91/5 1215/91/5
f 1334/32/5 1338/32/5 1224/91/5 1220/91/5
f 1321/32/3 1323/32/3 1209/91/3 1206/91/3
f 1354/44/5 1347/44/5 1233/62/5 1248/62/5
f 1265/2/3 1270/2/3 1242/60/3 1208/60/3
f 1263/2/1 1265/2/1 1208/60/1 1202/60/1
f 1336/32/1 1342/32/1 1228/91/1 1222/91/1
f 1292/12/5 1301/12/5 1227/91/5 1218/91/5
f 1319/32/5 1321/32/5 1206/91/5 1204/91/5
f 1289/12/5 1292/12/5 1218/91/5 1215/91/5
f 1264/92/5 1203/95/5 1205/94/5 1280/93/5
f 1280/93/5 1205/94/5 1204/91/5 1279/12/5
f 1262/2/1 1263/2/1 1202/60/1 1201/60/1
f 1261/2/1 1262/2/1 1201/60/1 1200/60/1
f 1258/2/1 1261/2/1 1200/60/1 1182/60/1
f 1318/96/1 1198/99/1 1199/98/1 1353/97/1
f 1325/32/1 1336/32/1 1222/91/1 1211/91/1
f 1355/100/3 1362/100/3 1203/101/3 1197/101/3
f 1318/102/3 1355/100/3 1197/101/3 1198/103/3
f 1353/97/1 1199/98/1 1182/60/1 1356/26/1
f 1548/44/5 1376/44/5 1257/62/5 1545/62/5
f 1543/5/4 1253/5/4 1256/5/4 1542/5/4
f 1544/49/2 1255/49/2 1254/43/2 1541/43/2
f 1546/41/5 1317/41/5 1253/5/5 1543/5/5
f 1545/62/5 1257/62/5 1317/41/5 1546/41/5
f 1542/5/1 1256/5/1 1316/85/1 1547/52/1
f 839/3/1 851/3/1 1261/2/1 1258/2/1
f 851/3/1 855/3/1 1262/2/1 1261/2/1
f 855/3/1 860/3/1 1263/2/1 1262/2/1
f 870/6/5 1280/93/5 1279/12/5 866/5/5
f 865/9/5 1264/92/5 1280/93/5 870/6/5
f 937/5/5 885/5/5 1292/12/5 1289/12/5
f 885/5/5 880/5/5 1301/12/5 1292/12/5
f 860/3/1 888/3/1 1265/2/1 1263/2/1
f 888/3/3 1028/3/3 1270/2/3 1265/2/3
f 917/5/6 925/5/6 1288/41/6 1286/41/6
f 925/5/6 934/5/6 1291/41/6 1288/41/6
f 934/5/6 943/5/6 1293/41/6 1291/41/6
f 943/5/6 951/5/6 1295/41/6 1293/41/6
f 951/5/6 961/5/6 1297/41/6 1295/41/6
f 961/5/6 971/5/6 1299/41/6 1297/41/6
f 971/5/6 974/5/6 1300/41/6 1299/41/6
f 880/5/5 957/5/5 1304/12/5 1301/12/5
f 1557/5/1 1020/5/1 1269/83/1 1553/85/1
f 1527/5/1 1016/5/1 1268/85/1 1528/85/1
f 1019/5/6 1312/41/6 1269/83/6 1020/5/6
f 1028/3/1 1031/3/1 1271/2/1 1270/2/1
f 1178/3/1 1037/3/1 1273/2/1 1277/2/1
f 1165/3/1 1035/3/1 1272/2/1 1275/2/1
f 1190/3/1 1039/3/1 1274/2/1 1278/2/1
f 1031/3/1 1165/3/1 1275/2/1 1271/2/1
f 1234/62/5 1252/62/5 1315/41/5 1308/41/5
f 1233/62/5 1250/62/5 1314/41/5 1307/41/5
f 1037/3/1 1190/3/1 1278/2/1 1273/2/1
f 1212/62/5 1248/62/5 1313/41/5 1286/41/5
f 1035/3/1 1178/3/1 1277/2/1 1272/2/1
f 1551/62/5 1240/62/5 1312/41/5 1554/41/5
f 1238/88/6 1235/60/6 1266/2/6 1310/53/6
f 1237/90/6 1238/88/6 1310/53/6 1267/52/6
f 1525/62/5 1239/62/5 1311/41/5 1529/41/5
f 1252/62/5 1236/62/5 1309/41/5 1315/41/5
f 1235/60/6 1246/60/6 1274/2/6 1266/2/6
f 1250/62/5 1234/62/5 1308/41/5 1314/41/5
f 1232/91/3 1229/91/3 1303/12/3 1306/12/3
f 1229/91/3 1231/91/3 1305/12/3 1303/12/3
f 1231/91/6 1230/91/6 1304/12/6 1305/12/6
f 1228/91/1 1232/91/1 1306/12/1 1302/12/1
f 1224/91/5 1226/91/5 1300/12/5 1298/12/5
f 1216/91/5 1220/91/5 1294/12/5 1290/12/5
f 1213/91/3 1211/91/3 1285/12/3 1287/12/3
f 1210/91/3 1213/91/3 1287/12/3 1284/12/3
f 1207/91/3 1210/91/3 1284/12/3 1282/12/3
f 1209/91/3 1207/91/3 1282/12/3 1283/12/3
f 1215/91/5 1216/91/5 1290/12/5 1289/12/5
f 1220/91/5 1224/91/5 1298/12/5 1294/12/5
f 1206/91/3 1209/91/3 1283/12/3 1281/12/3
f 1248/62/5 1233/62/5 1307/41/5 1313/41/5
f 1222/91/1 1228/91/1 1302/12/1 1296/12/1
f 1204/91/5 1206/91/5 1281/12/5 1279/12/5
f 1198/99/1 1276/25/1 1260/1/1 1199/98/1
f 1211/91/1 1222/91/1 1296/12/1 1285/12/1
f 1197/101/3 1203/101/3 1264/10/3 1259/10/3
f 1198/103/3 1197/101/3 1259/10/3 1276/7/3
f 1199/98/1 1260/1/1 1258/2/1 1182/60/1
f 1541/43/5 1254/43/5 1376/44/5 1548/44/5
f 847/22/1 1353/97/1 1356/26/1 841/21/1
f 840/16/3 842/17/3 1355/100/3 1318/102/3
f 842/17/3 867/17/3 1362/100/3 1355/100/3
f 911/33/1 965/33/1 1336/32/1 1325/32/1
f 840/24/1 1318/96/1 1353/97/1 847/22/1
f 868/33/5 874/33/5 1321/32/5 1319/32/5
f 965/33/1 979/33/1 1342/32/1 1336/32/1
f 1162/43/5 994/43/5 1347/44/5 1354/44/5
f 874/33/3 890/33/3 1323/32/3 1321/32/3
f 955/33/5 969/33/5 1338/32/5 1334/32/5
f 938/33/5 949/33/5 1330/32/5 1329/32/5
f 890/33/3 902/33/3 1322/32/3 1323/32/3
f 902/33/3 906/33/3 1324/32/3 1322/32/3
f 906/33/3 929/33/3 1327/32/3 1324/32/3
f 929/33/3 911/33/3 1325/32/3 1327/32/3
f 949/33/5 955/33/5 1334/32/5 1330/32/5
f 969/33/5 975/33/5 1340/32/5 1338/32/5
f 979/33/1 989/33/1 1346/32/1 1342/32/1
f 985/33/6 883/33/6 1344/32/6 1345/32/6
f 982/33/3 985/33/3 1345/32/3 1343/32/3
f 989/33/3 982/33/3 1343/32/3 1346/32/3
f 1173/43/5 896/43/5 1348/44/5 1357/44/5
f 1008/21/6 1040/21/6 1372/26/6 1364/26/6
f 1186/43/5 995/43/5 1349/44/5 1358/44/5
f 1526/43/5 1017/43/5 1351/44/5 1530/44/5
f 1012/49/6 1013/50/6 1350/87/6 1365/89/6
f 1013/50/6 1008/21/6 1364/26/6 1350/87/6
f 1558/43/5 1021/43/5 1352/44/5 1555/44/5
f 918/43/5 1162/43/5 1354/44/5 1326/44/5
f 1245/60/1 1251/60/1 1375/26/1 1371/26/1
f 1244/60/1 1249/60/1 1374/26/1 1370/26/1
f 896/43/5 1186/43/5 1358/44/5 1348/44/5
f 1243/60/1 1247/60/1 1373/26/1 1369/26/1
f 994/43/5 1173/43/5 1357/44/5 1347/44/5
f 1251/60/1 1246/60/1 1372/26/1 1375/26/1
f 1247/60/1 1244/60/1 1370/26/1 1373/26/1
f 1249/60/1 1245/60/1 1371/26/1 1374/26/1
f 1242/60/1 1243/60/1 1369/26/1 1368/26/1
f 1240/62/6 1352/44/6 1367/57/6 1241/84/6
f 1552/86/1 1241/84/1 1367/57/1 1556/57/1
f 1227/91/5 1230/91/5 1344/32/5 1341/32/5
f 1225/62/6 1226/62/6 1340/44/6 1339/44/6
f 1223/62/6 1225/62/6 1339/44/6 1337/44/6
f 1221/62/6 1223/62/6 1337/44/6 1335/44/6
f 1219/62/6 1221/62/6 1335/44/6 1333/44/6
f 1217/62/6 1219/62/6 1333/44/6 1331/44/6
f 1214/62/6 1217/62/6 1331/44/6 1328/44/6
f 1212/62/6 1214/62/6 1328/44/6 1326/44/6
f 1208/60/3 1242/60/3 1368/26/3 1363/26/3
f 1202/60/1 1208/60/1 1363/26/1 1361/26/1
f 1218/91/5 1227/91/5 1341/32/5 1332/32/5
f 1215/91/5 1218/91/5 1332/32/5 1329/32/5
f 1203/95/5 1362/35/5 1320/31/5 1205/94/5
f 1205/94/5 1320/31/5 1319/32/5 1204/91/5
f 1201/60/1 1202/60/1 1361/26/1 1360/26/1
f 1200/60/1 1201/60/1 1360/26/1 1359/26/1
f 1182/60/1 1200/60/1 1359/26/1 1356/26/1
f 1522/45/5 1517/45/5 1382/65/5 1393/65/5
f 1392/54/2 1379/54/2 1378/40/2 1389/40/2
f 1391/43/4 1377/43/4 1380/49/4 1390/49/4
f 1521/59/1 1518/59/1 1379/54/1 1392/54/1
f 1461/42/5 1458/42/5 1377/43/5 1391/43/5
f 1517/45/5 1519/45/5 1386/65/5 1382/65/5
f 1379/54/2 1384/54/2 1387/40/2 1378/40/2
f 1377/43/4 1383/43/4 1388/49/4 1380/49/4
f 1518/59/1 1520/59/1 1384/54/1 1379/54/1
f 1458/42/5 1460/42/5 1383/43/5 1377/43/5
f 1450/42/5 1461/42/5 1391/43/5 995/43/5
f 1505/68/1 1521/59/1 1392/54/1 1011/54/1
f 995/43/4 1391/43/4 1390/49/4 1012/49/4
f 1011/54/2 1392/54/2 1389/40/2 1006/40/2
f 1493/45/5 1522/45/5 1393/65/5 1147/65/5
f 1533/43/5 1397/43/5 1401/44/5 1539/44/5
f 1536/62/5 1398/62/5 1400/41/5 1538/41/5
f 1532/5/1 1395/5/1 1399/85/1 1537/85/1
f 1539/44/5 1401/44/5 1398/62/5 1536/62/5
f 1535/5/4 1396/5/4 1395/5/4 1532/5/4
f 1534/49/2 1394/49/2 1397/43/2 1533/43/2
f 1538/41/5 1400/41/5 1396/5/5 1535/5/5
f 1540/57/1 1402/57/1 1394/49/1 1534/49/1
f 1147/65/5 1393/65/5 1461/42/5 1450/42/5
f 1382/65/5 1386/65/5 1460/42/5 1458/42/5
f 1393/65/5 1382/65/5 1458/42/5 1461/42/5
f 1145/65/5 1196/65/5 1457/42/5 1449/42/5
f 1038/21/1 1191/21/1 1456/20/1 1417/20/1
f 1144/65/5 1183/65/5 1455/42/5 1448/42/5
f 1123/65/5 1170/65/5 1454/42/5 1427/42/5
f 1032/21/1 1163/21/1 1453/20/1 1415/20/1
f 841/21/1 852/21/1 1406/20/1 1403/20/1
f 852/21/1 856/21/1 1407/20/1 1406/20/1
f 861/21/1 889/21/1 1410/20/1 1408/20/1
f 856/21/1 861/21/1 1408/20/1 1407/20/1
f 871/34/5 1421/72/5 1420/39/5 868/33/5
f 867/36/5 1409/71/5 1421/72/5 871/34/5
f 884/33/5 881/33/5 1442/39/5 1433/39/5
f 918/43/6 926/43/6 1429/42/6 1427/42/6
f 926/43/6 935/43/6 1432/42/6 1429/42/6
f 935/43/6 944/43/6 1434/42/6 1432/42/6
f 944/43/6 952/43/6 1436/42/6 1434/42/6
f 952/43/6 962/43/6 1438/42/6 1436/42/6
f 938/33/5 884/33/5 1433/39/5 1430/39/5
f 962/43/6 972/43/6 1440/42/6 1438/42/6
f 972/43/6 975/43/6 1441/42/6 1440/42/6
f 881/33/5 883/33/5 1445/39/5 1442/39/5
f 889/21/3 1027/21/3 1414/20/3 1410/20/3
f 1023/43/6 1452/42/6 1413/63/6 1026/49/6
f 1388/49/1 1026/49/1 1413/63/1 1459/63/1
f 1027/21/1 1032/21/1 1415/20/1 1414/20/1
f 1163/21/1 1033/21/1 1416/20/1 1453/20/1
f 1191/21/1 1040/21/1 1418/20/1 1456/20/1
f 1149/67/6 1146/61/6 1411/20/6 1451/51/6
f 1148/69/6 1149/67/6 1451/51/6 1412/48/6
f 1386/65/5 1150/65/5 1452/42/5 1460/42/5
f 1196/65/5 1147/65/5 1450/42/5 1457/42/5
f 1183/65/5 1145/65/5 1449/42/5 1455/42/5
f 1142/70/6 1141/70/6 1445/39/6 1446/39/6
f 1143/70/3 1140/70/3 1444/39/3 1447/39/3
f 1140/70/3 1142/70/3 1446/39/3 1444/39/3
f 1133/70/1 1139/70/1 1443/39/1 1437/39/1
f 1139/70/1 1143/70/1 1447/39/1 1443/39/1
f 1135/70/5 1137/70/5 1441/39/5 1439/39/5
f 1124/70/3 1122/70/3 1426/39/3 1428/39/3
f 1121/70/3 1124/70/3 1428/39/3 1425/39/3
f 1118/70/3 1121/70/3 1425/39/3 1423/39/3
f 1120/70/3 1118/70/3 1423/39/3 1424/39/3
f 1127/70/5 1131/70/5 1435/39/5 1431/39/5
f 1126/70/5 1127/70/5 1431/39/5 1430/39/5
f 1122/70/1 1133/70/1 1437/39/1 1426/39/1
f 1131/70/5 1135/70/5 1439/39/5 1435/39/5
f 1170/65/5 1144/65/5 1448/42/5 1454/42/5
f 1146/61/6 1156/61/6 1418/20/6 1411/20/6
f 1117/70/3 1120/70/3 1424/39/3 1422/39/3
f 1114/70/5 1117/70/5 1422/39/5 1420/39/5
f 1109/76/3 1115/76/3 1409/18/3 1404/18/3
f 1107/80/1 1419/23/1 1405/19/1 1110/79/1
f 1110/79/1 1405/19/1 1403/20/1 1108/61/1
f 1107/82/3 1109/76/3 1404/18/3 1419/15/3
f 1006/40/5 1389/40/5 1522/45/5 1493/45/5
f 1381/64/1 1385/64/1 1520/59/1 1518/59/1
f 1378/40/5 1387/40/5 1519/45/5 1517/45/5
f 1389/40/5 1378/40/5 1517/45/5 1522/45/5
f 1155/61/1 1195/61/1 1516/13/1 1510/13/1
f 1001/40/5 1189/40/5 1515/45/5 1492/45/5
f 996/40/5 1176/40/5 1514/45/5 1491/45/5
f 1153/61/1 1169/61/1 1513/13/1 1508/13/1
f 916/40/5 1161/40/5 1512/45/5 1470/45/5
f 833/104/3 834/105/3 1497/75/3 1462/81/3
f 843/106/1 1498/78/1 1496/13/1 835/14/1
f 833/107/1 1462/77/1 1498/78/1 843/106/1
f 834/105/3 864/105/3 1502/75/3 1497/75/3
f 863/29/5 872/29/5 1465/28/5 1463/28/5
f 872/29/3 893/29/3 1467/28/3 1465/28/3
f 1010/14/6 1041/14/6 1511/13/6 1504/13/6
f 1161/40/5 996/40/5 1491/45/5 1512/45/5
f 953/29/5 967/29/5 1482/28/5 1478/28/5
f 913/29/1 963/29/1 1480/28/1 1469/28/1
f 936/29/5 939/29/5 1474/28/5 1473/28/5
f 939/29/5 953/29/5 1478/28/5 1474/28/5
f 893/29/3 900/29/3 1466/28/3 1467/28/3
f 900/29/3 908/29/3 1468/28/3 1466/28/3
f 908/29/3 927/29/3 1471/28/3 1468/28/3
f 927/29/3 913/29/3 1469/28/3 1471/28/3
f 967/29/5 973/29/5 1484/28/5 1482/28/5
f 977/29/1 987/29/1 1490/28/1 1486/28/1
f 963/29/1 977/29/1 1486/28/1 1480/28/1
f 980/29/3 983/29/3 1489/28/3 1487/28/3
f 987/29/3 980/29/3 1487/28/3 1490/28/3
f 983/29/6 959/29/6 1488/28/6 1489/28/6
f 1176/40/5 1001/40/5 1492/45/5 1514/45/5
f 1189/40/5 1006/40/5 1493/45/5 1515/45/5
f 1387/40/5 1024/40/5 1495/45/5 1519/45/5
f 1011/54/6 1014/55/6 1494/66/6 1505/68/6
f 1014/55/6 1010/14/6 1504/13/6 1494/66/6
f 1195/61/1 1156/61/1 1511/13/1 1516/13/1
f 1169/61/1 1154/61/1 1509/13/1 1513/13/1
f 1152/61/1 1153/61/1 1508/13/1 1507/13/1
f 1385/64/1 1151/64/1 1506/58/1 1520/59/1
f 1150/65/6 1495/45/6 1506/58/6 1151/64/6
f 1119/61/3 1152/61/3 1507/13/3 1503/13/3
f 1138/70/5 1141/70/5 1488/28/5 1485/28/5
f 1136/65/6 1137/65/6 1484/45/6 1483/45/6
f 1134/65/6 1136/65/6 1483/45/6 1481/45/6
f 1126/70/5 1129/70/5 1476/28/5 1473/28/5
f 1132/65/6 1134/65/6 1481/45/6 1479/45/6
f 1130/65/6 1132/65/6 1479/45/6 1477/45/6
f 1128/65/6 1130/65/6 1477/45/6 1475/45/6
f 1125/65/6 1128/65/6 1475/45/6 1472/45/6
f 1123/65/6 1125/65/6 1472/45/6 1470/45/6
f 1129/70/5 1138/70/5 1485/28/5 1476/28/5
f 1115/74/5 1502/37/5 1464/27/5 1116/73/5
f 1116/73/5 1464/27/5 1463/28/5 1114/70/5
f 1112/61/1 1113/61/1 1501/13/1 1500/13/1
f 1113/61/1 1119/61/1 1503/13/1 1501/13/1
f 1111/61/1 1112/61/1 1500/13/1 1499/13/1
f 1108/61/1 1111/61/1 1499/13/1 1496/13/1
f 1254/43/5 1526/43/5 1530/44/5 1376/44/5
f 1257/62/5 1525/62/5 1529/41/5 1317/41/5
f 1256/5/1 1527/5/1 1528/85/1 1316/85/1
f 1376/44/5 1530/44/5 1525/62/5 1257/62/5
f 1253/5/4 1523/5/4 1527/5/4 1256/5/4
f 1255/49/2 1524/49/2 1526/43/2 1254/43/2
f 1317/41/5 1529/41/5 1523/5/5 1253/5/5
f 1366/57/1 1540/57/1 1534/49/1 1018/49/1
f 1311/41/5 1538/41/5 1535/5/5 1015/5/5
f 1018/49/2 1534/49/2 1533/43/2 1017/43/2
f 1015/5/4 1535/5/4 1532/5/4 1016/5/4
f 1351/44/5 1539/44/5 1536/62/5 1239/62/5
f 1016/5/1 1532/5/1 1537/85/1 1268/85/1
f 1239/62/5 1536/62/5 1538/41/5 1311/41/5
f 1017/43/5 1533/43/5 1539/44/5 1351/44/5
f 995/43/5 1541/43/5 1548/44/5 1349/44/5
f 998/5/1 1542/5/1 1547/52/1 1267/52/1
f 1236/62/5 1545/62/5 1546/41/5 1309/41/5
f 1309/41/5 1546/41/5 1543/5/5 999/5/5
f 1012/49/2 1544/49/2 1541/43/2 995/43/2
f 999/5/4 1543/5/4 1542/5/4 998/5/4
f 1349/44/5 1548/44/5 1545/62/5 1236/62/5
f 1397/43/5 1558/43/5 1555/44/5 1401/44/5
f 1398/62/5 1551/62/5 1554/41/5 1400/41/5
f 1395/5/1 1557/5/1 1553/85/1 1399/85/1
f 1401/44/5 1555/44/5 1551/62/5 1398/62/5
f 1396/5/4 1550/5/4 1557/5/4 1395/5/4
f 1394/49/2 1549/49/2 1558/43/2 1397/43/2
f 1400/41/5 1554/41/5 1550/5/5 1396/5/5
f 1402/57/1 1556/57/1 1549/49/1 1394/49/1
f 832/11/2 844/11/2 843/106/2 835/14/2
f 833/104/2 843/106/2 844/11/2 834/105/2
o Cube.001
v 2.097163 7.902837 -5.013824
v 0.902837 7.902837 -5.013824
v 0.902837 9.097162 -5.013824
v 2.097163 9.097162 -5.013824
v 1.500000 7.902837 -5.013824
v 1.500000 9.097162 -5.013824
v 0.902837 8.500000 -5.013824
v 2.097163 8.500000 -5.013824
v 1.500000 8.500000 -5.013824
v -2.097163 7.902837 -5.013824
v -0.902837 7.902837 -5.013824
v -0.902837 9.097162 -5.013824
v -2.097163 9.097162 -5.013824
v -1.500000 7.902837 -5.013824
v -1.500000 9.097162 -5.013824
v -0.902837 8.500000 -5.013824
v -2.097163 8.500000 -5.013824
v -1.500000 8.500000 -5.013824
vn -0.0000 -0.0000 -1.0000
vt 0.625000 0.453125
vt 0.625000 0.437500
vt 0.625000 0.468750
s 0
usemtl CYAN
f 1567/108/7 1565/109/7 1561/109/7 1564/108/7
f 1566/110/7 1567/108/7 1564/108/7 1562/110/7
f 1559/110/7 1563/108/7 1567/108/7 1566/110/7
f 1563/108/7 1560/109/7 1565/109/7 1567/108/7
f 1576/108/7 1573/108/7 1570/109/7 1574/109/7
f 1575/110/7 1571/110/7 1573/108/7 1576/108/7
f 1568/110/7 1575/110/7 1576/108/7 1572/108/7
f 1572/108/7 1576/108/7 1574/109/7 1569/109/7
o Cube.002
v 0.000000 8.000000 -6.000000
v 0.000000 8.000000 -5.000000
v 0.500000 8.000000 -5.000000
v 0.500000 8.000000 -6.000000
v 0.000000 7.500000 -6.000000
v 0.500000 7.500000 -6.000000
v -0.500000 8.000000 -5.000000
v -0.500000 8.000000 -6.000000
v -0.500000 7.500000 -6.000000
vn -0.0000 -0.0000 -1.0000
vn -0.0000 1.0000 -0.0000
vt 0.625000 0.437500
s 0
usemtl PINK_NEON
f 1582/111/8 1581/111/8 1577/111/8 1580/111/8
f 1578/111/9 1579/111/9 1580/111/9 1577/111/9
f 1585/111/8 1584/111/8 1577/111/8 1581/111/8
f 1578/111/9 1577/111/9 1584/111/9 1583/111/9
o Cube.003
v 2.000000 10.000000 -2.000000
v 1.500000 10.000000 -2.000000
v 2.500000 10.000000 -2.000000
v 2.500000 11.000000 -2.000000
v 2.000000 10.500000 -2.000000
v 2.500000 10.500000 -2.000000
v 2.750000 10.000000 -2.000000
v 2.750000 11.000000 -2.000000
v 2.750000 10.500000 -2.000000
v 2.250000 10.000000 -2.000000
v 2.250000 11.000000 -2.000000
v 2.250000 10.500000 -2.000000
v 2.000000 10.500000 -2.000000
v 1.500000 10.500000 -2.000000
v 1.500000 10.750000 -2.000000
v 2.000000 10.750000 -2.000000
v 2.000000 10.250000 -2.000000
v 1.500000 10.250000 -2.000000
v 2.500000 11.500000 -2.000000
v 2.750000 11.500000 -2.000000
v 2.250000 11.500000 -2.000000
v 1.750000 10.000000 -2.000000
v 1.750000 10.500000 -2.000000
v 1.750000 10.750000 -2.000000
v 1.750000 10.250000 -2.000000
v 1.250000 10.000000 -2.000000
v 1.250000 10.500000 -2.000000
v 1.250000 10.250000 -2.000000
v 2.000000 10.750000 -2.000000
v 2.500000 10.750000 -2.000000
v 2.750000 10.750000 -2.000000
v 2.250000 10.750000 -2.000000
v 2.500000 11.250000 -2.000000
v 2.750000 11.250000 -2.000000
v 2.250000 11.250000 -2.000000
v 2.000000 10.250000 -2.000000
v 2.500000 10.250000 -2.000000
v 2.750000 10.250000 -2.000000
v 2.250000 10.250000 -2.000000
v 2.500000 11.750000 -2.000000
v 2.750000 11.750000 -2.000000
v 2.250000 11.750000 -2.000000
v -2.000000 10.000000 -2.000000
v -1.500000 10.000000 -2.000000
v -2.500000 10.000000 -2.000000
v -2.500000 11.000000 -2.000000
v -2.000000 10.500000 -2.000000
v -2.500000 10.500000 -2.000000
v -2.750000 10.000000 -2.000000
v -2.750000 11.000000 -2.000000
v -2.750000 10.500000 -2.000000
v -2.250000 10.000000 -2.000000
v -2.250000 11.000000 -2.000000
v -2.250000 10.500000 -2.000000
v -2.000000 10.500000 -2.000000
v -1.500000 10.500000 -2.000000
v -1.500000 10.750000 -2.000000
v -2.000000 10.750000 -2.000000
v -2.000000 10.250000 -2.000000
v -1.500000 10.250000 -2.000000
v -2.500000 11.500000 -2.000000
v -2.750000 11.500000 -2.000000
v -2.250000 11.500000 -2.000000
v -1.750000 10.000000 -2.000000
v -1.750000 10.500000 -2.000000
v -1.750000 10.750000 -2.000000
v -1.750000 10.250000 -2.000000
v -1.250000 10.000000 -2.000000
v -1.250000 10.500000 -2.000000
v -1.250000 10.250000 -2.000000
v -2.000000 10.750000 -2.000000
v -2.500000 10.750000 -2.000000
v -2.750000 10.750000 -2.000000
v -2.250000 10.750000 -2.000000
v -2.500000 11.250000 -2.000000
v -2.750000 11.250000 -2.000000
v -2.250000 11.250000 -2.000000
v -2.000000 10.250000 -2.000000
v -2.500000 10.250000 -2.000000
v -2.750000 10.250000 -2.000000
v -2.250000 10.250000 -2.000000
v -2.500000 11.750000 -2.000000
v -2.750000 11.750000 -2.000000
v -2.250000 11.750000 -2.000000
vn -0.0000 -0.0000 -1.0000
vt 0.630208 0.726562
vt 0.635417 0.703125
vt 0.630208 0.726562
vt 0.640625 0.679688
vt 0.645833 0.656250
vt 0.651042 0.653646
vt 0.656250 0.651042
vt 0.651042 0.653646
vt 0.656250 0.651042
vt 0.661458 0.648437
vt 0.661458 0.648438
vt 0.635417 0.703125
vt 0.640625 0.679687
s 0
usemtl PINK_NEON
f 1616/112/10 1615/113/10 1589/113/10 1593/112/10
f 1623/114/10 1622/113/10 1591/113/10 1594/112/10
f 1624/115/10 1621/116/10 1590/116/10 1597/115/10
f 1622/113/10 1624/115/10 1597/115/10 1591/113/10
f 1615/113/10 1617/115/10 1596/115/10 1589/113/10
f 1610/117/10 1603/118/10 1599/118/10 1608/117/10
f 1608/117/10 1599/118/10 1600/118/10 1609/117/10
f 1607/119/10 1587/120/10 1603/118/10 1610/117/10
f 1618/113/10 1620/115/10 1606/115/10 1604/113/10
f 1619/112/10 1618/113/10 1604/113/10 1605/112/10
f 1586/116/10 1607/119/10 1610/117/10 1602/116/10
f 1598/116/10 1608/117/10 1609/117/10 1601/116/10
f 1602/116/10 1610/117/10 1608/117/10 1598/116/10
f 1587/120/10 1611/121/10 1613/122/10 1603/118/10
f 1603/118/10 1613/122/10 1612/122/10 1599/118/10
f 1591/113/10 1597/115/10 1617/115/10 1615/113/10
f 1594/112/10 1591/113/10 1615/113/10 1616/112/10
f 1597/115/10 1590/116/10 1614/116/10 1617/115/10
f 1593/112/10 1589/113/10 1618/113/10 1619/112/10
f 1589/113/10 1596/115/10 1620/115/10 1618/113/10
f 1588/123/10 1595/124/10 1624/115/10 1622/113/10
f 1595/124/10 1586/116/10 1621/116/10 1624/115/10
f 1592/114/10 1588/123/10 1622/113/10 1623/114/10
f 1604/113/10 1606/115/10 1627/115/10 1625/113/10
f 1605/112/10 1604/113/10 1625/113/10 1626/112/10
f 1658/112/10 1635/112/10 1631/113/10 1657/113/10
f 1665/114/10 1636/112/10 1633/113/10 1664/113/10
f 1666/115/10 1639/115/10 1632/116/10 1663/116/10
f 1664/113/10 1633/113/10 1639/115/10 1666/115/10
f 1657/113/10 1631/113/10 1638/115/10 1659/115/10
f 1652/117/10 1650/117/10 1641/118/10 1645/118/10
f 1650/117/10 1651/117/10 1642/118/10 1641/118/10
f 1649/119/10 1652/117/10 1645/118/10 1629/120/10
f 1660/113/10 1646/113/10 1648/115/10 1662/115/10
f 1661/112/10 1647/112/10 1646/113/10 1660/113/10
f 1628/116/10 1644/116/10 1652/117/10 1649/119/10
f 1640/116/10 1643/116/10 1651/117/10 1650/117/10
f 1644/116/10 1640/116/10 1650/117/10 1652/117/10
f 1629/120/10 1645/118/10 1655/122/10 1653/121/10
f 1645/118/10 1641/118/10 1654/122/10 1655/122/10
f 1633/113/10 1657/113/10 1659/115/10 1639/115/10
f 1636/112/10 1658/112/10 1657/113/10 1633/113/10
f 1639/115/10 1659/115/10 1656/116/10 1632/116/10
f 1635/112/10 1661/112/10 1660/113/10 1631/113/10
f 1631/113/10 1660/113/10 1662/115/10 1638/115/10
f 1630/123/10 1664/113/10 1666/115/10 1637/124/10
f 1637/124/10 1666/115/10 1663/116/10 1628/116/10
f 1634/114/10 1665/114/10 1664/113/10 1630/123/10
f 1646/113/10 1667/113/10 1669/115/10 1648/115/10
f 1647/112/10 1668/112/10 1667/113/10 1646/113/10
o Cube.004
v -2.498983 7.023290 -0.594306
v -2.498983 7.698195 -0.905762
v -2.498983 5.255519 -4.424963
v -2.498983 5.930424 -4.736419
v 2.498983 7.023290 -0.594306
v 2.498983 7.698195 -0.905762
v 2.498983 5.255519 -4.424963
v 2.498983 5.930424 -4.736419
v -3.334988 4.959825 -5.065714
v -3.334988 7.318984 0.046444
v -3.334988 7.993889 -0.265011
v -3.334988 5.634730 -5.377170
v 3.334988 4.959825 -5.065714
v 3.334988 5.634730 -5.377170
v 3.334988 7.318984 0.046444
v 3.334988 7.993889 -0.265011
vn -1.0000 -0.0000 -0.0000
vn -0.0000 -0.4190 -0.9080
vn 1.0000 -0.0000 -0.0000
vn -0.0000 0.4190 0.9080
vn -0.0000 -0.9080 0.4190
vn -0.0000 0.9080 -0.4190
vt 0.375000 0.000000
vt 0.625000 0.000000
vt 0.625000 0.250000
vt 0.375000 0.250000
vt 0.625000 0.500000
vt 0.375000 0.500000
vt 0.625000 0.750000
vt 0.375000 0.750000
vt 0.625000 1.000000
vt 0.375000 1.000000
vt 0.156335 0.718665
vt 0.843665 0.718665
vt 0.656335 0.718665
vt 0.343665 0.718665
vt 0.656335 0.531335
vt 0.343665 0.531335
vt 0.156335 0.531335
vt 0.125000 0.750000
vt 0.125000 0.500000
vt 0.843665 0.531335
vt 0.875000 0.500000
vt 0.875000 0.750000
s 0
usemtl FUCCIA
f 1679/125/11 1680/126/11 1681/127/11 1678/128/11
f 1678/128/12 1681/127/12 1683/129/12 1682/130/12
f 1682/130/13 1683/129/13 1685/131/13 1684/132/13
f 1684/132/14 1685/131/14 1680/133/14 1679/134/14
f 1670/135/12 1671/136/12 1675/137/12 1674/138/12
f 1674/138/11 1675/137/11 1677/139/11 1676/140/11
f 1672/141/15 1670/135/15 1679/142/15 1678/143/15
f 1671/136/16 1673/144/16 1681/145/16 1680/146/16
f 1676/140/15 1672/141/15 1678/143/15 1682/130/15
f 1673/144/16 1677/139/16 1683/129/16 1681/145/16
f 1674/138/15 1676/140/15 1682/130/15 1684/132/15
f 1677/139/16 1675/137/16 1685/131/16 1683/129/16
f 1670/135/15 1674/138/15 1684/132/15 1679/142/15
f 1675/137/16 1671/136/16 1680/146/16 1685/131/16
f 1672/141/13 1673/144/13 1671/136/13 1670/135/13
f 1676/140/14 1677/139/14 1673/144/14 1672/141/14
