# Blender 5.1.0
# www.blender.org
mtllib piggy.mtl
o BODY
v 2.000000 1.000000 -1.000000
v 2.000000 1.000000 1.000000
v 1.000000 1.000000 1.000000
v 1.000000 1.000000 -1.000000
v 1.000000 2.000000 -1.000000
v 1.000000 2.000000 1.000000
v 2.000000 2.000000 1.000000
v 2.000000 2.000000 -1.000000
v 3.000000 1.000000 -1.000000
v 3.000000 1.000000 1.000000
v 3.000000 2.000000 -1.000000
v 3.000000 2.000000 1.000000
v 1.000000 3.000000 -1.000000
v 3.000000 4.000000 2.000000
v 3.000000 3.000000 2.000000
v 2.000000 3.000000 -1.000000
v 3.000000 3.000000 -1.000000
v 3.000000 3.000000 1.000000
v 0.000000 2.000000 -1.000000
v 0.000000 2.000000 1.000000
v 0.000000 3.000000 -1.000000
v 0.000000 3.000000 1.000000
v 1.000000 4.000000 -1.000000
v 0.000000 2.000000 2.000000
v 0.000000 3.000000 2.000000
v 2.000000 4.000000 -1.000000
v 3.000000 4.000000 -1.000000
v 3.000000 4.000000 1.000000
v 0.000000 4.000000 -1.000000
v 0.000000 4.000000 1.000000
v 1.000000 9.000000 5.000000
v 3.000000 8.000000 5.000000
v 3.000000 4.000000 3.000000
v 0.000000 5.000000 -1.000000
v 0.000000 5.000000 1.000000
v 4.000000 4.000000 -1.000000
v 4.000000 4.000000 1.000000
v 4.000000 5.000000 -1.000000
v 4.000000 5.000000 1.000000
v 4.000000 6.000000 2.000000
v 0.000000 4.000000 3.000000
v 2.000000 9.000000 5.000000
v 0.000000 6.000000 2.000000
v 0.000000 6.000000 -1.000000
v 0.000000 6.000000 1.000000
v 4.000000 6.000000 -1.000000
v 4.000000 6.000000 1.000000
v 0.000000 5.000000 3.000000
v 4.000000 5.000000 2.000000
v 4.000000 4.000000 3.000000
v 0.000000 7.000000 -1.000000
v 0.000000 7.000000 1.000000
v 4.000000 7.000000 -1.000000
v 4.000000 7.000000 1.000000
v 4.000000 4.000000 2.000000
v 4.000000 5.000000 3.000000
v 3.000000 7.000000 5.000000
v 0.000000 5.000000 2.000000
v 0.000000 6.000000 7.000000
v 0.000000 8.000000 -1.000000
v 0.000000 8.000000 1.000000
v 4.000000 8.000000 -1.000000
v 4.000000 8.000000 1.000000
v 0.000000 6.000000 3.000000
v 0.000000 4.000000 2.000000
v 4.000000 6.000000 3.000000
v 0.000000 9.000000 -1.000000
v 0.000000 9.000000 1.000000
v 4.000000 9.000000 -1.000000
v 4.000000 9.000000 1.000000
v 0.000000 7.000000 5.000000
v 0.000000 8.000000 5.000000
v 2.000000 2.000000 2.000000
v 1.000000 2.000000 2.000000
v 0.000000 6.000000 5.000000
v 0.000000 10.000000 -1.000000
v 0.000000 10.000000 1.000000
v 4.000000 10.000000 -1.000000
v 4.000000 10.000000 1.000000
v 1.000000 11.000000 -1.000000
v 1.000000 11.000000 1.000000
v 2.000000 11.000000 1.000000
v 2.000000 11.000000 -1.000000
v 3.000000 11.000000 -1.000000
v 3.000000 11.000000 1.000000
v 0.000000 11.000000 -1.000000
v 0.000000 11.000000 1.000000
v 4.000000 11.000000 -1.000000
v 4.000000 11.000000 1.000000
v 1.000000 4.000000 -2.000000
v 2.000000 4.000000 -2.000000
v 3.000000 4.000000 -2.000000
v 0.000000 4.000000 -2.000000
v 1.000000 5.000000 -2.000000
v 2.000000 5.000000 -2.000000
v 3.000000 5.000000 -2.000000
v 0.000000 5.000000 -2.000000
v 4.000000 4.000000 -2.000000
v 4.000000 5.000000 -2.000000
v 1.000000 6.000000 -2.000000
v 2.000000 6.000000 -2.000000
v 3.000000 6.000000 -2.000000
v 0.000000 6.000000 -2.000000
v 4.000000 6.000000 -2.000000
v 1.000000 7.000000 -2.000000
v 2.000000 7.000000 -2.000000
v 3.000000 7.000000 -2.000000
v 0.000000 7.000000 -2.000000
v 4.000000 7.000000 -2.000000
v 1.000000 8.000000 -2.000000
v 3.000000 8.000000 -2.000000
v 0.000000 8.000000 -2.000000
v 4.000000 8.000000 -2.000000
v 1.000000 9.000000 -2.000000
v 3.000000 9.000000 -2.000000
v 0.000000 9.000000 -2.000000
v 4.000000 9.000000 -2.000000
v 1.000000 10.000000 -2.000000
v 2.000000 10.000000 -2.000000
v 3.000000 10.000000 -2.000000
v 0.000000 10.000000 -2.000000
v 4.000000 10.000000 -2.000000
v 1.000000 11.000000 -2.000000
v 2.000000 11.000000 -2.000000
v 3.000000 11.000000 -2.000000
v 0.000000 11.000000 -2.000000
v 4.000000 11.000000 -2.000000
v 0.000000 7.000000 2.000000
v 4.000000 7.000000 2.000000
v 0.000000 8.000000 2.000000
v 4.000000 8.000000 2.000000
v 0.000000 9.000000 2.000000
v 4.000000 9.000000 2.000000
v 0.000000 10.000000 2.000000
v 4.000000 10.000000 2.000000
v 1.000000 11.000000 2.000000
v 2.000000 11.000000 2.000000
v 3.000000 11.000000 2.000000
v 0.000000 11.000000 2.000000
v 4.000000 11.000000 2.000000
v 0.000000 7.000000 3.000000
v 4.000000 7.000000 3.000000
v 3.000000 6.000000 5.000000
v 2.000000 1.000000 8.000000
v 3.000000 7.000000 7.000000
v 0.000000 8.000000 3.000000
v 4.000000 8.000000 3.000000
v 3.000000 4.000000 5.000000
v 1.000000 1.000000 8.000000
v 3.000000 1.000000 8.000000
v 0.000000 9.000000 3.000000
v 4.000000 9.000000 3.000000
v 3.000000 5.000000 5.000000
v 0.000000 7.000000 7.000000
v 0.000000 5.000000 5.000000
v 0.000000 10.000000 3.000000
v 4.000000 10.000000 3.000000
v 1.000000 11.000000 3.000000
v 2.000000 11.000000 3.000000
v 3.000000 11.000000 3.000000
v 0.000000 11.000000 3.000000
v 4.000000 11.000000 3.000000
v 1.000000 2.000000 3.000000
v 2.000000 2.000000 3.000000
v 3.000000 2.000000 3.000000
v 0.000000 8.000000 7.000000
v 0.000000 4.000000 5.000000
v 3.000000 3.000000 3.000000
v 0.000000 2.000000 3.000000
v 0.000000 3.000000 3.000000
v 0.000000 4.000000 4.000000
v 3.000000 4.000000 4.000000
v 0.000000 8.000000 6.000000
v 0.000000 8.000000 8.000000
v 4.000000 4.000000 3.000000
v 3.000000 2.000000 2.000000
v 4.000000 6.500000 -2.000000
v 0.000000 6.000000 6.000000
v 3.000000 5.000000 4.000000
v 0.000000 5.000000 4.000000
v 4.000000 4.000000 4.000000
v 4.000000 5.000000 4.000000
v 0.000000 7.000000 6.000000
v 1.000000 6.500000 -2.000000
v 3.000000 6.000000 4.000000
v 0.000000 6.000000 4.000000
v 4.000000 6.000000 4.000000
v 0.000000 6.000000 8.000000
v 3.000000 7.000000 6.000000
v 3.000000 7.000000 4.000000
v 0.000000 7.000000 4.000000
v 4.000000 7.000000 4.000000
v 3.000000 6.000000 6.000000
v 2.000000 9.000000 6.000000
v 3.000000 8.000000 4.000000
v 0.000000 8.000000 4.000000
v 4.000000 8.000000 4.000000
v 1.000000 9.000000 4.000000
v 2.000000 9.000000 4.000000
v 3.000000 9.000000 4.000000
v 0.000000 9.000000 4.000000
v 4.000000 9.000000 4.000000
v 1.000000 10.000000 4.000000
v 2.000000 10.000000 4.000000
v 3.000000 10.000000 4.000000
v 0.000000 10.000000 4.000000
v 4.000000 10.000000 4.000000
v 1.000000 11.000000 4.000000
v 2.000000 11.000000 4.000000
v 3.000000 11.000000 4.000000
v 0.000000 11.000000 4.000000
v 4.000000 11.000000 4.000000
v 1.000000 2.000000 4.000000
v 2.000000 2.000000 4.000000
v 3.000000 2.000000 4.000000
v 0.000000 7.000000 8.000000
v 0.000000 6.500000 -1.000000
v 3.000000 3.000000 4.000000
v 0.000000 2.000000 4.000000
v 0.000000 3.000000 4.000000
v 4.000000 4.000000 4.000000
v 3.000000 9.000000 5.000000
v 0.000000 9.000000 5.000000
v 2.000000 2.000000 5.000000
v 1.000000 2.000000 5.000000
v 3.000000 2.000000 5.000000
v 3.000000 5.000000 7.000000
v 3.000000 6.000000 7.000000
v 3.000000 3.000000 5.000000
v 0.000000 3.000000 5.000000
v 0.000000 2.000000 5.000000
v 3.000000 5.000000 6.000000
v 4.000000 6.500000 1.000000
v 0.000000 5.000000 6.000000
v 3.000000 4.000000 6.000000
v 3.000000 7.000000 8.000000
v 3.000000 6.000000 8.000000
v 2.000000 9.000000 8.000000
v 0.000000 4.000000 6.000000
v 3.000000 8.000000 6.000000
v 1.000000 9.000000 6.000000
v 3.000000 9.000000 6.000000
v 0.000000 9.000000 6.000000
v 2.000000 2.000000 6.000000
v 1.000000 2.000000 6.000000
v 3.000000 2.000000 6.000000
v 1.000000 8.000000 8.000000
v 2.000000 8.000000 8.000000
v 3.000000 3.000000 6.000000
v 0.000000 3.000000 6.000000
v 0.000000 2.000000 6.000000
v 2.000000 9.000000 7.000000
v 3.000000 6.000000 9.000000
v 0.000000 5.000000 7.000000
v 3.000000 4.000000 7.000000
v 1.000000 1.000000 7.000000
v 3.000000 1.000000 7.000000
v 3.000000 1.000000 6.000000
v 0.000000 4.000000 7.000000
v 3.000000 8.000000 7.000000
v 1.000000 9.000000 7.000000
v 3.000000 9.000000 7.000000
v 0.000000 9.000000 7.000000
v 1.000000 2.000000 7.000000
v 3.000000 2.000000 7.000000
v 1.000000 1.000000 6.000000
v 2.000000 1.000000 6.000000
v 3.000000 3.000000 7.000000
v 0.000000 3.000000 7.000000
v 0.000000 2.000000 7.000000
v 3.000000 5.000000 8.000000
v 0.000000 6.500000 1.000000
v 0.000000 5.000000 8.000000
v 3.000000 4.000000 8.000000
v 4.000000 6.500000 -1.000000
v 0.000000 6.500000 7.000000
v 0.000000 6.500000 5.000000
v 0.000000 4.000000 8.000000
v 3.000000 8.000000 8.000000
v 1.000000 9.000000 8.000000
v 3.000000 9.000000 8.000000
v 0.000000 9.000000 8.000000
v 2.000000 2.000000 8.000000
v 1.000000 2.000000 8.000000
v 3.000000 2.000000 8.000000
v 3.000000 6.500000 7.000000
v 3.000000 6.500000 5.000000
v 3.000000 3.000000 8.000000
v 0.000000 3.000000 8.000000
v 0.000000 2.000000 8.000000
v 3.000000 5.000000 9.000000
v 0.000000 8.000000 9.000000
v 0.000000 7.000000 9.000000
v 2.000000 7.000000 9.000000
v 1.000000 7.000000 9.000000
v 3.000000 7.000000 9.000000
v 1.000000 8.000000 9.000000
v 1.000000 6.000000 9.000000
v 0.000000 6.000000 9.000000
v 2.000000 6.000000 9.000000
v 2.000000 8.000000 9.000000
v 2.000000 5.000000 9.000000
v 0.000000 5.000000 9.000000
v 3.000000 4.000000 9.000000
v 1.000000 5.000000 9.000000
v 1.000000 4.000000 9.000000
v 2.000000 4.000000 9.000000
v 0.000000 4.000000 9.000000
v 3.000000 8.000000 9.000000
v 2.000000 2.000000 9.000000
v 1.000000 2.000000 9.000000
v 3.000000 2.000000 9.000000
v 2.000000 3.000000 9.000000
v 1.000000 3.000000 9.000000
v 3.000000 3.000000 9.000000
v 0.000000 3.000000 9.000000
v 0.000000 2.000000 9.000000
v 3.000000 6.500000 -2.000000
v 2.000000 6.500000 -2.000000
v 0.000000 6.500000 -2.000000
v 0.000000 6.500000 2.000000
v 4.000000 6.500000 2.000000
v 0.000000 6.500000 3.000000
v 4.000000 6.500000 3.000000
v 0.000000 6.500000 6.000000
v 3.000000 6.500000 6.000000
v 0.000000 6.500000 8.000000
v 0.000000 6.500000 4.000000
v 4.000000 6.500000 4.000000
v 3.000000 6.500000 4.000000
v 3.000000 6.500000 8.000000
v 1.000000 6.500000 9.000000
v 0.000000 6.500000 9.000000
v 2.000000 6.500000 9.000000
v 3.000000 6.500000 9.000000
v 0.000000 7.500000 2.000000
v 0.000000 7.500000 5.000000
v 0.000000 7.500000 1.000000
v 0.000000 7.500000 7.000000
v 0.000000 7.500000 3.000000
v 4.000000 7.500000 -1.000000
v 4.000000 7.500000 1.000000
v 0.000000 7.500000 -1.000000
v 2.000000 7.500000 -2.000000
v 3.000000 7.500000 -2.000000
v 4.000000 7.500000 -2.000000
v 0.000000 7.500000 -2.000000
v 1.000000 7.500000 -2.000000
v 4.000000 7.500000 2.000000
v 4.000000 7.500000 3.000000
v 0.000000 7.500000 6.000000
v 0.000000 7.500000 8.000000
v 0.000000 7.500000 4.000000
v 4.000000 7.500000 4.000000
v 3.000000 7.500000 4.000000
v 3.000000 7.500000 5.000000
v 3.000000 7.500000 6.000000
v 3.000000 7.500000 7.000000
v 3.000000 7.500000 8.000000
v 0.000000 7.500000 9.000000
v 1.000000 7.500000 9.000000
v 2.000000 7.500000 9.000000
v 3.000000 7.500000 9.000000
v 4.000000 8.500000 -1.000000
v 4.000000 8.500000 1.000000
v 0.000000 8.500000 1.000000
v 0.000000 8.500000 -1.000000
v 3.000000 8.500000 -2.000000
v 4.000000 8.500000 -2.000000
v 0.000000 8.500000 -2.000000
v 1.000000 8.500000 -2.000000
v 4.000000 8.500000 2.000000
v 0.000000 8.500000 2.000000
v 4.000000 8.500000 3.000000
v 0.000000 8.500000 3.000000
v 4.000000 8.500000 4.000000
v 0.000000 8.500000 4.000000
v 3.000000 8.500000 4.000000
v 0.000000 8.500000 5.000000
v 3.000000 8.500000 5.000000
v 2.000000 8.500000 8.000000
v 0.000000 8.500000 6.000000
v 3.000000 8.500000 6.000000
v 0.000000 8.500000 7.000000
v 3.000000 8.500000 7.000000
v 1.000000 8.500000 8.000000
v 0.000000 8.500000 8.000000
v 3.000000 8.500000 8.000000
v 4.000000 5.500000 2.000000
v 0.000000 5.500000 2.000000
v 0.000000 5.500000 1.000000
v 4.000000 5.500000 1.000000
v 4.000000 5.500000 -1.000000
v 0.000000 5.500000 -1.000000
v 3.000000 5.500000 5.000000
v 0.000000 5.500000 5.000000
v 0.000000 5.500000 3.000000
v 4.000000 5.500000 3.000000
v 3.000000 5.500000 7.000000
v 2.000000 5.500000 -2.000000
v 1.000000 5.500000 -2.000000
v 3.000000 5.500000 -2.000000
v 4.000000 5.500000 -2.000000
v 0.000000 5.500000 -2.000000
v 3.000000 5.500000 6.000000
v 3.000000 5.500000 8.000000
v 0.000000 5.500000 4.000000
v 4.000000 5.500000 4.000000
v 3.000000 5.500000 4.000000
v 0.000000 5.500000 6.000000
v 0.000000 5.500000 7.000000
v 0.000000 5.500000 8.000000
v 3.000000 5.500000 9.000000
v 2.000000 5.500000 9.000000
v 0.000000 5.500000 9.000000
v 1.000000 5.500000 9.000000
v 4.000000 9.500000 -1.000000
v 4.000000 9.500000 1.000000
v 0.000000 9.500000 1.000000
v 0.000000 9.500000 -1.000000
v 4.000000 9.500000 -2.000000
v 0.000000 9.500000 -2.000000
v 1.000000 9.500000 -2.000000
v 3.000000 9.500000 -2.000000
v 2.000000 9.500000 -2.000000
v 4.000000 9.500000 2.000000
v 0.000000 9.500000 2.000000
v 4.000000 9.500000 3.000000
v 0.000000 9.500000 3.000000
v 1.000000 9.500000 4.000000
v 2.000000 9.500000 4.000000
v 4.000000 9.500000 4.000000
v 0.000000 9.500000 4.000000
v 3.000000 9.500000 4.000000
v 0.000000 10.500000 -1.000000
v 0.000000 10.500000 1.000000
v 4.000000 10.500000 1.000000
v 4.000000 10.500000 -1.000000
v 0.000000 10.500000 -2.000000
v 1.000000 10.500000 -2.000000
v 3.000000 10.500000 -2.000000
v 4.000000 10.500000 -2.000000
v 2.000000 10.500000 -2.000000
v 0.000000 10.500000 2.000000
v 4.000000 10.500000 2.000000
v 0.000000 10.500000 3.000000
v 4.000000 10.500000 3.000000
v 3.000000 10.500000 4.000000
v 0.000000 10.500000 4.000000
v 2.000000 10.500000 4.000000
v 4.000000 10.500000 4.000000
v 1.000000 10.500000 4.000000
v 2.500000 2.000000 1.000000
v 2.500000 2.000000 -1.000000
v 2.500000 1.000000 -1.000000
v 2.500000 1.000000 1.000000
v 2.500000 3.000000 -1.000000
v 2.500000 4.000000 -1.000000
v 2.500000 1.000000 8.000000
v 2.500000 2.000000 2.000000
v 2.500000 11.000000 1.000000
v 2.500000 11.000000 -1.000000
v 2.500000 4.000000 -2.000000
v 2.500000 5.000000 -2.000000
v 2.500000 6.000000 -2.000000
v 2.500000 7.000000 -2.000000
v 2.500000 8.000000 -2.000000
v 2.500000 9.000000 -2.000000
v 2.500000 10.000000 -2.000000
v 2.500000 11.000000 -2.000000
v 2.500000 11.000000 2.000000
v 2.500000 11.000000 3.000000
v 2.500000 2.000000 3.000000
v 2.500000 9.000000 4.000000
v 2.500000 10.000000 4.000000
v 2.500000 11.000000 4.000000
v 2.500000 2.000000 4.000000
v 2.500000 9.000000 5.000000
v 2.500000 2.000000 5.000000
v 2.500000 9.000000 6.000000
v 2.500000 2.000000 6.000000
v 2.500000 1.000000 6.000000
v 2.500000 9.000000 7.000000
v 2.500000 8.000000 8.000000
v 2.500000 9.000000 8.000000
v 2.500000 2.000000 8.000000
v 2.500000 7.000000 9.000000
v 2.500000 6.000000 9.000000
v 2.500000 4.000000 9.000000
v 2.500000 5.000000 9.000000
v 2.500000 8.000000 9.000000
v 2.500000 2.000000 9.000000
v 2.500000 3.000000 9.000000
v 2.500000 6.500000 9.000000
v 2.500000 6.500000 -2.000000
v 2.500000 7.500000 9.000000
v 2.500000 7.500000 -2.000000
v 2.500000 8.500000 8.000000
v 2.500000 8.500000 -2.000000
v 2.500000 5.500000 9.000000
v 2.500000 5.500000 -2.000000
v 2.500000 9.500000 4.000000
v 2.500000 9.500000 -2.000000
v 2.500000 10.500000 4.000000
v 2.500000 10.500000 -2.000000
v 1.500000 1.000000 -1.000000
v 1.500000 1.000000 1.000000
v 1.500000 2.000000 -1.000000
v 1.500000 2.000000 1.000000
v 1.500000 3.000000 -1.000000
v 1.500000 4.000000 -1.000000
v 1.500000 1.000000 8.000000
v 1.500000 11.000000 -1.000000
v 1.500000 11.000000 1.000000
v 1.500000 4.000000 -2.000000
v 1.500000 5.000000 -2.000000
v 1.500000 6.000000 -2.000000
v 1.500000 7.000000 -2.000000
v 1.500000 8.000000 -2.000000
v 1.500000 9.000000 -2.000000
v 1.500000 10.000000 -2.000000
v 1.500000 11.000000 -2.000000
v 1.500000 11.000000 2.000000
v 1.500000 11.000000 3.000000
v 1.500000 2.000000 3.000000
v 1.500000 2.000000 2.000000
v 1.500000 9.000000 4.000000
v 1.500000 10.000000 4.000000
v 1.500000 11.000000 4.000000
v 1.500000 2.000000 4.000000
v 1.500000 9.000000 5.000000
v 1.500000 2.000000 5.000000
v 1.500000 8.000000 8.000000
v 1.500000 9.000000 6.000000
v 1.500000 2.000000 6.000000
v 1.500000 1.000000 6.000000
v 1.500000 9.000000 7.000000
v 1.500000 9.000000 8.000000
v 1.500000 2.000000 8.000000
v 1.500000 7.000000 9.000000
v 1.500000 8.000000 9.000000
v 1.500000 6.000000 9.000000
v 1.500000 4.000000 9.000000
v 1.500000 5.000000 9.000000
v 1.500000 2.000000 9.000000
v 1.500000 3.000000 9.000000
v 1.500000 6.500000 9.000000
v 1.500000 6.500000 -2.000000
v 1.500000 7.500000 9.000000
v 1.500000 7.500000 -2.000000
v 1.500000 8.500000 8.000000
v 1.500000 8.500000 -2.000000
v 1.500000 5.500000 9.000000
v 1.500000 5.500000 -2.000000
v 1.500000 9.500000 4.000000
v 1.500000 9.500000 -2.000000
v 1.500000 10.500000 4.000000
v 1.500000 10.500000 -2.000000
v 0.500000 3.000000 -1.000000
v 0.500000 2.000000 -1.000000
v 0.500000 2.000000 1.000000
v 0.500000 4.000000 -1.000000
v 0.500000 11.000000 -1.000000
v 0.500000 11.000000 1.000000
v 0.500000 4.000000 -2.000000
v 0.500000 5.000000 -2.000000
v 2.000000 12.000000 3.000000
v 3.000000 12.000000 2.000000
v 0.500000 8.000000 -2.000000
v 0.500000 9.000000 -2.000000
v 0.500000 10.000000 -2.000000
v 0.500000 11.000000 -2.000000
v 0.500000 11.000000 2.000000
v 0.500000 11.000000 3.000000
v 0.500000 2.000000 3.000000
v 0.500000 2.000000 2.000000
v 0.500000 9.000000 4.000000
v 0.500000 10.000000 4.000000
v 0.500000 11.000000 4.000000
v 0.500000 2.000000 4.000000
v 0.500000 9.000000 5.000000
v 0.500000 2.000000 5.000000
v 0.500000 9.000000 6.000000
v 0.500000 2.000000 6.000000
v 0.500000 9.000000 7.000000
v 0.500000 2.000000 7.000000
v 0.500000 8.000000 8.000000
v 0.500000 9.000000 8.000000
v 0.500000 2.000000 8.000000
v 0.500000 7.000000 9.000000
v 0.500000 6.000000 9.000000
v 0.500000 5.000000 9.000000
v 0.500000 4.000000 9.000000
v 0.500000 8.000000 9.000000
v 0.500000 3.000000 9.000000
v 0.500000 2.000000 9.000000
v 0.500000 6.500000 9.000000
v 3.000000 12.000000 3.000000
v 0.500000 7.500000 9.000000
v 0.500000 7.500000 -2.000000
v 0.500000 8.500000 8.000000
v 0.500000 8.500000 -2.000000
v 0.500000 5.500000 9.000000
v 0.500000 5.500000 -2.000000
v 0.500000 9.500000 4.000000
v 0.500000 9.500000 -2.000000
v 0.500000 10.500000 4.000000
v 0.500000 10.500000 -2.000000
v 0.000000 4.500000 -1.000000
v 0.000000 4.500000 1.000000
v 0.000000 4.500000 3.000000
v 4.000000 4.500000 -1.000000
v 4.000000 4.500000 1.000000
v 4.000000 4.500000 2.000000
v 4.000000 4.500000 3.000000
v 0.000000 4.500000 2.000000
v 0.000000 4.500000 -2.000000
v 1.000000 4.500000 -2.000000
v 2.000000 4.500000 -2.000000
v 3.000000 4.500000 -2.000000
v 4.000000 4.500000 -2.000000
v 3.000000 4.500000 5.000000
v 0.000000 4.500000 5.000000
v 0.000000 4.500000 4.000000
v 3.000000 4.500000 4.000000
v 4.000000 4.500000 4.000000
v 3.000000 4.500000 6.000000
v 0.000000 4.500000 6.000000
v 3.000000 4.500000 7.000000
v 0.000000 4.500000 7.000000
v 3.000000 4.500000 8.000000
v 0.000000 4.500000 8.000000
v 3.000000 4.500000 9.000000
v 1.000000 4.500000 9.000000
v 2.000000 4.500000 9.000000
v 0.000000 4.500000 9.000000
v 2.500000 4.500000 9.000000
v 2.500000 4.500000 -2.000000
v 1.500000 4.500000 9.000000
v 1.500000 4.500000 -2.000000
v 0.500000 4.500000 9.000000
v 0.500000 4.500000 -2.000000
v 3.500000 4.000000 -1.000000
v 3.500000 4.000000 1.000000
v 3.500000 4.000000 3.000000
v 3.500000 11.000000 1.000000
v 3.500000 11.000000 -1.000000
v 3.500000 5.000000 -2.000000
v 3.500000 4.000000 -2.000000
v 3.500000 6.000000 -2.000000
v 3.500000 7.000000 -2.000000
v 3.500000 8.000000 -2.000000
v 3.500000 9.000000 -2.000000
v 3.500000 10.000000 -2.000000
v 3.500000 11.000000 -2.000000
v 3.500000 11.000000 2.000000
v 3.500000 11.000000 3.000000
v 3.500000 5.000000 4.000000
v 3.500000 4.000000 4.000000
v 3.500000 6.000000 4.000000
v 3.500000 7.000000 4.000000
v 3.500000 8.000000 4.000000
v 3.500000 9.000000 4.000000
v 3.500000 10.000000 4.000000
v 3.500000 11.000000 4.000000
v 3.500000 6.500000 4.000000
v 3.500000 6.500000 -2.000000
v 3.500000 7.500000 4.000000
v 3.500000 7.500000 -2.000000
v 3.500000 8.500000 4.000000
v 3.500000 8.500000 -2.000000
v 3.500000 5.500000 4.000000
v 3.500000 5.500000 -2.000000
v 3.500000 9.500000 4.000000
v 3.500000 9.500000 -2.000000
v 3.500000 10.500000 4.000000
v 3.500000 10.500000 -2.000000
v 3.500000 4.500000 4.000000
v 3.500000 4.500000 -2.000000
v 0.000000 6.000000 -3.000000
v 0.000000 7.000000 -3.000000
v 0.000000 6.500000 -3.000000
v 0.000000 7.500000 -3.000000
v 0.000000 5.500000 -3.000000
v 2.000000 12.000000 2.000000
v 4.000000 12.000000 2.000000
v 4.000000 12.000000 3.000000
v 2.500000 12.000000 2.000000
v 3.500000 12.000000 2.000000
v 2.500000 12.000000 3.000000
v 3.500000 12.000000 3.000000
v 1.500000 12.000000 2.000000
v 1.500000 12.000000 3.000000
v 3.000000 13.000000 3.000000
v 3.000000 13.000000 2.000000
v 2.000000 13.000000 3.000000
v 2.000000 13.000000 2.000000
v 4.000000 13.000000 2.000000
v 4.000000 13.000000 3.000000
v 2.500000 13.000000 2.000000
v 3.500000 13.000000 2.000000
v 2.500000 13.000000 3.000000
v 3.500000 13.000000 3.000000
v 1.500000 13.000000 2.000000
v 1.500000 13.000000 3.000000
v 3.500000 13.000000 1.000000
v 3.500000 12.000000 1.000000
v 3.000000 12.000000 1.000000
v 3.000000 13.000000 1.000000
v 2.500000 12.000000 1.000000
v 2.000000 12.000000 1.000000
v 4.000000 12.000000 1.000000
v 1.500000 12.000000 1.000000
v 2.500000 13.000000 1.000000
v 2.000000 13.000000 1.000000
v 4.000000 13.000000 1.000000
v 1.500000 13.000000 1.000000
v 1.000000 0.500000 -1.000000
v 1.000000 0.500000 1.000000
v 2.000000 0.500000 1.000000
v 2.000000 0.500000 -1.000000
v 3.000000 0.500000 1.000000
v 3.000000 0.500000 -1.000000
v 2.500000 0.500000 1.000000
v 2.500000 0.500000 -1.000000
v 1.500000 0.500000 1.000000
v 1.500000 0.500000 -1.000000
v 1.000000 0.500000 8.000000
v 1.000000 0.500000 7.000000
v 2.000000 0.500000 6.000000
v 3.000000 0.500000 6.000000
v 3.000000 0.500000 8.000000
v 3.000000 0.500000 7.000000
v 1.000000 0.500000 6.000000
v 2.000000 0.500000 8.000000
v 2.500000 0.500000 8.000000
v 2.500000 0.500000 6.000000
v 1.500000 0.500000 8.000000
v 1.500000 0.500000 6.000000
v 0.000000 6.500000 9.000000
v 0.000000 6.000000 9.000000
v 0.500000 6.500000 9.000000
v 0.000000 5.500000 9.000000
v 0.500000 5.500000 9.000000
v 0.500000 6.000000 9.000000
v -2.000000 1.000000 -1.000000
v -2.000000 1.000000 1.000000
v -1.000000 1.000000 1.000000
v -1.000000 1.000000 -1.000000
v -1.000000 2.000000 -1.000000
v -1.000000 2.000000 1.000000
v -2.000000 2.000000 1.000000
v -2.000000 2.000000 -1.000000
v -3.000000 1.000000 -1.000000
v -3.000000 1.000000 1.000000
v -3.000000 2.000000 -1.000000
v -3.000000 2.000000 1.000000
v -1.000000 3.000000 -1.000000
v -3.000000 4.000000 2.000000
v -3.000000 3.000000 2.000000
v -2.000000 3.000000 -1.000000
v -3.000000 3.000000 -1.000000
v -3.000000 3.000000 1.000000
v -1.000000 4.000000 -1.000000
v -2.000000 4.000000 -1.000000
v -3.000000 4.000000 -1.000000
v -3.000000 4.000000 1.000000
v -1.000000 9.000000 5.000000
v -3.000000 8.000000 5.000000
v -3.000000 4.000000 3.000000
v -4.000000 4.000000 -1.000000
v -4.000000 4.000000 1.000000
v -4.000000 5.000000 -1.000000
v -4.000000 5.000000 1.000000
v -4.000000 6.000000 2.000000
v -2.000000 9.000000 5.000000
v -4.000000 6.000000 -1.000000
v -4.000000 6.000000 1.000000
v -4.000000 5.000000 2.000000
v -4.000000 4.000000 3.000000
v -4.000000 7.000000 -1.000000
v -4.000000 7.000000 1.000000
v -4.000000 4.000000 2.000000
v -4.000000 5.000000 3.000000
v -3.000000 7.000000 5.000000
v -4.000000 8.000000 -1.000000
v -4.000000 8.000000 1.000000
v -4.000000 6.000000 3.000000
v -4.000000 9.000000 -1.000000
v -4.000000 9.000000 1.000000
v -2.000000 2.000000 2.000000
v -1.000000 2.000000 2.000000
v -4.000000 10.000000 -1.000000
v -4.000000 10.000000 1.000000
v -1.000000 11.000000 -1.000000
v -1.000000 11.000000 1.000000
v -2.000000 11.000000 1.000000
v -2.000000 11.000000 -1.000000
v -3.000000 11.000000 -1.000000
v -3.000000 11.000000 1.000000
v -4.000000 11.000000 -1.000000
v -4.000000 11.000000 1.000000
v -1.000000 4.000000 -2.000000
v -2.000000 4.000000 -2.000000
v -3.000000 4.000000 -2.000000
v -1.000000 5.000000 -2.000000
v -2.000000 5.000000 -2.000000
v -3.000000 5.000000 -2.000000
v -4.000000 4.000000 -2.000000
v -4.000000 5.000000 -2.000000
v -1.000000 6.000000 -2.000000
v -2.000000 6.000000 -2.000000
v -3.000000 6.000000 -2.000000
v -4.000000 6.000000 -2.000000
v -1.000000 7.000000 -2.000000
v -2.000000 7.000000 -2.000000
v -3.000000 7.000000 -2.000000
v -4.000000 7.000000 -2.000000
v -1.000000 8.000000 -2.000000
v -3.000000 8.000000 -2.000000
v -4.000000 8.000000 -2.000000
v -1.000000 9.000000 -2.000000
v -3.000000 9.000000 -2.000000
v -4.000000 9.000000 -2.000000
v -1.000000 10.000000 -2.000000
v -2.000000 10.000000 -2.000000
v -3.000000 10.000000 -2.000000
v -4.000000 10.000000 -2.000000
v -1.000000 11.000000 -2.000000
v -2.000000 11.000000 -2.000000
v -3.000000 11.000000 -2.000000
v -4.000000 11.000000 -2.000000
v -4.000000 7.000000 2.000000
v -4.000000 8.000000 2.000000
v -4.000000 9.000000 2.000000
v -4.000000 10.000000 2.000000
v -1.000000 11.000000 2.000000
v -2.000000 11.000000 2.000000
v -3.000000 11.000000 2.000000
v -4.000000 11.000000 2.000000
v -4.000000 7.000000 3.000000
v -3.000000 6.000000 5.000000
v -2.000000 1.000000 8.000000
v -3.000000 7.000000 7.000000
v -4.000000 8.000000 3.000000
v -3.000000 4.000000 5.000000
v -1.000000 1.000000 8.000000
v -3.000000 1.000000 8.000000
v -4.000000 9.000000 3.000000
v -3.000000 5.000000 5.000000
v -4.000000 10.000000 3.000000
v -1.000000 11.000000 3.000000
v -2.000000 11.000000 3.000000
v -3.000000 11.000000 3.000000
v -4.000000 11.000000 3.000000
v -1.000000 2.000000 3.000000
v -2.000000 2.000000 3.000000
v -3.000000 2.000000 3.000000
v -3.000000 3.000000 3.000000
v -3.000000 4.000000 4.000000
v -4.000000 4.000000 3.000000
v -3.000000 2.000000 2.000000
v -4.000000 6.500000 -2.000000
v -3.000000 5.000000 4.000000
v -4.000000 4.000000 4.000000
v -4.000000 5.000000 4.000000
v -1.000000 6.500000 -2.000000
v -3.000000 6.000000 4.000000
v -4.000000 6.000000 4.000000
v -3.000000 7.000000 6.000000
v -3.000000 7.000000 4.000000
v -4.000000 7.000000 4.000000
v -3.000000 6.000000 6.000000
v -2.000000 9.000000 6.000000
v -3.000000 8.000000 4.000000
v -4.000000 8.000000 4.000000
v -1.000000 9.000000 4.000000
v -2.000000 9.000000 4.000000
v -3.000000 9.000000 4.000000
v -4.000000 9.000000 4.000000
v -1.000000 10.000000 4.000000
v -2.000000 10.000000 4.000000
v -3.000000 10.000000 4.000000
v -4.000000 10.000000 4.000000
v -1.000000 11.000000 4.000000
v -2.000000 11.000000 4.000000
v -3.000000 11.000000 4.000000
v -4.000000 11.000000 4.000000
v -1.000000 2.000000 4.000000
v -2.000000 2.000000 4.000000
v -3.000000 2.000000 4.000000
v -3.000000 3.000000 4.000000
v -4.000000 4.000000 4.000000
v -3.000000 9.000000 5.000000
v -2.000000 2.000000 5.000000
v -1.000000 2.000000 5.000000
v -3.000000 2.000000 5.000000
v -3.000000 5.000000 7.000000
v -3.000000 6.000000 7.000000
v -3.000000 3.000000 5.000000
v -3.000000 5.000000 6.000000
v -4.000000 6.500000 1.000000
v -3.000000 4.000000 6.000000
v -3.000000 7.000000 8.000000
v -3.000000 6.000000 8.000000
v -2.000000 9.000000 8.000000
v -3.000000 8.000000 6.000000
v -1.000000 9.000000 6.000000
v -3.000000 9.000000 6.000000
v -2.000000 2.000000 6.000000
v -1.000000 2.000000 6.000000
v -3.000000 2.000000 6.000000
v -1.000000 8.000000 8.000000
v -2.000000 8.000000 8.000000
v -3.000000 3.000000 6.000000
v -2.000000 9.000000 7.000000
v -3.000000 6.000000 9.000000
v -3.000000 4.000000 7.000000
v -1.000000 1.000000 7.000000
v -3.000000 1.000000 7.000000
v -3.000000 1.000000 6.000000
v -3.000000 8.000000 7.000000
v -1.000000 9.000000 7.000000
v -3.000000 9.000000 7.000000
v -1.000000 2.000000 7.000000
v -3.000000 2.000000 7.000000
v -1.000000 1.000000 6.000000
v -2.000000 1.000000 6.000000
v -3.000000 3.000000 7.000000
v -3.000000 5.000000 8.000000
v -3.000000 4.000000 8.000000
v -4.000000 6.500000 -1.000000
v -3.000000 8.000000 8.000000
v -1.000000 9.000000 8.000000
v -3.000000 9.000000 8.000000
v -2.000000 2.000000 8.000000
v -1.000000 2.000000 8.000000
v -3.000000 2.000000 8.000000
v -3.000000 6.500000 7.000000
v -3.000000 6.500000 5.000000
v -3.000000 3.000000 8.000000
v -3.000000 5.000000 9.000000
v -2.000000 7.000000 9.000000
v -1.000000 7.000000 9.000000
v -3.000000 7.000000 9.000000
v -1.000000 8.000000 9.000000
v -1.000000 6.000000 9.000000
v -2.000000 6.000000 9.000000
v -2.000000 8.000000 9.000000
v -2.000000 5.000000 9.000000
v -3.000000 4.000000 9.000000
v -1.000000 5.000000 9.000000
v -1.000000 4.000000 9.000000
v -2.000000 4.000000 9.000000
v -3.000000 8.000000 9.000000
v -2.000000 2.000000 9.000000
v -1.000000 2.000000 9.000000
v -3.000000 2.000000 9.000000
v -2.000000 3.000000 9.000000
v -1.000000 3.000000 9.000000
v -3.000000 3.000000 9.000000
v -3.000000 6.500000 -2.000000
v -2.000000 6.500000 -2.000000
v -4.000000 6.500000 2.000000
v -4.000000 6.500000 3.000000
v -3.000000 6.500000 6.000000
v -4.000000 6.500000 4.000000
v -3.000000 6.500000 4.000000
v -3.000000 6.500000 8.000000
v -1.000000 6.500000 9.000000
v -2.000000 6.500000 9.000000
v -3.000000 6.500000 9.000000
v -4.000000 7.500000 -1.000000
v -4.000000 7.500000 1.000000
v -2.000000 7.500000 -2.000000
v -3.000000 7.500000 -2.000000
v -4.000000 7.500000 -2.000000
v -1.000000 7.500000 -2.000000
v -4.000000 7.500000 2.000000
v -4.000000 7.500000 3.000000
v -4.000000 7.500000 4.000000
v -3.000000 7.500000 4.000000
v -3.000000 7.500000 5.000000
v -3.000000 7.500000 6.000000
v -3.000000 7.500000 7.000000
v -3.000000 7.500000 8.000000
v -1.000000 7.500000 9.000000
v -2.000000 7.500000 9.000000
v -3.000000 7.500000 9.000000
v -4.000000 8.500000 -1.000000
v -4.000000 8.500000 1.000000
v -3.000000 8.500000 -2.000000
v -4.000000 8.500000 -2.000000
v -1.000000 8.500000 -2.000000
v -4.000000 8.500000 2.000000
v -4.000000 8.500000 3.000000
v -4.000000 8.500000 4.000000
v -3.000000 8.500000 4.000000
v -3.000000 8.500000 5.000000
v -2.000000 8.500000 8.000000
v -3.000000 8.500000 6.000000
v -3.000000 8.500000 7.000000
v -1.000000 8.500000 8.000000
v -3.000000 8.500000 8.000000
v -4.000000 5.500000 2.000000
v -4.000000 5.500000 1.000000
v -4.000000 5.500000 -1.000000
v -3.000000 5.500000 5.000000
v -4.000000 5.500000 3.000000
v -3.000000 5.500000 7.000000
v -2.000000 5.500000 -2.000000
v -1.000000 5.500000 -2.000000
v -3.000000 5.500000 -2.000000
v -4.000000 5.500000 -2.000000
v -3.000000 5.500000 6.000000
v -3.000000 5.500000 8.000000
v -4.000000 5.500000 4.000000
v -3.000000 5.500000 4.000000
v -3.000000 5.500000 9.000000
v -2.000000 5.500000 9.000000
v -1.000000 5.500000 9.000000
v -4.000000 9.500000 -1.000000
v -4.000000 9.500000 1.000000
v -4.000000 9.500000 -2.000000
v -1.000000 9.500000 -2.000000
v -3.000000 9.500000 -2.000000
v -2.000000 9.500000 -2.000000
v -4.000000 9.500000 2.000000
v -4.000000 9.500000 3.000000
v -1.000000 9.500000 4.000000
v -2.000000 9.500000 4.000000
v -4.000000 9.500000 4.000000
v -3.000000 9.500000 4.000000
v -4.000000 10.500000 1.000000
v -4.000000 10.500000 -1.000000
v -1.000000 10.500000 -2.000000
v -3.000000 10.500000 -2.000000
v -4.000000 10.500000 -2.000000
v -2.000000 10.500000 -2.000000
v -4.000000 10.500000 2.000000
v -4.000000 10.500000 3.000000
v -3.000000 10.500000 4.000000
v -2.000000 10.500000 4.000000
v -4.000000 10.500000 4.000000
v -1.000000 10.500000 4.000000
v -2.500000 2.000000 1.000000
v -2.500000 2.000000 -1.000000
v -2.500000 1.000000 -1.000000
v -2.500000 1.000000 1.000000
v -2.500000 3.000000 -1.000000
v -2.500000 4.000000 -1.000000
v -2.500000 1.000000 8.000000
v -2.500000 2.000000 2.000000
v -2.500000 11.000000 1.000000
v -2.500000 11.000000 -1.000000
v -2.500000 4.000000 -2.000000
v -2.500000 5.000000 -2.000000
v -2.500000 6.000000 -2.000000
v -2.500000 7.000000 -2.000000
v -2.500000 8.000000 -2.000000
v -2.500000 9.000000 -2.000000
v -2.500000 10.000000 -2.000000
v -2.500000 11.000000 -2.000000
v -2.500000 11.000000 2.000000
v -2.500000 11.000000 3.000000
v -2.500000 2.000000 3.000000
v -2.500000 9.000000 4.000000
v -2.500000 10.000000 4.000000
v -2.500000 11.000000 4.000000
v -2.500000 2.000000 4.000000
v -2.500000 9.000000 5.000000
v -2.500000 2.000000 5.000000
v -2.500000 9.000000 6.000000
v -2.500000 2.000000 6.000000
v -2.500000 1.000000 6.000000
v -2.500000 9.000000 7.000000
v -2.500000 8.000000 8.000000
v -2.500000 9.000000 8.000000
v -2.500000 2.000000 8.000000
v -2.500000 7.000000 9.000000
v -2.500000 6.000000 9.000000
v -2.500000 4.000000 9.000000
v -2.500000 5.000000 9.000000
v -2.500000 8.000000 9.000000
v -2.500000 2.000000 9.000000
v -2.500000 3.000000 9.000000
v -2.500000 6.500000 9.000000
v -2.500000 6.500000 -2.000000
v -2.500000 7.500000 9.000000
v -2.500000 7.500000 -2.000000
v -2.500000 8.500000 8.000000
v -2.500000 8.500000 -2.000000
v -2.500000 5.500000 9.000000
v -2.500000 5.500000 -2.000000
v -2.500000 9.500000 4.000000
v -2.500000 9.500000 -2.000000
v -2.500000 10.500000 4.000000
v -2.500000 10.500000 -2.000000
v -1.500000 1.000000 -1.000000
v -1.500000 1.000000 1.000000
v -1.500000 2.000000 -1.000000
v -1.500000 2.000000 1.000000
v -1.500000 3.000000 -1.000000
v -1.500000 4.000000 -1.000000
v -1.500000 1.000000 8.000000
v -1.500000 11.000000 -1.000000
v -1.500000 11.000000 1.000000
v -1.500000 4.000000 -2.000000
v -1.500000 5.000000 -2.000000
v -1.500000 6.000000 -2.000000
v -1.500000 7.000000 -2.000000
v -1.500000 8.000000 -2.000000
v -1.500000 9.000000 -2.000000
v -1.500000 10.000000 -2.000000
v -1.500000 11.000000 -2.000000
v -1.500000 11.000000 2.000000
v -1.500000 11.000000 3.000000
v -1.500000 2.000000 3.000000
v -1.500000 2.000000 2.000000
v -1.500000 9.000000 4.000000
v -1.500000 10.000000 4.000000
v -1.500000 11.000000 4.000000
v -1.500000 2.000000 4.000000
v -1.500000 9.000000 5.000000
v -1.500000 2.000000 5.000000
v -1.500000 8.000000 8.000000
v -1.500000 9.000000 6.000000
v -1.500000 2.000000 6.000000
v -1.500000 1.000000 6.000000
v -1.500000 9.000000 7.000000
v -1.500000 9.000000 8.000000
v -1.500000 2.000000 8.000000
v -1.500000 7.000000 9.000000
v -1.500000 8.000000 9.000000
v -1.500000 6.000000 9.000000
v -1.500000 4.000000 9.000000
v -1.500000 5.000000 9.000000
v -1.500000 2.000000 9.000000
v -1.500000 3.000000 9.000000
v -1.500000 6.500000 9.000000
v -1.500000 6.500000 -2.000000
v -1.500000 7.500000 9.000000
v -1.500000 7.500000 -2.000000
v -1.500000 8.500000 8.000000
v -1.500000 8.500000 -2.000000
v -1.500000 5.500000 9.000000
v -1.500000 5.500000 -2.000000
v -1.500000 9.500000 4.000000
v -1.500000 9.500000 -2.000000
v -1.500000 10.500000 4.000000
v -1.500000 10.500000 -2.000000
v -0.500000 3.000000 -1.000000
v -0.500000 2.000000 -1.000000
v -0.500000 2.000000 1.000000
v -0.500000 4.000000 -1.000000
v -0.500000 11.000000 -1.000000
v -0.500000 11.000000 1.000000
v -0.500000 4.000000 -2.000000
v -0.500000 5.000000 -2.000000
v -2.000000 12.000000 3.000000
v -3.000000 12.000000 2.000000
v -0.500000 8.000000 -2.000000
v -0.500000 9.000000 -2.000000
v -0.500000 10.000000 -2.000000
v -0.500000 11.000000 -2.000000
v -0.500000 11.000000 2.000000
v -0.500000 11.000000 3.000000
v -0.500000 2.000000 3.000000
v -0.500000 2.000000 2.000000
v -0.500000 9.000000 4.000000
v -0.500000 10.000000 4.000000
v -0.500000 11.000000 4.000000
v -0.500000 2.000000 4.000000
v -0.500000 9.000000 5.000000
v -0.500000 2.000000 5.000000
v -0.500000 9.000000 6.000000
v -0.500000 2.000000 6.000000
v -0.500000 9.000000 7.000000
v -0.500000 2.000000 7.000000
v -0.500000 8.000000 8.000000
v -0.500000 9.000000 8.000000
v -0.500000 2.000000 8.000000
v -0.500000 7.000000 9.000000
v -0.500000 6.000000 9.000000
v -0.500000 5.000000 9.000000
v -0.500000 4.000000 9.000000
v -0.500000 8.000000 9.000000
v -0.500000 3.000000 9.000000
v -0.500000 2.000000 9.000000
v -0.500000 6.500000 9.000000
v -3.000000 12.000000 3.000000
v -0.500000 7.500000 9.000000
v -0.500000 7.500000 -2.000000
v -0.500000 8.500000 8.000000
v -0.500000 8.500000 -2.000000
v -0.500000 5.500000 9.000000
v -0.500000 5.500000 -2.000000
v -0.500000 9.500000 4.000000
v -0.500000 9.500000 -2.000000
v -0.500000 10.500000 4.000000
v -0.500000 10.500000 -2.000000
v -4.000000 4.500000 -1.000000
v -4.000000 4.500000 1.000000
v -4.000000 4.500000 2.000000
v -4.000000 4.500000 3.000000
v -1.000000 4.500000 -2.000000
v -2.000000 4.500000 -2.000000
v -3.000000 4.500000 -2.000000
v -4.000000 4.500000 -2.000000
v -3.000000 4.500000 5.000000
v -3.000000 4.500000 4.000000
v -4.000000 4.500000 4.000000
v -3.000000 4.500000 6.000000
v -3.000000 4.500000 7.000000
v -3.000000 4.500000 8.000000
v -3.000000 4.500000 9.000000
v -1.000000 4.500000 9.000000
v -2.000000 4.500000 9.000000
v -2.500000 4.500000 9.000000
v -2.500000 4.500000 -2.000000
v -1.500000 4.500000 9.000000
v -1.500000 4.500000 -2.000000
v -0.500000 4.500000 9.000000
v -0.500000 4.500000 -2.000000
v -3.500000 4.000000 -1.000000
v -3.500000 4.000000 1.000000
v -3.500000 4.000000 3.000000
v -3.500000 11.000000 1.000000
v -3.500000 11.000000 -1.000000
v -3.500000 5.000000 -2.000000
v -3.500000 4.000000 -2.000000
v -3.500000 6.000000 -2.000000
v -3.500000 7.000000 -2.000000
v -3.500000 8.000000 -2.000000
v -3.500000 9.000000 -2.000000
v -3.500000 10.000000 -2.000000
v -3.500000 11.000000 -2.000000
v -3.500000 11.000000 2.000000
v -3.500000 11.000000 3.000000
v -3.500000 5.000000 4.000000
v -3.500000 4.000000 4.000000
v -3.500000 6.000000 4.000000
v -3.500000 7.000000 4.000000
v -3.500000 8.000000 4.000000
v -3.500000 9.000000 4.000000
v -3.500000 10.000000 4.000000
v -3.500000 11.000000 4.000000
v -3.500000 6.500000 4.000000
v -3.500000 6.500000 -2.000000
v -3.500000 7.500000 4.000000
v -3.500000 7.500000 -2.000000
v -3.500000 8.500000 4.000000
v -3.500000 8.500000 -2.000000
v -3.500000 5.500000 4.000000
v -3.500000 5.500000 -2.000000
v -3.500000 9.500000 4.000000
v -3.500000 9.500000 -2.000000
v -3.500000 10.500000 4.000000
v -3.500000 10.500000 -2.000000
v -3.500000 4.500000 4.000000
v -3.500000 4.500000 -2.000000
v -2.000000 12.000000 2.000000
v -4.000000 12.000000 2.000000
v -4.000000 12.000000 3.000000
v -2.500000 12.000000 2.000000
v -3.500000 12.000000 2.000000
v -2.500000 12.000000 3.000000
v -3.500000 12.000000 3.000000
v -1.500000 12.000000 2.000000
v -1.500000 12.000000 3.000000
v -3.000000 13.000000 3.000000
v -3.000000 13.000000 2.000000
v -2.000000 13.000000 3.000000
v -2.000000 13.000000 2.000000
v -4.000000 13.000000 2.000000
v -4.000000 13.000000 3.000000
v -2.500000 13.000000 2.000000
v -3.500000 13.000000 2.000000
v -2.500000 13.000000 3.000000
v -3.500000 13.000000 3.000000
v -1.500000 13.000000 2.000000
v -1.500000 13.000000 3.000000
v -3.500000 13.000000 1.000000
v -3.500000 12.000000 1.000000
v -3.000000 12.000000 1.000000
v -3.000000 13.000000 1.000000
v -2.500000 12.000000 1.000000
v -2.000000 12.000000 1.000000
v -4.000000 12.000000 1.000000
v -1.500000 12.000000 1.000000
v -2.500000 13.000000 1.000000
v -2.000000 13.000000 1.000000
v -4.000000 13.000000 1.000000
v -1.500000 13.000000 1.000000
v -1.000000 0.500000 -1.000000
v -1.000000 0.500000 1.000000
v -2.000000 0.500000 1.000000
v -2.000000 0.500000 -1.000000
v -3.000000 0.500000 1.000000
v -3.000000 0.500000 -1.000000
v -2.500000 0.500000 1.000000
v -2.500000 0.500000 -1.000000
v -1.500000 0.500000 1.000000
v -1.500000 0.500000 -1.000000
v -1.000000 0.500000 8.000000
v -1.000000 0.500000 7.000000
v -2.000000 0.500000 6.000000
v -3.000000 0.500000 6.000000
v -3.000000 0.500000 8.000000
v -3.000000 0.500000 7.000000
v -1.000000 0.500000 6.000000
v -2.000000 0.500000 8.000000
v -2.500000 0.500000 8.000000
v -2.500000 0.500000 6.000000
v -1.500000 0.500000 8.000000
v -1.500000 0.500000 6.000000
v -0.500000 6.500000 9.000000
v -0.500000 5.500000 9.000000
v -0.500000 6.000000 9.000000
vn -0.0000 -0.0000 -1.0000
vn -0.0000 -0.0000 1.0000
vn 1.0000 -0.0000 -0.0000
vn -1.0000 -0.0000 -0.0000
vn -0.0000 1.0000 -0.0000
vn -0.0000 -1.0000 -0.0000
vt 0.500000 0.500000
vt 0.625000 0.500000
vt 0.625000 0.750000
vt 0.500000 0.750000
vt 0.000000 0.000000
vt 0.625000 0.750000
s 0
usemtl PINK
f 727/1/1 506/2/1 1/2/1 721/1/1
f 456/3/2 10/3/2 12/3/2 453/3/2
f 506/2/1 4/2/1 5/2/1 508/2/1
f 10/3/3 9/2/3 11/2/3 12/3/3
f 12/3/3 11/2/3 17/2/3 18/3/3
f 723/1/3 9/2/3 10/3/3 722/4/3
f 508/2/1 5/2/1 13/2/1 510/2/1
f 725/1/1 455/2/1 9/2/1 723/1/1
f 455/2/1 1/2/1 8/2/1 454/2/1
f 507/3/2 2/3/2 7/3/2 509/3/2
f 4/5/4 3/5/4 6/5/4 5/5/4
f 55/3/5 14/3/5 33/3/5 175/3/5
f 21/5/4 22/5/4 30/5/4 29/5/4
f 12/3/3 18/3/3 15/3/3 176/3/3
f 559/2/1 21/2/1 29/2/1 562/2/1
f 454/2/1 8/2/1 16/2/1 457/2/1
f 25/5/4 24/5/4 169/5/4 170/5/4
f 19/5/4 20/5/4 22/5/4 21/5/4
f 559/2/1 560/2/1 19/2/1 21/2/1
f 560/5/6 561/5/6 20/5/6 19/5/6
f 526/3/6 73/3/6 164/3/6 525/3/6
f 609/5/4 610/5/4 35/5/4 34/5/4
f 15/3/3 14/3/3 33/3/3 168/3/3
f 457/2/1 16/2/1 26/2/1 458/2/1
f 30/5/4 22/5/4 25/5/4 65/5/4
f 510/2/1 13/2/1 23/2/1 511/2/1
f 18/3/3 17/2/3 27/2/3 28/3/3
f 478/3/5 42/3/5 194/3/5 480/3/5
f 623/5/4 167/5/4 239/5/4 628/5/4
f 395/3/3 143/3/3 193/3/3 405/3/3
f 582/5/6 225/5/6 245/5/6 584/5/6
f 613/3/3 612/2/3 38/2/3 39/3/3
f 644/6/6 643/2/6 36/2/6 37/3/6
f 531/3/5 31/3/5 241/3/5 534/3/5
f 438/2/3 78/2/3 122/2/3 442/2/3
f 561/5/6 6/5/6 74/5/6 576/5/6
f 513/2/5 83/2/5 124/2/5 522/2/5
f 609/5/4 34/5/4 97/5/4 617/5/4
f 391/5/4 35/5/4 58/5/4 390/5/4
f 392/3/3 393/2/3 46/2/3 47/3/3
f 394/5/4 391/5/4 45/5/4 44/5/4
f 643/2/6 27/2/6 92/2/6 649/2/6
f 272/5/4 45/5/4 43/5/4 321/5/4
f 343/5/4 60/5/4 112/5/4 347/5/4
f 342/3/3 341/2/3 62/2/3 63/3/3
f 564/3/5 87/3/5 139/3/5 573/3/5
f 562/2/6 29/2/6 93/2/6 565/2/6
f 419/5/4 68/5/4 132/5/4 427/5/4
f 342/3/3 63/3/3 131/3/3 349/3/3
f 233/3/3 275/2/3 53/2/3 54/3/3
f 217/5/4 272/5/4 52/5/4 51/5/4
f 418/3/3 79/3/3 135/3/3 426/3/3
f 436/5/4 77/5/4 134/5/4 444/5/4
f 563/2/5 80/2/5 123/2/5 572/2/5
f 367/5/4 366/5/4 68/5/4 67/5/4
f 365/3/3 364/2/3 69/2/3 70/3/3
f 437/3/3 89/3/3 140/3/3 445/3/3
f 394/5/4 44/5/4 103/5/4 404/5/4
f 343/5/4 338/5/4 61/5/4 60/5/4
f 613/3/3 39/3/3 49/3/3 614/3/3
f 610/5/4 30/5/4 65/5/4 616/5/4
f 341/2/3 53/2/3 109/2/3 346/2/3
f 393/2/3 38/2/3 99/2/3 403/2/3
f 458/2/6 26/2/6 91/2/6 463/2/6
f 366/5/4 61/5/4 130/5/4 373/5/4
f 420/5/4 419/5/4 77/5/4 76/5/4
f 418/3/3 417/2/3 78/2/3 79/3/3
f 392/3/3 47/3/3 40/3/3 389/3/3
f 365/3/3 70/3/3 133/3/3 372/3/3
f 367/5/4 67/5/4 116/5/4 370/5/4
f 462/2/5 84/2/5 125/2/5 470/2/5
f 612/2/3 36/2/3 98/2/3 621/2/3
f 461/3/5 82/3/5 137/3/5 471/3/5
f 217/5/4 51/5/4 108/5/4 320/5/4
f 233/3/3 54/3/3 129/3/3 322/3/3
f 509/3/6 7/3/6 73/3/6 526/3/6
f 435/5/4 436/5/4 87/5/4 86/5/4
f 646/3/5 85/3/5 138/3/5 656/3/5
f 275/2/3 46/2/3 104/2/3 177/2/3
f 647/2/5 88/2/5 127/2/5 655/2/5
f 417/2/3 69/2/3 117/2/3 421/2/3
f 514/3/5 81/3/5 136/3/5 523/3/5
f 364/2/3 62/2/3 113/2/3 369/2/3
f 462/2/5 461/3/5 85/3/5 84/2/5
f 513/2/5 514/3/5 82/3/5 83/2/5
f 564/3/5 563/2/5 86/2/5 87/3/5
f 647/2/5 646/3/5 89/3/5 88/2/5
f 435/5/4 86/5/4 126/5/4 439/5/4
f 511/2/6 23/2/6 90/2/6 515/2/6
f 28/3/6 644/6/6 37/3/6 55/3/6 14/3/6
f 420/5/4 76/5/4 121/5/4 422/5/4
f 338/5/4 52/5/4 128/5/4 336/5/4
f 437/3/3 438/2/3 88/2/3 89/3/3
f 642/2/1 617/2/1 97/2/1 566/2/1
f 501/2/1 400/2/1 101/2/1 465/2/1
f 638/2/1 619/2/1 95/2/1 464/2/1
f 640/2/1 618/2/1 94/2/1 516/2/1
f 679/2/1 648/2/1 99/2/1 621/2/1
f 495/2/1 319/2/1 106/2/1 466/2/1
f 548/2/1 184/2/1 105/2/1 518/2/1
f 667/2/1 318/2/1 107/2/1 651/2/1
f 673/2/1 402/2/1 102/2/1 650/2/1
f 600/2/1 347/2/1 112/2/1 569/2/1
f 669/2/1 345/2/1 111/2/1 652/2/1
f 550/2/1 348/2/1 110/2/1 519/2/1
f 602/2/1 370/2/1 116/2/1 570/2/1
f 671/2/1 368/2/1 115/2/1 653/2/1
f 552/2/1 371/2/1 114/2/1 520/2/1
f 608/2/1 439/2/1 126/2/1 572/2/1
f 606/2/1 422/2/1 121/2/1 571/2/1
f 675/2/1 424/2/1 120/2/1 654/2/1
f 556/2/1 423/2/1 118/2/1 521/2/1
f 503/2/1 425/2/1 119/2/1 469/2/1
f 677/2/1 441/2/1 125/2/1 655/2/1
f 558/2/1 440/2/1 123/2/1 522/2/1
f 505/2/1 443/2/1 124/2/1 470/2/1
f 18/3/3 28/3/3 14/3/3 15/3/3
f 373/5/4 130/5/4 146/5/4 375/5/4
f 614/3/3 49/3/3 56/3/3 615/3/3
f 472/3/2 160/3/2 598/3/2 690/3/2
f 372/3/3 133/3/3 152/3/3 374/3/3
f 22/5/4 20/5/4 24/5/4 25/5/4
f 573/3/5 139/3/5 161/3/5 574/3/5
f 444/5/4 134/5/4 156/5/4 446/5/4
f 349/3/3 131/3/3 147/3/3 350/3/3
f 389/3/3 40/3/3 66/3/3 398/3/3
f 524/3/2 159/3/2 567/3/2 693/3/2
f 322/3/3 129/3/3 142/3/3 324/3/3
f 616/5/4 65/5/4 41/5/4 611/5/4
f 523/3/5 136/3/5 158/3/5 524/3/5
f 321/5/4 43/5/4 64/5/4 323/5/4
f 14/3/6 55/3/6 50/3/6 645/6/6 33/3/6
f 427/5/4 132/5/4 151/5/4 429/5/4
f 445/3/3 140/3/3 162/3/3 447/3/3
f 336/5/4 128/5/4 141/5/4 340/5/4
f 426/3/3 135/3/3 157/3/3 428/3/3
f 390/5/4 58/5/4 48/5/4 397/5/4
f 479/3/6 226/3/6 246/3/6 481/3/6
f 429/5/4 151/5/4 201/5/4 433/5/4
f 168/3/3 33/3/3 172/3/3 218/3/3
f 340/5/4 141/5/4 191/5/4 353/5/4
f 447/3/3 162/3/3 212/3/3 451/3/3
f 428/3/3 157/3/3 207/3/3 432/3/3
f 611/5/4 41/5/4 171/5/4 624/5/4
f 41/5/4 170/5/4 220/5/4 171/5/4
f 615/3/3 56/3/3 182/3/3 626/3/3
f 375/5/4 146/5/4 196/5/4 377/5/4
f 165/3/3 168/3/3 218/3/3 215/3/3
f 397/5/4 48/5/4 180/5/4 407/5/4
f 175/3/5 33/3/5 172/3/5 221/3/5
f 657/3/5 160/3/5 210/3/5 665/3/5
f 374/3/3 152/3/3 202/3/3 376/3/3
f 574/3/5 161/3/5 211/3/5 579/3/5
f 446/5/4 156/5/4 206/5/4 449/5/4
f 350/3/3 147/3/3 197/3/3 354/3/3
f 575/5/6 163/5/6 213/5/6 580/5/6
f 398/3/3 66/3/3 187/3/3 408/3/3
f 472/3/5 159/3/5 209/3/5 476/3/5
f 645/6/6 50/3/6 181/3/6 659/3/6
f 324/3/3 142/3/3 192/3/3 329/3/3
f 473/3/6 165/3/6 215/3/6 477/3/6
f 524/3/5 158/3/5 208/3/5 529/3/5
f 525/3/6 164/3/6 214/3/6 530/3/6
f 170/5/4 169/5/4 219/5/4 220/5/4
f 323/5/4 64/5/4 186/5/4 328/5/4
f 576/5/6 74/5/6 163/5/6 575/5/6
f 460/3/6 176/3/6 165/3/6 473/3/6
f 176/3/3 15/3/3 168/3/3 165/3/3
f 453/3/6 12/3/6 176/3/6 460/3/6
f 65/5/4 25/5/4 170/5/4 41/5/4
f 631/3/3 271/3/3 291/3/3 633/3/3
f 474/3/5 199/3/5 42/3/5 478/3/5
f 218/3/3 172/3/3 148/3/3 229/3/3
f 378/3/3 200/3/3 222/3/3 380/3/3
f 527/3/5 198/3/5 31/3/5 531/3/5
f 678/3/2 659/3/2 181/3/2 626/3/2
f 171/5/4 220/5/4 230/5/4 167/5/4
f 672/3/2 408/3/2 187/3/2 660/3/2
f 377/5/4 196/5/4 72/5/4 379/5/4
f 215/3/3 218/3/3 229/3/3 226/3/3
f 407/5/4 180/5/4 155/5/4 396/5/4
f 355/3/3 195/3/3 32/3/3 356/3/3
f 625/3/3 179/3/3 153/3/3 622/3/3
f 666/3/2 329/3/2 192/3/2 661/3/2
f 330/3/3 190/3/3 57/3/3 287/3/3
f 580/5/6 213/5/6 225/5/6 582/5/6
f 668/3/2 354/3/2 197/3/2 662/3/2
f 502/3/2 434/3/2 205/3/2 475/3/2
f 555/3/2 431/3/2 204/3/2 528/3/2
f 477/3/6 215/3/6 226/3/6 479/3/6
f 670/3/2 376/3/2 202/3/2 663/3/2
f 577/3/5 201/3/5 223/3/5 581/3/5
f 676/3/2 451/3/2 212/3/2 665/3/2
f 504/3/2 448/3/2 210/3/2 476/3/2
f 674/3/2 432/3/2 207/3/2 664/3/2
f 605/3/2 430/3/2 203/3/2 578/3/2
f 607/3/2 452/3/2 208/3/2 579/3/2
f 557/3/2 450/3/2 209/3/2 529/3/2
f 624/5/4 171/5/4 167/5/4 623/5/4
f 530/3/6 214/3/6 224/3/6 532/3/6
f 220/5/4 219/5/4 231/5/4 230/5/4
f 353/5/4 191/5/4 71/5/4 337/5/4
f 328/5/4 186/5/4 75/5/4 277/5/4
f 409/3/3 185/3/3 143/3/3 395/3/3
f 356/3/3 32/3/3 240/3/3 357/3/3
f 277/5/4 75/5/4 178/5/4 325/5/4
f 532/3/6 224/3/6 244/3/6 535/3/6
f 230/5/4 231/5/4 251/5/4 250/5/4
f 380/3/3 222/3/3 242/3/3 383/3/3
f 287/3/3 57/3/3 189/3/3 326/3/3
f 379/5/4 72/5/4 173/5/4 382/5/4
f 622/3/3 153/3/3 232/3/3 627/3/3
f 229/3/3 148/3/3 235/3/3 249/3/3
f 396/5/4 155/5/4 234/5/4 410/5/4
f 226/3/3 229/3/3 249/3/3 246/3/3
f 337/5/4 71/5/4 183/5/4 351/5/4
f 167/5/4 230/5/4 250/5/4 239/5/4
f 581/3/5 223/3/5 243/3/5 583/3/5
f 250/5/4 251/5/4 270/5/4 269/5/4
f 383/3/3 242/3/3 262/3/3 385/3/3
f 628/5/4 239/5/4 259/5/4 630/5/4
f 405/3/3 193/3/3 228/3/3 399/3/3
f 382/5/4 173/5/4 166/5/4 384/5/4
f 410/5/4 234/5/4 254/5/4 411/5/4
f 249/3/3 235/3/3 255/3/3 268/3/3
f 351/5/4 183/5/4 154/5/4 339/5/4
f 246/3/3 249/3/3 268/3/3 265/3/3
f 239/5/4 250/5/4 269/5/4 259/5/4
f 583/3/5 243/3/5 263/3/5 585/3/5
f 480/3/5 194/3/5 252/3/5 483/3/5
f 325/5/4 178/5/4 59/5/4 276/5/4
f 584/5/6 245/5/6 264/5/6 586/5/6
f 534/3/5 241/3/5 261/3/5 537/3/5
f 627/3/3 232/3/3 227/3/3 629/3/3
f 539/3/2 284/3/2 149/3/2 512/3/2
f 357/3/3 240/3/3 260/3/3 358/3/3
f 326/3/3 189/3/3 145/3/3 286/3/3
f 284/5/4 264/5/4 256/5/4 149/5/4
f 265/3/3 268/3/3 288/3/3 285/3/3
f 259/5/4 269/5/4 289/5/4 278/5/4
f 585/3/5 263/3/5 282/3/5 588/3/5
f 399/3/3 228/3/3 237/3/3 406/3/3
f 483/3/5 252/3/5 238/3/5 485/3/5
f 586/5/6 264/5/6 284/5/6 589/5/6
f 537/3/5 261/3/5 280/3/5 538/3/5
f 629/3/3 227/3/3 271/3/3 631/3/3
f 535/3/1 244/3/1 267/3/1 536/3/1
f 286/3/3 145/3/3 236/3/3 331/3/3
f 358/3/3 260/3/3 279/3/3 359/3/3
f 276/5/4 59/5/4 188/5/4 327/5/4
f 486/3/2 283/3/2 144/3/2 459/3/2
f 269/5/4 270/5/4 290/5/4 289/5/4
f 385/3/3 262/3/3 281/3/3 388/3/3
f 630/5/4 259/5/4 278/5/4 632/5/4
f 384/5/4 166/5/4 174/5/4 387/5/4
f 339/5/4 154/5/4 216/5/4 352/5/4
f 411/5/4 254/5/4 273/5/4 412/5/4
f 268/3/3 255/3/3 274/3/3 288/3/3
f 486/3/6 285/3/6 312/3/6 492/3/6
f 352/5/4 216/5/4 293/5/4 360/5/4
f 359/3/3 279/3/3 309/3/3 363/3/3
f 539/3/6 283/3/6 310/3/6 545/3/6
f 331/3/3 236/3/3 296/3/3 335/3/3
f 289/5/4 290/5/4 317/5/4 316/5/4
f 406/3/3 237/3/3 253/3/3 413/3/3
f 632/5/4 278/5/4 308/5/4 636/5/4
f 587/3/5 174/3/5 292/3/5 594/3/5
f 484/3/5 248/3/5 301/3/5 491/3/5
f 551/3/2 381/3/2 238/3/2 538/3/2
f 412/5/4 273/5/4 303/5/4 415/5/4
f 498/3/2 388/3/2 281/3/2 485/3/2
f 601/3/2 386/3/2 280/3/2 588/3/2
f 288/3/3 274/3/3 304/3/3 315/3/3
f 285/3/3 288/3/3 315/3/3 312/3/3
f 327/5/4 188/5/4 299/5/4 333/5/4
f 278/5/4 289/5/4 316/5/4 308/5/4
f 533/3/5 247/3/5 297/3/5 541/3/5
f 589/5/6 284/5/6 311/5/6 596/5/6
f 246/3/3 265/3/3 257/3/3 258/3/3
f 265/3/3 285/3/3 150/3/3 257/3/3
f 481/3/1 246/3/1 258/3/1 482/3/1
f 264/5/4 245/5/4 266/5/4 256/5/4
f 500/3/2 413/3/2 253/3/2 488/3/2
f 597/3/2 332/3/2 295/3/2 590/3/2
f 641/3/2 634/3/2 305/3/2 592/3/2
f 637/3/2 633/3/2 291/3/2 490/3/2
f 603/3/2 416/3/2 298/3/2 591/3/2
f 553/3/2 414/3/2 300/3/2 542/3/2
f 639/3/2 635/3/2 302/3/2 544/3/2
f 549/3/2 362/3/2 301/3/2 541/3/2
f 599/3/2 361/3/2 297/3/2 594/3/2
f 547/3/2 334/3/2 294/3/2 540/3/2
f 494/3/2 335/3/2 296/3/2 487/3/2
f 496/3/2 363/3/2 309/3/2 491/3/2
f 546/3/2 313/3/2 307/3/2 543/3/2
f 545/3/2 310/3/2 313/3/2 546/3/2
f 492/3/2 312/3/2 315/3/2 493/3/2
f 596/3/2 595/3/2 316/3/2 317/3/2
f 595/3/2 314/3/2 306/3/2 593/3/2
f 493/3/2 315/3/2 304/3/2 489/3/2
f 488/3/2 253/3/2 335/3/2 494/3/2
f 542/3/2 300/3/2 334/3/2 547/3/2
f 591/3/2 298/3/2 332/3/2 597/3/2
f 216/5/4 327/5/4 333/5/4 293/5/4
f 237/3/3 331/3/3 335/3/3 253/3/3
f 154/5/4 276/5/4 327/5/4 216/5/4
f 228/3/3 286/3/3 331/3/3 237/3/3
f 193/3/3 326/3/3 286/3/3 228/3/3
f 183/5/4 325/5/4 276/5/4 154/5/4
f 143/3/3 287/3/3 326/3/3 193/3/3
f 71/5/4 277/5/4 325/5/4 183/5/4
f 191/5/4 328/5/4 277/5/4 71/5/4
f 185/3/3 330/3/3 287/3/3 143/3/3
f 660/3/2 187/3/2 329/3/2 666/3/2
f 141/5/4 323/5/4 328/5/4 191/5/4
f 66/3/3 324/3/3 329/3/3 187/3/3
f 128/5/4 321/5/4 323/5/4 141/5/4
f 40/3/3 322/3/3 324/3/3 66/3/3
f 103/5/4 320/5/4 682/5/4 680/5/4
f 650/2/1 102/2/1 318/2/1 667/2/1
f 517/2/1 100/2/1 184/2/1 548/2/1
f 465/2/1 101/2/1 319/2/1 495/2/1
f 53/2/3 275/2/3 177/2/3 109/2/3
f 47/3/3 233/3/3 322/3/3 40/3/3
f 44/5/4 217/5/4 320/5/4 103/5/4
f 44/5/4 45/5/4 272/5/4 217/5/4
f 47/3/3 46/2/3 275/2/3 233/3/3
f 52/5/4 272/5/4 321/5/4 128/5/4
f 487/3/2 296/3/2 363/3/2 496/3/2
f 590/3/2 295/3/2 361/3/2 599/3/2
f 540/3/2 294/3/2 362/3/2 549/3/2
f 236/3/3 359/3/3 363/3/3 296/3/3
f 174/5/4 352/5/4 360/5/4 292/5/4
f 166/5/4 339/5/4 352/5/4 174/5/4
f 145/3/3 358/3/3 359/3/3 236/3/3
f 189/3/3 357/3/3 358/3/3 145/3/3
f 173/5/4 351/5/4 339/5/4 166/5/4
f 72/5/4 337/5/4 351/5/4 173/5/4
f 57/3/3 356/3/3 357/3/3 189/3/3
f 196/5/4 353/5/4 337/5/4 72/5/4
f 661/3/2 192/3/2 354/3/2 668/3/2
f 190/3/3 355/3/3 356/3/3 57/3/3
f 142/3/3 350/3/3 354/3/3 192/3/3
f 146/5/4 340/5/4 353/5/4 196/5/4
f 130/5/4 336/5/4 340/5/4 146/5/4
f 129/3/3 349/3/3 350/3/3 142/3/3
f 651/2/1 107/2/1 345/2/1 669/2/1
f 466/2/1 106/2/1 344/2/1 497/2/1
f 61/5/4 338/5/4 336/5/4 130/5/4
f 62/2/3 341/2/3 346/2/3 113/2/3
f 51/5/4 52/5/4 338/5/4 343/5/4
f 54/3/3 342/3/3 349/3/3 129/3/3
f 54/3/3 53/2/3 341/2/3 342/3/3
f 51/5/4 343/5/4 347/5/4 108/5/4
f 587/3/2 247/3/2 386/3/2 601/3/2
f 484/3/2 279/3/2 388/3/2 498/3/2
f 533/3/2 248/3/2 381/3/2 551/3/2
f 263/5/4 384/5/4 387/5/4 282/5/4
f 260/3/3 385/3/3 388/3/3 279/3/3
f 243/5/4 382/5/4 384/5/4 263/5/4
f 240/3/3 383/3/3 385/3/3 260/3/3
f 223/5/4 379/5/4 382/5/4 243/5/4
f 32/3/3 380/3/3 383/3/3 240/3/3
f 662/3/2 197/3/2 376/3/2 670/3/2
f 201/5/4 377/5/4 379/5/4 223/5/4
f 195/3/3 378/3/3 380/3/3 32/3/3
f 147/3/3 374/3/3 376/3/3 197/3/3
f 151/5/4 375/5/4 377/5/4 201/5/4
f 131/3/3 372/3/3 374/3/3 147/3/3
f 132/5/4 373/5/4 375/5/4 151/5/4
f 519/2/1 110/2/1 371/2/1 552/2/1
f 652/2/1 111/2/1 368/2/1 671/2/1
f 569/2/1 112/2/1 370/2/1 602/2/1
f 69/2/3 364/2/3 369/2/3 117/2/3
f 60/5/4 367/5/4 370/5/4 112/5/4
f 63/3/3 365/3/3 372/3/3 131/3/3
f 68/5/4 366/5/4 373/5/4 132/5/4
f 63/3/3 62/2/3 364/2/3 365/3/3
f 60/5/4 61/5/4 366/5/4 367/5/4
f 544/3/2 302/3/2 414/3/2 553/3/2
f 592/3/2 305/3/2 416/3/2 603/3/2
f 490/3/2 291/3/2 413/3/2 500/3/2
f 188/5/4 412/5/4 415/5/4 299/5/4
f 271/3/3 406/3/3 413/3/3 291/3/3
f 59/5/4 411/5/4 412/5/4 188/5/4
f 227/3/3 399/3/3 406/3/3 271/3/3
f 178/5/4 410/5/4 411/5/4 59/5/4
f 232/3/3 405/3/3 399/3/3 227/3/3
f 75/5/4 396/5/4 410/5/4 178/5/4
f 179/3/3 409/3/3 395/3/3 153/3/3
f 186/5/4 407/5/4 396/5/4 75/5/4
f 658/3/2 182/3/2 408/3/2 672/3/2
f 56/3/3 398/3/3 408/3/3 182/3/3
f 64/5/4 397/5/4 407/5/4 186/5/4
f 43/5/4 390/5/4 397/5/4 64/5/4
f 49/3/3 389/3/3 398/3/3 56/3/3
f 566/2/1 97/2/1 404/2/1 604/2/1
f 648/2/1 96/2/1 402/2/1 673/2/1
f 516/2/1 94/2/1 401/2/1 554/2/1
f 464/2/1 95/2/1 400/2/1 501/2/1
f 39/3/3 392/3/3 389/3/3 49/3/3
f 46/2/3 393/2/3 403/2/3 104/2/3
f 34/5/4 394/5/4 404/5/4 97/5/4
f 34/5/4 35/5/4 391/5/4 394/5/4
f 39/3/3 38/2/3 393/2/3 392/3/3
f 45/5/4 391/5/4 390/5/4 43/5/4
f 153/3/3 395/3/3 405/3/3 232/3/3
f 577/3/2 198/3/2 430/3/2 605/3/2
f 663/3/2 202/3/2 432/3/2 674/3/2
f 527/3/2 199/3/2 431/3/2 555/3/2
f 474/3/2 200/3/2 434/3/2 502/3/2
f 152/3/3 428/3/3 432/3/3 202/3/3
f 156/5/4 429/5/4 433/5/4 206/5/4
f 133/3/3 426/3/3 428/3/3 152/3/3
f 134/5/4 427/5/4 429/5/4 156/5/4
f 520/2/1 114/2/1 423/2/1 556/2/1
f 653/2/1 115/2/1 424/2/1 675/2/1
f 570/2/1 116/2/1 422/2/1 606/2/1
f 67/5/4 420/5/4 422/5/4 116/5/4
f 78/2/3 417/2/3 421/2/3 122/2/3
f 70/3/3 69/2/3 417/2/3 418/3/3
f 67/5/4 68/5/4 419/5/4 420/5/4
f 70/3/3 418/3/3 426/3/3 133/3/3
f 77/5/4 419/5/4 427/5/4 134/5/4
f 528/3/2 204/3/2 450/3/2 557/3/2
f 578/3/2 203/3/2 452/3/2 607/3/2
f 475/3/2 205/3/2 448/3/2 504/3/2
f 664/3/2 207/3/2 451/3/2 676/3/2
f 161/5/4 446/5/4 449/5/4 211/5/4
f 157/3/3 447/3/3 451/3/3 207/3/3
f 135/3/3 445/3/3 447/3/3 157/3/3
f 139/5/4 444/5/4 446/5/4 161/5/4
f 469/2/1 119/2/1 443/2/1 505/2/1
f 521/2/1 118/2/1 440/2/1 558/2/1
f 654/2/1 120/2/1 441/2/1 677/2/1
f 571/2/1 121/2/1 439/2/1 608/2/1
f 79/3/3 78/2/3 438/2/3 437/3/3
f 76/5/4 435/5/4 439/5/4 121/5/4
f 76/5/4 77/5/4 436/5/4 435/5/4
f 79/3/3 437/3/3 445/3/3 135/3/3
f 87/5/4 436/5/4 444/5/4 139/5/4
f 88/2/3 438/2/3 442/2/3 127/2/3
f 120/2/1 469/2/1 505/2/1 441/2/1
f 204/3/2 475/3/2 504/3/2 450/3/2
f 115/2/1 468/2/1 503/2/1 424/2/1
f 199/3/2 474/3/2 502/3/2 431/3/2
f 96/2/1 464/2/1 501/2/1 402/2/1
f 302/3/2 490/3/2 500/3/2 414/3/2
f 111/2/1 467/2/1 499/2/1 368/2/1
f 248/3/2 484/3/2 498/3/2 381/3/2
f 107/2/1 466/2/1 497/2/1 345/2/1
f 294/3/2 487/3/2 496/3/2 362/3/2
f 102/2/1 465/2/1 495/2/1 318/2/1
f 300/3/2 488/3/2 494/3/2 334/3/2
f 313/3/2 493/3/2 489/3/2 307/3/2
f 310/3/2 492/3/2 493/3/2 313/3/2
f 362/3/2 496/3/2 491/3/2 301/3/2
f 334/3/2 494/3/2 487/3/2 294/3/2
f 635/3/2 637/3/2 490/3/2 302/3/2
f 414/3/2 500/3/2 488/3/2 300/3/2
f 244/3/1 481/3/1 482/3/1 267/3/1
f 381/3/2 498/3/2 485/3/2 238/3/2
f 279/3/5 484/3/5 491/3/5 309/3/5
f 283/3/6 486/3/6 492/3/6 310/3/6
f 285/3/2 486/3/2 459/3/2 150/3/2
f 262/3/5 483/3/5 485/3/5 281/3/5
f 242/3/5 480/3/5 483/3/5 262/3/5
f 450/3/2 504/3/2 476/3/2 209/3/2
f 214/3/6 477/3/6 479/3/6 224/3/6
f 431/3/2 502/3/2 475/3/2 204/3/2
f 200/3/5 474/3/5 478/3/5 222/3/5
f 7/3/6 453/3/6 460/3/6 73/3/6
f 73/3/6 460/3/6 473/3/6 164/3/6
f 164/3/6 473/3/6 477/3/6 214/3/6
f 160/3/5 472/3/5 476/3/5 210/3/5
f 224/3/6 479/3/6 481/3/6 244/3/6
f 441/2/1 505/2/1 470/2/1 125/2/1
f 424/2/1 503/2/1 469/2/1 120/2/1
f 368/2/1 499/2/1 468/2/1 115/2/1
f 345/2/1 497/2/1 467/2/1 111/2/1
f 318/2/1 495/2/1 466/2/1 107/2/1
f 620/2/1 638/2/1 464/2/1 96/2/1
f 402/2/1 501/2/1 465/2/1 102/2/1
f 83/2/5 82/3/5 461/3/5 462/2/5
f 85/3/5 461/3/5 471/3/5 138/3/5
f 83/2/5 462/2/5 470/2/5 124/2/5
f 27/2/6 458/2/6 463/2/6 92/2/6
f 222/3/5 478/3/5 480/3/5 242/3/5
f 17/2/1 457/2/1 458/2/1 27/2/1
f 11/2/1 454/2/1 457/2/1 17/2/1
f 9/2/1 455/2/1 454/2/1 11/2/1
f 721/1/1 1/2/1 455/2/1 725/1/1
f 2/3/2 456/3/2 453/3/2 7/3/2
f 119/2/1 521/2/1 558/2/1 443/2/1
f 203/3/2 528/3/2 557/3/2 452/3/2
f 198/3/2 527/3/2 555/3/2 430/3/2
f 95/2/1 516/2/1 554/2/1 400/2/1
f 305/3/2 544/3/2 553/3/2 416/3/2
f 247/3/2 533/3/2 551/3/2 386/3/2
f 295/3/2 540/3/2 549/3/2 361/3/2
f 298/3/2 542/3/2 547/3/2 332/3/2
f 311/3/2 545/3/2 546/3/2 314/3/2
f 314/3/2 546/3/2 543/3/2 306/3/2
f 332/3/2 547/3/2 540/3/2 295/3/2
f 361/3/2 549/3/2 541/3/2 297/3/2
f 634/3/2 639/3/2 544/3/2 305/3/2
f 416/3/2 553/3/2 542/3/2 298/3/2
f 248/3/5 533/3/5 541/3/5 301/3/5
f 386/3/2 551/3/2 538/3/2 280/3/2
f 284/3/6 539/3/6 545/3/6 311/3/6
f 245/3/1 535/3/1 536/3/1 266/3/1
f 252/3/5 537/3/5 538/3/5 238/3/5
f 283/3/2 539/3/2 512/3/2 144/3/2
f 194/3/5 534/3/5 537/3/5 252/3/5
f 225/3/6 532/3/6 535/3/6 245/3/6
f 213/3/6 530/3/6 532/3/6 225/3/6
f 452/3/2 557/3/2 529/3/2 208/3/2
f 430/3/2 555/3/2 528/3/2 203/3/2
f 199/3/5 527/3/5 531/3/5 42/3/5
f 163/3/6 525/3/6 530/3/6 213/3/6
f 159/3/5 524/3/5 529/3/5 209/3/5
f 159/3/2 472/3/2 690/3/2 567/3/2
f 443/2/1 558/2/1 522/2/1 124/2/1
f 425/2/1 556/2/1 521/2/1 119/2/1
f 619/2/1 640/2/1 516/2/1 95/2/1
f 26/2/6 511/2/6 515/2/6 91/2/6
f 80/2/5 81/3/5 514/3/5 513/2/5
f 82/3/5 514/3/5 523/3/5 137/3/5
f 6/3/6 509/3/6 526/3/6 74/3/6
f 80/2/5 513/2/5 522/2/5 123/2/5
f 42/3/5 531/3/5 534/3/5 194/3/5
f 16/2/1 510/2/1 511/2/1 26/2/1
f 74/3/6 526/3/6 525/3/6 163/3/6
f 3/3/2 507/3/2 509/3/2 6/3/2
f 8/2/1 508/2/1 510/2/1 16/2/1
f 1/2/1 506/2/1 508/2/1 8/2/1
f 718/1/1 4/2/1 506/2/1 727/1/1
f 118/2/1 571/2/1 608/2/1 440/2/1
f 206/3/2 578/3/2 607/3/2 449/3/2
f 114/2/1 570/2/1 606/2/1 423/2/1
f 201/3/2 577/3/2 605/3/2 433/3/2
f 94/2/1 566/2/1 604/2/1 401/2/1
f 303/3/2 592/3/2 603/3/2 415/3/2
f 110/2/1 569/2/1 602/2/1 371/2/1
f 174/3/2 587/3/2 601/3/2 387/3/2
f 293/3/2 590/3/2 599/3/2 360/3/2
f 404/5/4 103/5/4 680/5/4 684/5/4
f 597/3/5 333/3/5 740/3/5 742/3/5
f 316/3/2 595/3/2 593/3/2 308/3/2
f 311/3/2 314/3/2 595/3/2 596/3/2
f 360/3/2 599/3/2 594/3/2 292/3/2
f 415/3/5 603/3/5 744/3/5 743/3/5
f 636/3/2 641/3/2 592/3/2 303/3/2
f 333/3/2 597/3/2 590/3/2 293/3/2
f 290/5/6 589/5/6 596/5/6 317/5/6
f 387/3/2 601/3/2 588/3/2 282/3/2
f 247/3/5 587/3/5 594/3/5 297/3/5
f 270/5/6 586/5/6 589/5/6 290/5/6
f 261/3/5 585/3/5 588/3/5 280/3/5
f 251/5/6 584/5/6 586/5/6 270/5/6
f 241/3/5 583/3/5 585/3/5 261/3/5
f 31/3/5 581/3/5 583/3/5 241/3/5
f 449/3/2 607/3/2 579/3/2 211/3/2
f 433/3/2 605/3/2 578/3/2 206/3/2
f 198/3/5 577/3/5 581/3/5 31/3/5
f 219/5/6 580/5/6 582/5/6 231/5/6
f 24/5/6 576/5/6 575/5/6 169/5/6
f 169/5/6 575/5/6 580/5/6 219/5/6
f 158/3/5 574/3/5 579/3/5 208/3/5
f 136/3/5 573/3/5 574/3/5 158/3/5
f 423/2/1 606/2/1 571/2/1 118/2/1
f 440/2/1 608/2/1 572/2/1 123/2/1
f 371/2/1 602/2/1 570/2/1 114/2/1
f 348/2/1 600/2/1 569/2/1 110/2/1
f 618/2/1 642/2/1 566/2/1 94/2/1
f 81/3/5 80/2/5 563/2/5 564/3/5
f 86/2/5 563/2/5 572/2/5 126/2/5
f 23/2/6 562/2/6 565/2/6 90/2/6
f 81/3/5 564/3/5 573/3/5 136/3/5
f 20/5/6 561/5/6 576/5/6 24/5/6
f 231/5/6 582/5/6 584/5/6 251/5/6
f 5/5/6 6/5/6 561/5/6 560/5/6
f 13/2/1 5/2/1 560/2/1 559/2/1
f 13/2/1 559/2/1 562/2/1 23/2/1
f 90/2/1 565/2/1 642/2/1 618/2/1
f 308/3/2 593/3/2 641/3/2 636/3/2
f 91/2/1 515/2/1 640/2/1 619/2/1
f 306/3/2 543/3/2 639/3/2 634/3/2
f 92/2/1 463/2/1 638/2/1 620/2/1
f 307/3/2 489/3/2 637/3/2 635/3/2
f 543/3/2 307/3/2 635/3/2 639/3/2
f 489/3/2 304/3/2 633/3/2 637/3/2
f 593/3/2 306/3/2 634/3/2 641/3/2
f 273/5/4 632/5/4 636/5/4 303/5/4
f 254/5/4 630/5/4 632/5/4 273/5/4
f 255/3/3 629/3/3 631/3/3 274/3/3
f 235/3/3 627/3/3 629/3/3 255/3/3
f 234/5/4 628/5/4 630/5/4 254/5/4
f 148/3/3 622/3/3 627/3/3 235/3/3
f 180/5/4 624/5/4 623/5/4 155/5/4
f 172/3/3 625/3/3 622/3/3 148/3/3
f 658/3/2 678/3/2 626/3/2 182/3/2
f 274/3/3 631/3/3 633/3/3 304/3/3
f 50/3/3 615/3/3 626/3/3 181/3/3
f 48/5/4 611/5/4 624/5/4 180/5/4
f 58/5/4 616/5/4 611/5/4 48/5/4
f 55/3/3 614/3/3 615/3/3 50/3/3
f 649/2/1 679/2/1 621/2/1 98/2/1
f 515/2/1 90/2/1 618/2/1 640/2/1
f 463/2/1 91/2/1 619/2/1 638/2/1
f 565/2/1 93/2/1 617/2/1 642/2/1
f 38/2/3 612/2/3 621/2/3 99/2/3
f 35/5/4 610/5/4 616/5/4 58/5/4
f 37/3/3 613/3/3 614/3/3 55/3/3
f 29/5/4 609/5/4 617/5/4 93/5/4
f 37/3/3 36/2/3 612/2/3 613/3/3
f 155/5/4 623/5/4 628/5/4 234/5/4
f 29/5/4 30/5/4 610/5/4 609/5/4
f 92/2/1 620/2/1 679/2/1 649/2/1
f 179/3/2 625/3/2 678/3/2 658/3/2
f 122/2/1 654/2/1 677/2/1 442/2/1
f 205/3/2 664/3/2 676/3/2 448/3/2
f 117/2/1 653/2/1 675/2/1 421/2/1
f 200/3/2 663/3/2 674/3/2 434/3/2
f 99/2/1 648/2/1 673/2/1 403/2/1
f 179/3/2 658/3/2 672/3/2 409/3/2
f 113/2/1 652/2/1 671/2/1 369/2/1
f 195/3/2 662/3/2 670/3/2 378/3/2
f 109/2/1 651/2/1 669/2/1 346/2/1
f 190/3/2 661/3/2 668/3/2 355/3/2
f 104/2/1 650/2/1 667/2/1 177/2/1
f 185/3/2 660/3/2 666/3/2 330/3/2
f 434/3/2 674/3/2 664/3/2 205/3/2
f 448/3/2 676/3/2 665/3/2 210/3/2
f 378/3/2 670/3/2 663/3/2 200/3/2
f 355/3/2 668/3/2 662/3/2 195/3/2
f 330/3/2 666/3/2 661/3/2 190/3/2
f 409/3/2 672/3/2 660/3/2 185/3/2
f 625/3/2 172/3/2 659/3/2 678/3/2
f 33/3/6 645/6/6 659/3/6 172/3/6
f 162/3/5 657/3/5 665/3/5 212/3/5
f 442/2/1 677/2/1 655/2/1 127/2/1
f 421/2/1 675/2/1 654/2/1 122/2/1
f 369/2/1 671/2/1 653/2/1 117/2/1
f 346/2/1 669/2/1 652/2/1 113/2/1
f 403/2/1 673/2/1 650/2/1 104/2/1
f 177/2/1 667/2/1 651/2/1 109/2/1
f 620/2/1 96/2/1 648/2/1 679/2/1
f 84/2/5 85/3/5 646/3/5 647/2/5
f 84/2/5 647/2/5 655/2/5 125/2/5
f 89/3/5 646/3/5 656/3/5 140/3/5
f 36/2/6 643/2/6 649/2/6 98/2/6
f 28/3/6 27/2/6 643/2/6 644/6/6
f 108/5/4 347/5/4 683/5/4 681/5/4
f 320/5/4 108/5/4 681/5/4 682/5/4
f 3/3/4 4/2/4 718/1/4 719/4/4
f 685/3/6 692/3/6 713/3/6 711/3/6
f 698/3/3 686/3/3 712/3/3 716/3/3
f 688/3/6 685/3/6 711/3/6 710/3/6
f 695/3/5 701/3/5 706/3/5 709/3/5
f 691/3/2 687/3/2 699/3/2 703/3/2
f 162/3/3 140/3/3 686/3/3 687/3/3
f 523/3/4 524/3/4 693/3/4 692/3/4
f 657/3/2 162/3/2 687/3/2 691/3/2
f 140/3/1 656/3/1 689/3/1 686/3/1
f 137/3/1 523/3/1 692/3/1 685/3/1
f 160/3/2 657/3/2 691/3/2 598/3/2
f 701/3/5 695/3/5 694/3/5 703/3/5
f 700/3/5 697/3/5 696/3/5 702/3/5
f 695/3/5 700/3/5 702/3/5 694/3/5
f 697/3/5 704/3/5 705/3/5 696/3/5
f 698/3/5 701/3/5 703/3/5 699/3/5
f 598/3/2 691/3/2 703/3/2 694/3/2
f 689/3/6 568/3/6 708/3/6 707/3/6
f 693/3/2 567/3/2 696/3/2 705/3/2
f 690/3/2 598/3/2 694/3/2 702/3/2
f 567/3/2 690/3/2 702/3/2 696/3/2
f 692/3/4 693/3/4 705/3/4 704/3/4
f 687/3/3 686/3/3 698/3/3 699/3/3
f 708/3/1 710/3/1 714/3/1 709/3/1
f 711/3/1 713/3/1 717/3/1 715/3/1
f 710/3/1 711/3/1 715/3/1 714/3/1
f 707/3/1 708/3/1 709/3/1 706/3/1
f 712/3/1 707/3/1 706/3/1 716/3/1
f 697/3/5 700/3/5 714/3/5 715/3/5
f 704/3/5 697/3/5 715/3/5 717/3/5
f 568/3/6 688/3/6 710/3/6 708/3/6
f 700/3/5 695/3/5 709/3/5 714/3/5
f 686/3/6 689/3/6 707/3/6 712/3/6
f 701/3/5 698/3/5 716/3/5 706/3/5
f 692/3/4 704/3/4 717/3/4 713/3/4
f 3/3/2 719/4/2 726/4/2 507/3/2
f 2/3/2 720/4/2 724/4/2 456/3/2
f 456/3/2 724/4/2 722/4/2 10/3/2
f 507/3/2 726/4/2 720/4/2 2/3/2
f 266/3/1 536/3/1 739/3/1 734/3/1
f 144/3/2 512/3/2 738/3/2 735/3/2
f 267/3/1 482/3/1 737/3/1 730/3/1
f 150/3/2 459/3/2 736/3/2 732/3/2
f 459/3/2 144/3/2 735/3/2 736/3/2
f 256/5/4 266/5/4 734/5/4 729/5/4
f 512/3/2 149/3/2 728/3/2 738/3/2
f 258/3/3 257/3/3 733/3/3 731/3/3
f 482/3/1 258/3/1 731/3/1 737/3/1
f 149/5/4 256/5/4 729/5/4 728/5/4
f 257/3/3 150/3/3 732/3/3 733/3/3
f 536/3/1 267/3/1 730/3/1 739/3/1
f 333/5/5 299/5/5 741/5/5 740/5/5
f 603/3/5 591/3/5 745/3/5 744/3/5
f 299/5/5 415/5/5 743/5/5 741/5/5
f 591/3/5 597/3/5 742/3/5 745/3/5
f 740/3/2 741/5/2 745/3/2 742/3/2
f 741/5/2 743/3/2 744/3/2 745/3/2
f 1304/1/1 1298/1/1 746/2/1 1099/2/1
f 1049/3/2 1046/3/2 757/3/2 755/3/2
f 1099/2/1 1101/2/1 750/2/1 749/2/1
f 755/3/4 757/3/4 756/2/4 754/2/4
f 757/3/4 763/3/4 762/2/4 756/2/4
f 1300/1/4 1299/4/4 755/3/4 754/2/4
f 1101/2/1 1103/2/1 758/2/1 750/2/1
f 1302/1/1 1300/1/1 754/2/1 1048/2/1
f 1048/2/1 1047/2/1 753/2/1 746/2/1
f 1100/3/2 1102/3/2 752/3/2 747/3/2
f 749/5/3 750/5/3 751/5/3 748/5/3
f 783/3/5 861/3/5 770/3/5 759/3/5
f 757/3/4 862/3/4 760/3/4 763/3/4
f 1152/2/1 1155/2/1 29/2/1 21/2/1
f 1047/2/1 1050/2/1 761/2/1 753/2/1
f 1152/2/1 21/2/1 19/2/1 1153/2/1
f 1153/5/6 19/5/6 20/5/6 1154/5/6
f 1119/3/6 1118/3/6 857/3/6 791/3/6
f 760/3/4 859/3/4 770/3/4 759/3/4
f 1050/2/1 1051/2/1 765/2/1 761/2/1
f 1103/2/1 1104/2/1 764/2/1 758/2/1
f 763/3/4 767/3/4 766/2/4 762/2/4
f 1071/3/5 1073/3/5 874/3/5 776/3/5
f 1008/3/4 1015/3/4 873/3/4 842/3/4
f 1175/5/6 1177/5/6 911/5/6 896/5/6
f 1203/3/4 774/3/4 773/2/4 1202/2/4
f 1226/6/6 772/3/6 771/2/6 1225/2/6
f 1124/3/5 1127/3/5 908/3/5 768/3/5
f 1035/2/4 1038/2/4 828/2/4 793/2/4
f 1154/5/6 1169/5/6 792/5/6 751/5/6
f 1106/2/5 1115/2/5 830/2/5 798/2/5
f 1006/3/4 778/3/4 777/2/4 1007/2/4
f 1225/2/6 1231/2/6 805/2/6 766/2/6
f 974/3/4 787/3/4 786/2/4 973/2/4
f 1157/3/5 1166/3/5 139/3/5 87/3/5
f 1155/2/6 1158/2/6 93/2/6 29/2/6
f 974/3/4 979/3/4 834/3/4 787/3/4
f 902/3/4 782/3/4 781/2/4 932/2/4
f 1023/3/4 1028/3/4 836/3/4 794/3/4
f 1156/2/5 1165/2/5 829/2/5 795/2/5
f 991/3/4 790/3/4 789/2/4 990/2/4
f 1034/3/4 1040/3/4 840/3/4 802/3/4
f 1203/3/4 1204/3/4 779/3/4 774/3/4
f 973/2/4 977/2/4 818/2/4 781/2/4
f 1007/2/4 1014/2/4 810/2/4 773/2/4
f 1051/2/6 1056/2/6 804/2/6 765/2/6
f 1023/3/4 794/3/4 793/2/4 1022/2/4
f 1006/3/4 1005/3/4 775/3/4 778/3/4
f 991/3/4 995/3/4 835/3/4 790/3/4
f 1055/2/5 1063/2/5 831/2/5 799/2/5
f 1202/2/4 1209/2/4 809/2/4 771/2/4
f 1054/3/5 1064/3/5 838/3/5 797/3/5
f 902/3/4 964/3/4 833/3/4 782/3/4
f 1102/3/6 1119/3/6 791/3/6 752/3/6
f 1228/3/5 1238/3/5 839/3/5 800/3/5
f 932/2/4 863/2/4 814/2/4 777/2/4
f 1229/2/5 1237/2/5 832/2/5 801/2/5
f 1022/2/4 1024/2/4 824/2/4 789/2/4
f 1107/3/5 1116/3/5 837/3/5 796/3/5
f 990/2/4 993/2/4 821/2/4 786/2/4
f 1055/2/5 799/2/5 800/3/5 1054/3/5
f 1106/2/5 798/2/5 797/3/5 1107/3/5
f 1157/3/5 87/3/5 86/2/5 1156/2/5
f 1229/2/5 801/2/5 802/3/5 1228/3/5
f 1104/2/6 1108/2/6 803/2/6 764/2/6
f 767/3/6 759/3/6 783/3/6 772/3/6 1226/6/6
f 1034/3/4 802/3/4 801/2/4 1035/2/4
f 1224/2/1 1159/2/1 97/2/1 617/2/1
f 1094/2/1 1058/2/1 812/2/1 1011/2/1
f 1220/2/1 1057/2/1 807/2/1 1207/2/1
f 1222/2/1 1109/2/1 806/2/1 1206/2/1
f 1261/2/1 1209/2/1 810/2/1 1230/2/1
f 1088/2/1 1059/2/1 816/2/1 963/2/1
f 1141/2/1 1111/2/1 815/2/1 867/2/1
f 1249/2/1 1233/2/1 817/2/1 962/2/1
f 1255/2/1 1232/2/1 813/2/1 1013/2/1
f 1193/2/1 1162/2/1 112/2/1 347/2/1
f 1251/2/1 1234/2/1 820/2/1 976/2/1
f 1143/2/1 1112/2/1 819/2/1 978/2/1
f 1195/2/1 1163/2/1 116/2/1 370/2/1
f 1253/2/1 1235/2/1 823/2/1 992/2/1
f 1145/2/1 1113/2/1 822/2/1 994/2/1
f 1201/2/1 1165/2/1 126/2/1 439/2/1
f 1199/2/1 1164/2/1 121/2/1 422/2/1
f 1257/2/1 1236/2/1 827/2/1 1026/2/1
f 1149/2/1 1114/2/1 825/2/1 1025/2/1
f 1096/2/1 1062/2/1 826/2/1 1027/2/1
f 1259/2/1 1237/2/1 831/2/1 1037/2/1
f 1151/2/1 1115/2/1 829/2/1 1036/2/1
f 1098/2/1 1063/2/1 830/2/1 1039/2/1
f 763/3/4 760/3/4 759/3/4 767/3/4
f 1204/3/4 1205/3/4 784/3/4 779/3/4
f 1065/3/2 1267/3/2 1191/3/2 854/3/2
f 995/3/4 996/3/4 849/3/4 835/3/4
f 1166/3/5 1167/3/5 161/3/5 139/3/5
f 979/3/4 980/3/4 845/3/4 834/3/4
f 1005/3/4 1009/3/4 788/3/4 775/3/4
f 1117/3/2 1270/3/2 1160/3/2 853/3/2
f 964/3/4 965/3/4 841/3/4 833/3/4
f 1116/3/5 1117/3/5 852/3/5 837/3/5
f 759/3/6 770/3/6 1227/6/6 780/3/6 783/3/6
f 1040/3/4 1041/3/4 855/3/4 840/3/4
f 1028/3/4 1029/3/4 851/3/4 836/3/4
f 1072/3/6 1074/3/6 912/3/6 897/3/6
f 859/3/4 892/3/4 860/3/4 770/3/4
f 1041/3/4 1044/3/4 888/3/4 855/3/4
f 1029/3/4 1032/3/4 884/3/4 851/3/4
f 1205/3/4 1212/3/4 866/3/4 784/3/4
f 858/3/4 891/3/4 892/3/4 859/3/4
f 861/3/5 893/3/5 860/3/5 770/3/5
f 1239/3/5 1247/3/5 887/3/5 854/3/5
f 996/3/4 997/3/4 880/3/4 849/3/4
f 1167/3/5 1172/3/5 211/3/5 161/3/5
f 980/3/4 981/3/4 876/3/4 845/3/4
f 1168/5/6 1173/5/6 889/5/6 856/5/6
f 1009/3/4 1017/3/4 869/3/4 788/3/4
f 1065/3/5 1069/3/5 886/3/5 853/3/5
f 1227/6/6 1241/3/6 865/3/6 780/3/6
f 965/3/4 967/3/4 872/3/4 841/3/4
f 1066/3/6 1070/3/6 891/3/6 858/3/6
f 1117/3/5 1122/3/5 885/3/5 852/3/5
f 1118/3/6 1123/3/6 890/3/6 857/3/6
f 1169/5/6 1168/5/6 856/5/6 792/5/6
f 1053/3/6 1066/3/6 858/3/6 862/3/6
f 862/3/4 858/3/4 859/3/4 760/3/4
f 1046/3/6 1053/3/6 862/3/6 757/3/6
f 1215/3/4 1216/3/4 942/3/4 930/3/4
f 1067/3/5 1071/3/5 776/3/5 878/3/5
f 892/3/4 900/3/4 846/3/4 860/3/4
f 998/3/4 999/3/4 894/3/4 879/3/4
f 1120/3/5 1124/3/5 768/3/5 877/3/5
f 1260/3/2 1212/3/2 865/3/2 1241/3/2
f 1254/3/2 1242/3/2 869/3/2 1017/3/2
f 891/3/4 897/3/4 900/3/4 892/3/4
f 982/3/4 983/3/4 769/3/4 875/3/4
f 1211/3/4 1210/3/4 850/3/4 864/3/4
f 1248/3/2 1243/3/2 872/3/2 967/3/2
f 968/3/4 940/3/4 785/3/4 871/3/4
f 1173/5/6 1175/5/6 896/5/6 889/5/6
f 1250/3/2 1244/3/2 876/3/2 981/3/2
f 1095/3/2 1068/3/2 883/3/2 1033/3/2
f 1148/3/2 1121/3/2 882/3/2 1031/3/2
f 1070/3/6 1072/3/6 897/3/6 891/3/6
f 1252/3/2 1245/3/2 880/3/2 997/3/2
f 1170/3/5 1174/3/5 223/3/5 201/3/5
f 1258/3/2 1247/3/2 888/3/2 1044/3/2
f 1097/3/2 1069/3/2 887/3/2 1042/3/2
f 1256/3/2 1246/3/2 884/3/2 1032/3/2
f 1198/3/2 1171/3/2 881/3/2 1030/3/2
f 1200/3/2 1172/3/2 885/3/2 1045/3/2
f 1150/3/2 1122/3/2 886/3/2 1043/3/2
f 1123/3/6 1125/3/6 895/3/6 890/3/6
f 1018/3/4 1008/3/4 842/3/4 868/3/4
f 983/3/4 984/3/4 907/3/4 769/3/4
f 1125/3/6 1128/3/6 910/3/6 895/3/6
f 999/3/4 1001/3/4 909/3/4 894/3/4
f 940/3/4 966/3/4 870/3/4 785/3/4
f 1210/3/4 1213/3/4 901/3/4 850/3/4
f 900/3/4 915/3/4 903/3/4 846/3/4
f 897/3/4 912/3/4 915/3/4 900/3/4
f 1174/3/5 1176/3/5 243/3/5 223/3/5
f 1001/3/4 1002/3/4 924/3/4 909/3/4
f 1015/3/4 1010/3/4 899/3/4 873/3/4
f 915/3/4 929/3/4 918/3/4 903/3/4
f 912/3/4 926/3/4 929/3/4 915/3/4
f 1176/3/5 1178/3/5 263/3/5 243/3/5
f 1073/3/5 1076/3/5 916/3/5 874/3/5
f 1177/5/6 1179/5/6 925/5/6 911/5/6
f 1127/3/5 1130/3/5 923/3/5 908/3/5
f 1213/3/4 1214/3/4 898/3/4 901/3/4
f 1132/3/2 1105/3/2 847/3/2 937/3/2
f 984/3/4 985/3/4 922/3/4 907/3/4
f 966/3/4 939/3/4 844/3/4 870/3/4
f 937/5/3 847/5/3 919/5/3 925/5/3
f 926/3/4 938/3/4 941/3/4 929/3/4
f 1178/3/5 1181/3/5 282/3/5 263/3/5
f 1010/3/4 1016/3/4 905/3/4 899/3/4
f 1076/3/5 1078/3/5 906/3/5 916/3/5
f 1179/5/6 1182/5/6 937/5/6 925/5/6
f 1130/3/5 1131/3/5 934/3/5 923/3/5
f 1214/3/4 1215/3/4 930/3/4 898/3/4
f 1128/3/1 1129/3/1 928/3/1 910/3/1
f 939/3/4 969/3/4 904/3/4 844/3/4
f 985/3/4 986/3/4 933/3/4 922/3/4
f 1079/3/2 1052/3/2 843/3/2 936/3/2
f 1002/3/4 1004/3/4 935/3/4 924/3/4
f 929/3/4 941/3/4 931/3/4 918/3/4
f 1079/3/6 1085/3/6 958/3/6 938/3/6
f 986/3/4 989/3/4 955/3/4 933/3/4
f 1132/3/6 1138/3/6 956/3/6 936/3/6
f 969/3/4 972/3/4 945/3/4 904/3/4
f 1016/3/4 1019/3/4 917/3/4 905/3/4
f 1180/3/5 1187/3/5 292/3/5 174/3/5
f 1077/3/5 1084/3/5 949/3/5 914/3/5
f 1144/3/2 1131/3/2 906/3/2 1000/3/2
f 1091/3/2 1078/3/2 935/3/2 1004/3/2
f 1194/3/2 1181/3/2 934/3/2 1003/3/2
f 941/3/4 961/3/4 951/3/4 931/3/4
f 938/3/4 958/3/4 961/3/4 941/3/4
f 1126/3/5 1134/3/5 946/3/5 913/3/5
f 1182/5/6 1189/5/6 957/5/6 937/5/6
f 912/3/4 921/3/4 920/3/4 926/3/4
f 926/3/4 920/3/4 848/3/4 938/3/4
f 1074/3/1 1075/3/1 921/3/1 912/3/1
f 925/5/3 919/5/3 927/5/3 911/5/3
f 1093/3/2 1081/3/2 917/3/2 1019/3/2
f 1190/3/2 1183/3/2 944/3/2 970/3/2
f 1223/3/2 1185/3/2 952/3/2 1217/3/2
f 1219/3/2 1083/3/2 942/3/2 1216/3/2
f 1196/3/2 1184/3/2 947/3/2 1021/3/2
f 1146/3/2 1135/3/2 948/3/2 1020/3/2
f 1221/3/2 1137/3/2 950/3/2 1218/3/2
f 1142/3/2 1134/3/2 949/3/2 988/3/2
f 1192/3/2 1187/3/2 946/3/2 987/3/2
f 1140/3/2 1133/3/2 943/3/2 971/3/2
f 1087/3/2 1080/3/2 945/3/2 972/3/2
f 1089/3/2 1084/3/2 955/3/2 989/3/2
f 1139/3/2 1136/3/2 954/3/2 959/3/2
f 1138/3/2 1139/3/2 959/3/2 956/3/2
f 1085/3/2 1086/3/2 961/3/2 958/3/2
f 1189/3/2 317/3/2 316/3/2 1188/3/2
f 1188/3/2 1186/3/2 953/3/2 960/3/2
f 1086/3/2 1082/3/2 951/3/2 961/3/2
f 1081/3/2 1087/3/2 972/3/2 917/3/2
f 1135/3/2 1140/3/2 971/3/2 948/3/2
f 1184/3/2 1190/3/2 970/3/2 947/3/2
f 905/3/4 917/3/4 972/3/4 969/3/4
f 899/3/4 905/3/4 969/3/4 939/3/4
f 873/3/4 899/3/4 939/3/4 966/3/4
f 842/3/4 873/3/4 966/3/4 940/3/4
f 868/3/4 842/3/4 940/3/4 968/3/4
f 1242/3/2 1248/3/2 967/3/2 869/3/2
f 788/3/4 869/3/4 967/3/4 965/3/4
f 775/3/4 788/3/4 965/3/4 964/3/4
f 1232/2/1 1249/2/1 962/2/1 813/2/1
f 1110/2/1 1141/2/1 867/2/1 811/2/1
f 1058/2/1 1088/2/1 963/2/1 812/2/1
f 781/2/4 818/2/4 863/2/4 932/2/4
f 778/3/4 775/3/4 964/3/4 902/3/4
f 778/3/4 902/3/4 932/2/4 777/2/4
f 1080/3/2 1089/3/2 989/3/2 945/3/2
f 1183/3/2 1192/3/2 987/3/2 944/3/2
f 1133/3/2 1142/3/2 988/3/2 943/3/2
f 904/3/4 945/3/4 989/3/4 986/3/4
f 844/3/4 904/3/4 986/3/4 985/3/4
f 870/3/4 844/3/4 985/3/4 984/3/4
f 785/3/4 870/3/4 984/3/4 983/3/4
f 1243/3/2 1250/3/2 981/3/2 872/3/2
f 871/3/4 785/3/4 983/3/4 982/3/4
f 841/3/4 872/3/4 981/3/4 980/3/4
f 833/3/4 841/3/4 980/3/4 979/3/4
f 1233/2/1 1251/2/1 976/2/1 817/2/1
f 1059/2/1 1090/2/1 975/2/1 816/2/1
f 786/2/4 821/2/4 977/2/4 973/2/4
f 782/3/4 833/3/4 979/3/4 974/3/4
f 782/3/4 974/3/4 973/2/4 781/2/4
f 1180/3/2 1194/3/2 1003/3/2 913/3/2
f 1077/3/2 1091/3/2 1004/3/2 933/3/2
f 1126/3/2 1144/3/2 1000/3/2 914/3/2
f 922/3/4 933/3/4 1004/3/4 1002/3/4
f 907/3/4 922/3/4 1002/3/4 1001/3/4
f 769/3/4 907/3/4 1001/3/4 999/3/4
f 1244/3/2 1252/3/2 997/3/2 876/3/2
f 875/3/4 769/3/4 999/3/4 998/3/4
f 845/3/4 876/3/4 997/3/4 996/3/4
f 834/3/4 845/3/4 996/3/4 995/3/4
f 1112/2/1 1145/2/1 994/2/1 819/2/1
f 1234/2/1 1253/2/1 992/2/1 820/2/1
f 1162/2/1 1195/2/1 370/2/1 112/2/1
f 789/2/4 824/2/4 993/2/4 990/2/4
f 787/3/4 834/3/4 995/3/4 991/3/4
f 787/3/4 991/3/4 990/2/4 786/2/4
f 1137/3/2 1146/3/2 1020/3/2 950/3/2
f 1185/3/2 1196/3/2 1021/3/2 952/3/2
f 1083/3/2 1093/3/2 1019/3/2 942/3/2
f 930/3/4 942/3/4 1019/3/4 1016/3/4
f 898/3/4 930/3/4 1016/3/4 1010/3/4
f 901/3/4 898/3/4 1010/3/4 1015/3/4
f 864/3/4 850/3/4 1008/3/4 1018/3/4
f 1240/3/2 1254/3/2 1017/3/2 866/3/2
f 784/3/4 866/3/4 1017/3/4 1009/3/4
f 779/3/4 784/3/4 1009/3/4 1005/3/4
f 1159/2/1 1197/2/1 404/2/1 97/2/1
f 1230/2/1 1255/2/1 1013/2/1 808/2/1
f 1109/2/1 1147/2/1 1012/2/1 806/2/1
f 1057/2/1 1094/2/1 1011/2/1 807/2/1
f 774/3/4 779/3/4 1005/3/4 1006/3/4
f 777/2/4 814/2/4 1014/2/4 1007/2/4
f 774/3/4 1006/3/4 1007/2/4 773/2/4
f 850/3/4 901/3/4 1015/3/4 1008/3/4
f 1170/3/2 1198/3/2 1030/3/2 877/3/2
f 1245/3/2 1256/3/2 1032/3/2 880/3/2
f 1120/3/2 1148/3/2 1031/3/2 878/3/2
f 1067/3/2 1095/3/2 1033/3/2 879/3/2
f 849/3/4 880/3/4 1032/3/4 1029/3/4
f 835/3/4 849/3/4 1029/3/4 1028/3/4
f 1113/2/1 1149/2/1 1025/2/1 822/2/1
f 1235/2/1 1257/2/1 1026/2/1 823/2/1
f 1163/2/1 1199/2/1 422/2/1 116/2/1
f 793/2/4 828/2/4 1024/2/4 1022/2/4
f 790/3/4 1023/3/4 1022/2/4 789/2/4
f 790/3/4 835/3/4 1028/3/4 1023/3/4
f 1121/3/2 1150/3/2 1043/3/2 882/3/2
f 1171/3/2 1200/3/2 1045/3/2 881/3/2
f 1068/3/2 1097/3/2 1042/3/2 883/3/2
f 1246/3/2 1258/3/2 1044/3/2 884/3/2
f 851/3/4 884/3/4 1044/3/4 1041/3/4
f 836/3/4 851/3/4 1041/3/4 1040/3/4
f 1062/2/1 1098/2/1 1039/2/1 826/2/1
f 1114/2/1 1151/2/1 1036/2/1 825/2/1
f 1236/2/1 1259/2/1 1037/2/1 827/2/1
f 1164/2/1 1201/2/1 439/2/1 121/2/1
f 794/3/4 1034/3/4 1035/2/4 793/2/4
f 794/3/4 836/3/4 1040/3/4 1034/3/4
f 801/2/4 832/2/4 1038/2/4 1035/2/4
f 827/2/1 1037/2/1 1098/2/1 1062/2/1
f 882/3/2 1043/3/2 1097/3/2 1068/3/2
f 823/2/1 1026/2/1 1096/2/1 1061/2/1
f 878/3/2 1031/3/2 1095/3/2 1067/3/2
f 808/2/1 1013/2/1 1094/2/1 1057/2/1
f 950/3/2 1020/3/2 1093/3/2 1083/3/2
f 820/2/1 992/2/1 1092/2/1 1060/2/1
f 914/3/2 1000/3/2 1091/3/2 1077/3/2
f 817/2/1 976/2/1 1090/2/1 1059/2/1
f 943/3/2 988/3/2 1089/3/2 1080/3/2
f 813/2/1 962/2/1 1088/2/1 1058/2/1
f 948/3/2 971/3/2 1087/3/2 1081/3/2
f 959/3/2 954/3/2 1082/3/2 1086/3/2
f 956/3/2 959/3/2 1086/3/2 1085/3/2
f 988/3/2 949/3/2 1084/3/2 1089/3/2
f 971/3/2 943/3/2 1080/3/2 1087/3/2
f 1218/3/2 950/3/2 1083/3/2 1219/3/2
f 1020/3/2 948/3/2 1081/3/2 1093/3/2
f 910/3/1 928/3/1 1075/3/1 1074/3/1
f 1000/3/2 906/3/2 1078/3/2 1091/3/2
f 933/3/5 955/3/5 1084/3/5 1077/3/5
f 936/3/6 956/3/6 1085/3/6 1079/3/6
f 938/3/2 848/3/2 1052/3/2 1079/3/2
f 924/3/5 935/3/5 1078/3/5 1076/3/5
f 909/3/5 924/3/5 1076/3/5 1073/3/5
f 1043/3/2 886/3/2 1069/3/2 1097/3/2
f 890/3/6 895/3/6 1072/3/6 1070/3/6
f 1031/3/2 882/3/2 1068/3/2 1095/3/2
f 879/3/5 894/3/5 1071/3/5 1067/3/5
f 752/3/6 791/3/6 1053/3/6 1046/3/6
f 791/3/6 857/3/6 1066/3/6 1053/3/6
f 857/3/6 890/3/6 1070/3/6 1066/3/6
f 854/3/5 887/3/5 1069/3/5 1065/3/5
f 895/3/6 910/3/6 1074/3/6 1072/3/6
f 1037/2/1 831/2/1 1063/2/1 1098/2/1
f 1026/2/1 827/2/1 1062/2/1 1096/2/1
f 992/2/1 823/2/1 1061/2/1 1092/2/1
f 976/2/1 820/2/1 1060/2/1 1090/2/1
f 962/2/1 817/2/1 1059/2/1 1088/2/1
f 1208/2/1 808/2/1 1057/2/1 1220/2/1
f 1013/2/1 813/2/1 1058/2/1 1094/2/1
f 798/2/5 1055/2/5 1054/3/5 797/3/5
f 800/3/5 839/3/5 1064/3/5 1054/3/5
f 798/2/5 830/2/5 1063/2/5 1055/2/5
f 766/2/6 805/2/6 1056/2/6 1051/2/6
f 894/3/5 909/3/5 1073/3/5 1071/3/5
f 762/2/1 766/2/1 1051/2/1 1050/2/1
f 756/2/1 762/2/1 1050/2/1 1047/2/1
f 754/2/1 756/2/1 1047/2/1 1048/2/1
f 1298/1/1 1302/1/1 1048/2/1 746/2/1
f 747/3/2 752/3/2 1046/3/2 1049/3/2
f 826/2/1 1039/2/1 1151/2/1 1114/2/1
f 881/3/2 1045/3/2 1150/3/2 1121/3/2
f 877/3/2 1030/3/2 1148/3/2 1120/3/2
f 807/2/1 1011/2/1 1147/2/1 1109/2/1
f 952/3/2 1021/3/2 1146/3/2 1137/3/2
f 913/3/2 1003/3/2 1144/3/2 1126/3/2
f 944/3/2 987/3/2 1142/3/2 1133/3/2
f 947/3/2 970/3/2 1140/3/2 1135/3/2
f 957/3/2 960/3/2 1139/3/2 1138/3/2
f 960/3/2 953/3/2 1136/3/2 1139/3/2
f 970/3/2 944/3/2 1133/3/2 1140/3/2
f 987/3/2 946/3/2 1134/3/2 1142/3/2
f 1217/3/2 952/3/2 1137/3/2 1221/3/2
f 1021/3/2 947/3/2 1135/3/2 1146/3/2
f 914/3/5 949/3/5 1134/3/5 1126/3/5
f 1003/3/2 934/3/2 1131/3/2 1144/3/2
f 937/3/6 957/3/6 1138/3/6 1132/3/6
f 911/3/1 927/3/1 1129/3/1 1128/3/1
f 916/3/5 906/3/5 1131/3/5 1130/3/5
f 936/3/2 843/3/2 1105/3/2 1132/3/2
f 874/3/5 916/3/5 1130/3/5 1127/3/5
f 896/3/6 911/3/6 1128/3/6 1125/3/6
f 889/3/6 896/3/6 1125/3/6 1123/3/6
f 1045/3/2 885/3/2 1122/3/2 1150/3/2
f 1030/3/2 881/3/2 1121/3/2 1148/3/2
f 878/3/5 776/3/5 1124/3/5 1120/3/5
f 856/3/6 889/3/6 1123/3/6 1118/3/6
f 853/3/5 886/3/5 1122/3/5 1117/3/5
f 853/3/2 1160/3/2 1267/3/2 1065/3/2
f 1039/2/1 830/2/1 1115/2/1 1151/2/1
f 1027/2/1 826/2/1 1114/2/1 1149/2/1
f 1207/2/1 807/2/1 1109/2/1 1222/2/1
f 765/2/6 804/2/6 1108/2/6 1104/2/6
f 795/2/5 1106/2/5 1107/3/5 796/3/5
f 797/3/5 838/3/5 1116/3/5 1107/3/5
f 751/3/6 792/3/6 1119/3/6 1102/3/6
f 795/2/5 829/2/5 1115/2/5 1106/2/5
f 776/3/5 874/3/5 1127/3/5 1124/3/5
f 761/2/1 765/2/1 1104/2/1 1103/2/1
f 792/3/6 856/3/6 1118/3/6 1119/3/6
f 748/3/2 751/3/2 1102/3/2 1100/3/2
f 753/2/1 761/2/1 1103/2/1 1101/2/1
f 746/2/1 753/2/1 1101/2/1 1099/2/1
f 1295/1/1 1304/1/1 1099/2/1 749/2/1
f 825/2/1 1036/2/1 1201/2/1 1164/2/1
f 206/3/2 449/3/2 1200/3/2 1171/3/2
f 822/2/1 1025/2/1 1199/2/1 1163/2/1
f 201/3/2 433/3/2 1198/3/2 1170/3/2
f 806/2/1 1012/2/1 1197/2/1 1159/2/1
f 303/3/2 415/3/2 1196/3/2 1185/3/2
f 819/2/1 994/2/1 1195/2/1 1162/2/1
f 174/3/2 387/3/2 1194/3/2 1180/3/2
f 293/3/2 360/3/2 1192/3/2 1183/3/2
f 1190/3/5 1317/3/5 740/3/5 333/3/5
f 316/3/2 308/3/2 1186/3/2 1188/3/2
f 957/3/2 1189/3/2 1188/3/2 960/3/2
f 360/3/2 292/3/2 1187/3/2 1192/3/2
f 415/3/5 743/3/5 1318/3/5 1196/3/5
f 636/3/2 303/3/2 1185/3/2 1223/3/2
f 333/3/2 293/3/2 1183/3/2 1190/3/2
f 290/5/6 317/5/6 1189/5/6 1182/5/6
f 387/3/2 282/3/2 1181/3/2 1194/3/2
f 913/3/5 946/3/5 1187/3/5 1180/3/5
f 270/5/6 290/5/6 1182/5/6 1179/5/6
f 923/3/5 934/3/5 1181/3/5 1178/3/5
f 251/5/6 270/5/6 1179/5/6 1177/5/6
f 908/3/5 923/3/5 1178/3/5 1176/3/5
f 768/3/5 908/3/5 1176/3/5 1174/3/5
f 449/3/2 211/3/2 1172/3/2 1200/3/2
f 433/3/2 206/3/2 1171/3/2 1198/3/2
f 877/3/5 768/3/5 1174/3/5 1170/3/5
f 219/5/6 231/5/6 1175/5/6 1173/5/6
f 24/5/6 169/5/6 1168/5/6 1169/5/6
f 169/5/6 219/5/6 1173/5/6 1168/5/6
f 852/3/5 885/3/5 1172/3/5 1167/3/5
f 837/3/5 852/3/5 1167/3/5 1166/3/5
f 1025/2/1 825/2/1 1164/2/1 1199/2/1
f 1036/2/1 829/2/1 1165/2/1 1201/2/1
f 994/2/1 822/2/1 1163/2/1 1195/2/1
f 978/2/1 819/2/1 1162/2/1 1193/2/1
f 1206/2/1 806/2/1 1159/2/1 1224/2/1
f 796/3/5 1157/3/5 1156/2/5 795/2/5
f 86/2/5 126/2/5 1165/2/5 1156/2/5
f 764/2/6 803/2/6 1158/2/6 1155/2/6
f 796/3/5 837/3/5 1166/3/5 1157/3/5
f 20/5/6 24/5/6 1169/5/6 1154/5/6
f 231/5/6 251/5/6 1177/5/6 1175/5/6
f 750/5/6 1153/5/6 1154/5/6 751/5/6
f 758/2/1 1152/2/1 1153/2/1 750/2/1
f 758/2/1 764/2/1 1155/2/1 1152/2/1
f 803/2/1 1206/2/1 1224/2/1 1158/2/1
f 308/3/2 636/3/2 1223/3/2 1186/3/2
f 804/2/1 1207/2/1 1222/2/1 1108/2/1
f 953/3/2 1217/3/2 1221/3/2 1136/3/2
f 805/2/1 1208/2/1 1220/2/1 1056/2/1
f 954/3/2 1218/3/2 1219/3/2 1082/3/2
f 1136/3/2 1221/3/2 1218/3/2 954/3/2
f 1082/3/2 1219/3/2 1216/3/2 951/3/2
f 1186/3/2 1223/3/2 1217/3/2 953/3/2
f 918/3/4 931/3/4 1215/3/4 1214/3/4
f 903/3/4 918/3/4 1214/3/4 1213/3/4
f 846/3/4 903/3/4 1213/3/4 1210/3/4
f 860/3/4 846/3/4 1210/3/4 1211/3/4
f 1240/3/2 866/3/2 1212/3/2 1260/3/2
f 931/3/4 951/3/4 1216/3/4 1215/3/4
f 780/3/4 865/3/4 1212/3/4 1205/3/4
f 783/3/4 780/3/4 1205/3/4 1204/3/4
f 1231/2/1 809/2/1 1209/2/1 1261/2/1
f 1108/2/1 1222/2/1 1206/2/1 803/2/1
f 1056/2/1 1220/2/1 1207/2/1 804/2/1
f 1158/2/1 1224/2/1 617/2/1 93/2/1
f 773/2/4 810/2/4 1209/2/4 1202/2/4
f 772/3/4 783/3/4 1204/3/4 1203/3/4
f 772/3/4 1203/3/4 1202/2/4 771/2/4
f 805/2/1 1231/2/1 1261/2/1 1208/2/1
f 864/3/2 1240/3/2 1260/3/2 1211/3/2
f 828/2/1 1038/2/1 1259/2/1 1236/2/1
f 883/3/2 1042/3/2 1258/3/2 1246/3/2
f 824/2/1 1024/2/1 1257/2/1 1235/2/1
f 879/3/2 1033/3/2 1256/3/2 1245/3/2
f 810/2/1 1014/2/1 1255/2/1 1230/2/1
f 864/3/2 1018/3/2 1254/3/2 1240/3/2
f 821/2/1 993/2/1 1253/2/1 1234/2/1
f 875/3/2 998/3/2 1252/3/2 1244/3/2
f 818/2/1 977/2/1 1251/2/1 1233/2/1
f 871/3/2 982/3/2 1250/3/2 1243/3/2
f 814/2/1 863/2/1 1249/2/1 1232/2/1
f 868/3/2 968/3/2 1248/3/2 1242/3/2
f 1033/3/2 883/3/2 1246/3/2 1256/3/2
f 1042/3/2 887/3/2 1247/3/2 1258/3/2
f 998/3/2 879/3/2 1245/3/2 1252/3/2
f 982/3/2 875/3/2 1244/3/2 1250/3/2
f 968/3/2 871/3/2 1243/3/2 1248/3/2
f 1018/3/2 868/3/2 1242/3/2 1254/3/2
f 1211/3/2 1260/3/2 1241/3/2 860/3/2
f 770/3/6 860/3/6 1241/3/6 1227/6/6
f 855/3/5 888/3/5 1247/3/5 1239/3/5
f 1038/2/1 832/2/1 1237/2/1 1259/2/1
f 1024/2/1 828/2/1 1236/2/1 1257/2/1
f 993/2/1 824/2/1 1235/2/1 1253/2/1
f 977/2/1 821/2/1 1234/2/1 1251/2/1
f 1014/2/1 814/2/1 1232/2/1 1255/2/1
f 863/2/1 818/2/1 1233/2/1 1249/2/1
f 1208/2/1 1261/2/1 1230/2/1 808/2/1
f 799/2/5 1229/2/5 1228/3/5 800/3/5
f 799/2/5 831/2/5 1237/2/5 1229/2/5
f 802/3/5 840/3/5 1238/3/5 1228/3/5
f 771/2/6 809/2/6 1231/2/6 1225/2/6
f 767/3/6 1226/6/6 1225/2/6 766/2/6
f 748/3/3 1296/4/3 1295/1/3 749/2/3
f 1262/3/6 1288/3/6 1290/3/6 1269/3/6
f 1275/3/4 1293/3/4 1289/3/4 1263/3/4
f 1265/3/6 1287/3/6 1288/3/6 1262/3/6
f 1272/3/5 1286/3/5 1283/3/5 1278/3/5
f 1268/3/2 1280/3/2 1276/3/2 1264/3/2
f 855/3/4 1264/3/4 1263/3/4 840/3/4
f 1116/3/3 1269/3/3 1270/3/3 1117/3/3
f 1239/3/2 1268/3/2 1264/3/2 855/3/2
f 840/3/1 1263/3/1 1266/3/1 1238/3/1
f 838/3/1 1262/3/1 1269/3/1 1116/3/1
f 854/3/2 1191/3/2 1268/3/2 1239/3/2
f 1278/3/5 1280/3/5 1271/3/5 1272/3/5
f 1277/3/5 1279/3/5 1273/3/5 1274/3/5
f 1272/3/5 1271/3/5 1279/3/5 1277/3/5
f 1274/3/5 1273/3/5 1282/3/5 1281/3/5
f 1275/3/5 1276/3/5 1280/3/5 1278/3/5
f 1191/3/2 1271/3/2 1280/3/2 1268/3/2
f 1266/3/6 1284/3/6 1285/3/6 1161/3/6
f 1270/3/2 1282/3/2 1273/3/2 1160/3/2
f 1267/3/2 1279/3/2 1271/3/2 1191/3/2
f 1160/3/2 1273/3/2 1279/3/2 1267/3/2
f 1269/3/3 1281/3/3 1282/3/3 1270/3/3
f 1264/3/4 1276/3/4 1275/3/4 1263/3/4
f 1285/3/1 1286/3/1 1291/3/1 1287/3/1
f 1288/3/1 1292/3/1 1294/3/1 1290/3/1
f 1287/3/1 1291/3/1 1292/3/1 1288/3/1
f 1284/3/1 1283/3/1 1286/3/1 1285/3/1
f 1289/3/1 1293/3/1 1283/3/1 1284/3/1
f 1274/3/5 1292/3/5 1291/3/5 1277/3/5
f 1281/3/5 1294/3/5 1292/3/5 1274/3/5
f 1161/3/6 1285/3/6 1287/3/6 1265/3/6
f 1277/3/5 1291/3/5 1286/3/5 1272/3/5
f 1263/3/6 1289/3/6 1284/3/6 1266/3/6
f 1278/3/5 1283/3/5 1293/3/5 1275/3/5
f 1269/3/3 1290/3/3 1294/3/3 1281/3/3
f 748/3/2 1100/3/2 1303/4/2 1296/4/2
f 747/3/2 1049/3/2 1301/4/2 1297/4/2
f 1049/3/2 755/3/2 1299/4/2 1301/4/2
f 1100/3/2 747/3/2 1297/4/2 1303/4/2
f 927/3/1 1311/3/1 1316/3/1 1129/3/1
f 843/3/2 1312/3/2 1315/3/2 1105/3/2
f 928/3/1 1307/3/1 1314/3/1 1075/3/1
f 848/3/2 1309/3/2 1313/3/2 1052/3/2
f 1052/3/2 1313/3/2 1312/3/2 843/3/2
f 919/5/3 1306/5/3 1311/5/3 927/5/3
f 1105/3/2 1315/3/2 1305/3/2 847/3/2
f 921/3/4 1308/3/4 1310/3/4 920/3/4
f 1075/3/1 1314/3/1 1308/3/1 921/3/1
f 847/5/3 1305/5/3 1306/5/3 919/5/3
f 920/3/4 1310/3/4 1309/3/4 848/3/4
f 1129/3/1 1316/3/1 1307/3/1 928/3/1
f 1196/3/5 1318/3/5 1319/3/5 1184/3/5
f 1184/3/5 1319/3/5 1317/3/5 1190/3/5
f 740/3/2 1317/3/2 1319/3/2 741/5/2
f 741/5/2 1319/3/2 1318/3/2 743/3/2
o EYES
v 2.000000 8.000000 -2.000000
v 2.000000 9.000000 -2.000000
v 2.000000 7.500000 -2.000000
v 2.000000 8.500000 -2.000000
v 2.000000 9.500000 -2.000000
v 2.500000 8.000000 -2.000000
v 2.500000 9.000000 -2.000000
v 2.500000 7.500000 -2.000000
v 2.500000 8.500000 -2.000000
v 2.500000 9.500000 -2.000000
v 1.500000 8.000000 -2.000000
v 1.500000 9.000000 -2.000000
v 1.500000 7.500000 -2.000000
v 1.500000 8.500000 -2.000000
v 1.500000 9.500000 -2.000000
v -2.000000 8.000000 -2.000000
v -2.000000 9.000000 -2.000000
v -2.000000 7.500000 -2.000000
v -2.000000 8.500000 -2.000000
v -2.000000 9.500000 -2.000000
v -2.500000 8.000000 -2.000000
v -2.500000 9.000000 -2.000000
v -2.500000 7.500000 -2.000000
v -2.500000 8.500000 -2.000000
v -2.500000 9.500000 -2.000000
v -1.500000 8.000000 -2.000000
v -1.500000 9.000000 -2.000000
v -1.500000 7.500000 -2.000000
v -1.500000 8.500000 -2.000000
v -1.500000 9.500000 -2.000000
vn -0.0000 -0.0000 -1.0000
vt 0.625000 0.500000
s 0
usemtl Material.001
f 1327/7/7 1322/7/7 1320/7/7 1325/7/7
f 1328/7/7 1323/7/7 1321/7/7 1326/7/7
f 1325/7/7 1320/7/7 1323/7/7 1328/7/7
f 1326/7/7 1321/7/7 1324/7/7 1329/7/7
f 1321/7/7 1331/7/7 1334/7/7 1324/7/7
f 1320/7/7 1330/7/7 1333/7/7 1323/7/7
f 1323/7/7 1333/7/7 1331/7/7 1321/7/7
f 1322/7/7 1332/7/7 1330/7/7 1320/7/7
f 1342/7/7 1340/7/7 1335/7/7 1337/7/7
f 1343/7/7 1341/7/7 1336/7/7 1338/7/7
f 1340/7/7 1343/7/7 1338/7/7 1335/7/7
f 1341/7/7 1344/7/7 1339/7/7 1336/7/7
f 1336/7/7 1339/7/7 1349/7/7 1346/7/7
f 1335/7/7 1338/7/7 1348/7/7 1345/7/7
f 1338/7/7 1336/7/7 1346/7/7 1348/7/7
f 1337/7/7 1335/7/7 1345/7/7 1347/7/7
o NOSE
v 1.000000 6.000000 -2.000000
v 2.000000 6.000000 -2.000000
v 1.000000 7.000000 -2.000000
v 2.000000 7.000000 -2.000000
v 1.000000 6.500000 -2.000000
v 2.000000 6.500000 -2.000000
v 2.000000 7.500000 -2.000000
v 0.000000 7.500000 -2.000000
v 1.000000 7.500000 -2.000000
v 2.000000 5.500000 -2.000000
v 1.000000 5.500000 -2.000000
v 0.000000 5.500000 -2.000000
v 1.500000 6.000000 -2.000000
v 1.500000 7.000000 -2.000000
v 1.500000 6.500000 -2.000000
v 1.500000 7.500000 -2.000000
v 1.500000 5.500000 -2.000000
v 0.500000 7.500000 -2.000000
v 0.500000 5.500000 -2.000000
v 1.000000 5.500000 -3.000000
v 1.000000 6.000000 -3.000000
v 1.000000 6.500000 -3.000000
v 1.000000 7.000000 -3.000000
v 1.500000 6.000000 -3.000000
v 0.500000 6.000000 -3.000000
v 0.000000 6.000000 -3.000000
v 1.500000 7.000000 -3.000000
v 0.500000 7.000000 -3.000000
v 0.000000 7.000000 -3.000000
v 2.000000 6.500000 -3.000000
v 2.000000 6.000000 -3.000000
v 0.000000 6.500000 -3.000000
v 0.000000 7.500000 -3.000000
v 1.000000 7.500000 -3.000000
v 2.000000 7.000000 -3.000000
v 0.500000 6.500000 -3.000000
v 1.500000 6.500000 -3.000000
v 2.000000 7.500000 -3.000000
v 1.500000 7.500000 -3.000000
v 0.500000 7.500000 -3.000000
v 2.000000 5.500000 -3.000000
v 0.000000 5.500000 -3.000000
v 0.500000 5.500000 -3.000000
v 1.500000 5.500000 -3.000000
v -1.000000 6.000000 -2.000000
v -2.000000 6.000000 -2.000000
v -1.000000 7.000000 -2.000000
v -2.000000 7.000000 -2.000000
v -1.000000 6.500000 -2.000000
v -2.000000 6.500000 -2.000000
v -2.000000 7.500000 -2.000000
v -1.000000 7.500000 -2.000000
v -2.000000 5.500000 -2.000000
v -1.000000 5.500000 -2.000000
v -1.500000 6.000000 -2.000000
v -1.500000 7.000000 -2.000000
v -1.500000 6.500000 -2.000000
v -1.500000 7.500000 -2.000000
v -1.500000 5.500000 -2.000000
v -0.500000 7.500000 -2.000000
v -0.500000 5.500000 -2.000000
v -1.000000 5.500000 -3.000000
v -1.000000 6.000000 -3.000000
v -1.000000 6.500000 -3.000000
v -1.000000 7.000000 -3.000000
v -1.500000 6.000000 -3.000000
v -0.500000 6.000000 -3.000000
v -1.500000 7.000000 -3.000000
v -0.500000 7.000000 -3.000000
v -2.000000 6.500000 -3.000000
v -2.000000 6.000000 -3.000000
v -1.000000 7.500000 -3.000000
v -2.000000 7.000000 -3.000000
v -0.500000 6.500000 -3.000000
v -1.500000 6.500000 -3.000000
v -2.000000 7.500000 -3.000000
v -1.500000 7.500000 -3.000000
v -0.500000 7.500000 -3.000000
v -2.000000 5.500000 -3.000000
v -0.500000 5.500000 -3.000000
v -1.500000 5.500000 -3.000000
vn -0.0000 -1.0000 -0.0000
vn 1.0000 -0.0000 -0.0000
vn -0.0000 1.0000 -0.0000
vn -1.0000 -0.0000 -0.0000
vn -0.0000 -0.0000 -1.0000
vt 0.625000 0.500000
s 0
usemtl PINK2
f 1359/8/8 1366/8/8 1393/8/8 1390/8/8
f 1353/8/9 1355/8/9 1379/8/9 1384/8/9
f 1350/8/10 1362/8/10 1373/8/10 1370/8/10
f 1364/8/11 1363/8/11 1376/8/11 1386/8/11
f 1357/8/10 1367/8/10 1389/8/10 1382/8/10
f 1362/8/11 1364/8/11 1386/8/11 1373/8/11
f 1366/8/8 1360/8/8 1369/8/8 1393/8/8
f 1355/8/9 1351/8/9 1380/8/9 1379/8/9
f 1360/8/8 1368/8/8 1392/8/8 1369/8/8
f 1352/8/9 1354/8/9 1371/8/9 1372/8/9
f 1367/8/10 1358/8/10 1383/8/10 1389/8/10
f 1368/8/8 1361/8/8 1391/8/8 1392/8/8
f 1393/8/12 1369/8/12 1370/8/12 1373/8/12
f 1392/8/12 1391/8/12 1375/8/12 1374/8/12
f 1385/8/12 1381/8/12 1378/8/12 1377/8/12
f 1374/8/12 1375/8/12 1381/8/12 1385/8/12
f 1376/8/12 1372/8/12 1383/8/12 1388/8/12
f 1377/8/12 1378/8/12 1382/8/12 1389/8/12
f 1384/8/12 1376/8/12 1388/8/12 1387/8/12
f 1380/8/12 1373/8/12 1386/8/12 1379/8/12
f 1379/8/12 1386/8/12 1376/8/12 1384/8/12
f 1390/8/12 1393/8/12 1373/8/12 1380/8/12
f 1372/8/12 1377/8/12 1389/8/12 1383/8/12
f 1370/8/12 1374/8/12 1385/8/12 1371/8/12
f 1371/8/12 1385/8/12 1377/8/12 1372/8/12
f 1369/8/12 1392/8/12 1374/8/12 1370/8/12
f 1351/8/9 1359/8/9 1390/8/9 1380/8/9
f 1356/8/9 1353/8/9 1384/8/9 1387/8/9
f 1363/8/8 1352/8/8 1372/8/8 1376/8/8
f 1358/8/10 1365/8/10 1388/8/10 1383/8/10
f 1365/8/10 1356/8/10 1387/8/10 1388/8/10
f 1354/8/9 1350/8/9 1370/8/9 1371/8/9
f 1402/8/8 1428/8/8 1430/8/8 1408/8/8
f 1397/8/11 1422/8/11 1419/8/11 1399/8/11
f 1394/8/10 1412/8/10 1415/8/10 1404/8/10
f 1406/8/9 1424/8/9 1417/8/9 1405/8/9
f 1357/8/10 1382/8/10 1427/8/10 1409/8/10
f 1404/8/9 1415/8/9 1424/8/9 1406/8/9
f 1408/8/8 1430/8/8 1411/8/8 1403/8/8
f 1399/8/11 1419/8/11 1420/8/11 1395/8/11
f 1403/8/8 1411/8/8 1429/8/8 1410/8/8
f 1396/8/11 1414/8/11 1413/8/11 1398/8/11
f 1409/8/10 1427/8/10 1421/8/10 1401/8/10
f 1410/8/8 1429/8/8 1391/8/8 1361/8/8
f 1430/8/12 1415/8/12 1412/8/12 1411/8/12
f 1429/8/12 1416/8/12 1375/8/12 1391/8/12
f 1423/8/12 1418/8/12 1378/8/12 1381/8/12
f 1416/8/12 1423/8/12 1381/8/12 1375/8/12
f 1417/8/12 1426/8/12 1421/8/12 1414/8/12
f 1418/8/12 1427/8/12 1382/8/12 1378/8/12
f 1422/8/12 1425/8/12 1426/8/12 1417/8/12
f 1420/8/12 1419/8/12 1424/8/12 1415/8/12
f 1419/8/12 1422/8/12 1417/8/12 1424/8/12
f 1428/8/12 1420/8/12 1415/8/12 1430/8/12
f 1414/8/12 1421/8/12 1427/8/12 1418/8/12
f 1412/8/12 1413/8/12 1423/8/12 1416/8/12
f 1413/8/12 1414/8/12 1418/8/12 1423/8/12
f 1411/8/12 1412/8/12 1416/8/12 1429/8/12
f 1395/8/11 1420/8/11 1428/8/11 1402/8/11
f 1400/8/11 1425/8/11 1422/8/11 1397/8/11
f 1405/8/8 1417/8/8 1414/8/8 1396/8/8
f 1401/8/10 1421/8/10 1426/8/10 1407/8/10
f 1407/8/10 1426/8/10 1425/8/10 1400/8/10
f 1398/8/11 1413/8/11 1412/8/11 1394/8/11
o FEET
v 2.000000 0.000000 -1.000000
v 2.000000 0.000000 1.000000
v 1.000000 0.000000 1.000000
v 1.000000 0.000000 -1.000000
v 3.000000 0.000000 -1.000000
v 3.000000 0.000000 1.000000
v 3.000000 0.000000 7.000000
v 1.000000 0.000000 8.000000
v 2.000000 0.000000 8.000000
v 3.000000 0.000000 8.000000
v 2.000000 0.000000 7.000000
v 1.000000 0.000000 7.000000
v 2.000000 0.000000 6.000000
v 1.000000 0.000000 6.000000
v 3.000000 0.000000 6.000000
v 2.500000 0.000000 -1.000000
v 2.500000 0.000000 1.000000
v 2.500000 0.000000 8.000000
v 2.500000 0.000000 7.000000
v 2.500000 0.000000 6.000000
v 1.500000 0.000000 -1.000000
v 1.500000 0.000000 1.000000
v 1.500000 0.000000 8.000000
v 1.500000 0.000000 7.000000
v 1.500000 0.000000 6.000000
v 1.000000 0.500000 -1.000000
v 1.000000 0.500000 1.000000
v 2.000000 0.500000 1.000000
v 2.000000 0.500000 -1.000000
v 3.000000 0.500000 1.000000
v 3.000000 0.500000 -1.000000
v 2.500000 0.500000 1.000000
v 2.500000 0.500000 -1.000000
v 1.500000 0.500000 1.000000
v 1.500000 0.500000 -1.000000
v 1.000000 0.500000 8.000000
v 1.000000 0.500000 7.000000
v 2.000000 0.500000 6.000000
v 3.000000 0.500000 6.000000
v 3.000000 0.500000 8.000000
v 3.000000 0.500000 7.000000
v 1.000000 0.500000 6.000000
v 2.000000 0.500000 8.000000
v 2.500000 0.500000 8.000000
v 2.500000 0.500000 6.000000
v 1.500000 0.500000 8.000000
v 1.500000 0.500000 6.000000
v -2.000000 0.000000 -1.000000
v -2.000000 0.000000 1.000000
v -1.000000 0.000000 1.000000
v -1.000000 0.000000 -1.000000
v -3.000000 0.000000 -1.000000
v -3.000000 0.000000 1.000000
v -3.000000 0.000000 7.000000
v -1.000000 0.000000 8.000000
v -2.000000 0.000000 8.000000
v -3.000000 0.000000 8.000000
v -2.000000 0.000000 7.000000
v -1.000000 0.000000 7.000000
v -2.000000 0.000000 6.000000
v -1.000000 0.000000 6.000000
v -3.000000 0.000000 6.000000
v -2.500000 0.000000 -1.000000
v -2.500000 0.000000 1.000000
v -2.500000 0.000000 8.000000
v -2.500000 0.000000 7.000000
v -2.500000 0.000000 6.000000
v -1.500000 0.000000 -1.000000
v -1.500000 0.000000 1.000000
v -1.500000 0.000000 8.000000
v -1.500000 0.000000 7.000000
v -1.500000 0.000000 6.000000
v -1.000000 0.500000 -1.000000
v -1.000000 0.500000 1.000000
v -2.000000 0.500000 1.000000
v -2.000000 0.500000 -1.000000
v -3.000000 0.500000 1.000000
v -3.000000 0.500000 -1.000000
v -2.500000 0.500000 1.000000
v -2.500000 0.500000 -1.000000
v -1.500000 0.500000 1.000000
v -1.500000 0.500000 -1.000000
v -1.000000 0.500000 8.000000
v -1.000000 0.500000 7.000000
v -2.000000 0.500000 6.000000
v -3.000000 0.500000 6.000000
v -3.000000 0.500000 8.000000
v -3.000000 0.500000 7.000000
v -1.000000 0.500000 6.000000
v -2.000000 0.500000 8.000000
v -2.500000 0.500000 8.000000
v -2.500000 0.500000 6.000000
v -1.500000 0.500000 8.000000
v -1.500000 0.500000 6.000000
vn -0.0000 -0.0000 1.0000
vn -0.0000 -1.0000 -0.0000
vn -0.0000 -0.0000 -1.0000
vn 1.0000 -0.0000 -0.0000
vn -1.0000 -0.0000 -0.0000
vt 0.500000 0.750000
vt 0.375000 0.750000
vt 0.375000 0.500000
vt 0.625000 0.750000
vt 0.000000 0.000000
vt 0.500000 0.500000
s 0
usemtl PINK2
f 1464/9/13 1452/10/13 1432/10/13 1458/9/13
f 1452/10/14 1451/11/14 1431/11/14 1432/10/14
f 1447/10/14 1446/11/14 1435/11/14 1436/10/14
f 1462/9/13 1447/10/13 1436/10/13 1460/9/13
f 1477/12/15 1468/12/15 1443/12/15 1455/12/15
f 1471/12/16 1470/12/16 1440/12/16 1437/12/16
f 1466/13/17 1467/13/17 1442/13/17 1438/13/17
f 1475/12/15 1469/12/15 1445/12/15 1450/12/15
f 1450/12/14 1445/12/14 1437/12/14 1449/12/14
f 1455/12/14 1443/12/14 1441/12/14 1454/12/14
f 1449/12/14 1437/12/14 1440/12/14 1448/12/14
f 1454/12/14 1441/12/14 1439/12/14 1453/12/14
f 1469/12/16 1471/12/16 1437/12/16 1445/12/16
f 1476/12/13 1466/12/13 1438/12/13 1453/12/13
f 1467/13/17 1472/13/17 1444/13/17 1442/13/17
f 1474/12/13 1473/12/13 1439/12/13 1448/12/13
f 1470/12/13 1474/12/13 1448/12/13 1440/12/13
f 1441/12/14 1449/12/14 1448/12/14 1439/12/14
f 1443/12/14 1450/12/14 1449/12/14 1441/12/14
f 1468/12/15 1475/12/15 1450/12/15 1443/12/15
f 1458/9/13 1432/10/13 1447/10/13 1462/9/13
f 1432/10/14 1431/11/14 1446/11/14 1447/10/14
f 1473/12/13 1476/12/13 1453/12/13 1439/12/13
f 1442/12/14 1454/12/14 1453/12/14 1438/12/14
f 1444/12/14 1455/12/14 1454/12/14 1442/12/14
f 1472/12/15 1477/12/15 1455/12/15 1444/12/15
f 1433/10/14 1434/11/14 1451/11/14 1452/10/14
f 1457/9/13 1433/10/13 1452/10/13 1464/9/13
f 1434/11/17 1433/10/17 1457/9/17 1456/14/17
f 1434/11/15 1456/14/15 1465/14/15 1451/11/15
f 1431/11/15 1459/14/15 1463/14/15 1446/11/15
f 1446/11/15 1463/14/15 1461/14/15 1435/11/15
f 1435/11/16 1461/14/16 1460/9/16 1436/10/16
f 1451/11/15 1465/14/15 1459/14/15 1431/11/15
f 1511/9/13 1505/9/13 1479/10/13 1499/10/13
f 1499/10/14 1479/10/14 1478/11/14 1498/11/14
f 1494/10/14 1483/10/14 1482/11/14 1493/11/14
f 1509/9/13 1507/9/13 1483/10/13 1494/10/13
f 1524/12/15 1502/12/15 1490/12/15 1515/12/15
f 1518/12/17 1484/12/17 1487/12/17 1517/12/17
f 1513/13/16 1485/13/16 1489/13/16 1514/13/16
f 1522/12/15 1497/12/15 1492/12/15 1516/12/15
f 1497/12/14 1496/12/14 1484/12/14 1492/12/14
f 1502/12/14 1501/12/14 1488/12/14 1490/12/14
f 1496/12/14 1495/12/14 1487/12/14 1484/12/14
f 1501/12/14 1500/12/14 1486/12/14 1488/12/14
f 1516/12/17 1492/12/17 1484/12/17 1518/12/17
f 1523/12/13 1500/12/13 1485/12/13 1513/12/13
f 1514/13/16 1489/13/16 1491/13/16 1519/13/16
f 1521/12/13 1495/12/13 1486/12/13 1520/12/13
f 1517/12/13 1487/12/13 1495/12/13 1521/12/13
f 1488/12/14 1486/12/14 1495/12/14 1496/12/14
f 1490/12/14 1488/12/14 1496/12/14 1497/12/14
f 1515/12/15 1490/12/15 1497/12/15 1522/12/15
f 1505/9/13 1509/9/13 1494/10/13 1479/10/13
f 1479/10/14 1494/10/14 1493/11/14 1478/11/14
f 1520/12/13 1486/12/13 1500/12/13 1523/12/13
f 1489/12/14 1485/12/14 1500/12/14 1501/12/14
f 1491/12/14 1489/12/14 1501/12/14 1502/12/14
f 1519/12/15 1491/12/15 1502/12/15 1524/12/15
f 1480/10/14 1499/10/14 1498/11/14 1481/11/14
f 1504/9/13 1511/9/13 1499/10/13 1480/10/13
f 1481/11/16 1503/14/16 1504/9/16 1480/10/16
f 1481/11/15 1498/11/15 1512/14/15 1503/14/15
f 1478/11/15 1493/11/15 1510/14/15 1506/14/15
f 1493/11/15 1482/11/15 1508/14/15 1510/14/15
f 1482/11/17 1483/10/17 1507/9/17 1508/14/17
f 1498/11/15 1478/11/15 1506/14/15 1512/14/15
o EARS
v 2.000000 11.000000 2.000000
v 3.000000 11.000000 2.000000
v 2.500000 11.000000 2.000000
v 3.000000 12.000000 2.000000
v 3.500000 11.000000 2.000000
v 2.000000 12.000000 2.000000
v 2.500000 12.000000 2.000000
v 3.500000 12.000000 2.000000
v -2.000000 11.000000 2.000000
v -3.000000 11.000000 2.000000
v -2.500000 11.000000 2.000000
v -3.000000 12.000000 2.000000
v -3.500000 11.000000 2.000000
v -2.000000 12.000000 2.000000
v -2.500000 12.000000 2.000000
v -3.500000 12.000000 2.000000
vn -0.0000 -0.0000 -1.0000
vt 0.625000 0.750000
s 0
usemtl PINK2
f 1527/15/18 1525/15/18 1530/15/18 1531/15/18
f 1526/15/18 1527/15/18 1531/15/18 1528/15/18
f 1529/15/18 1526/15/18 1528/15/18 1532/15/18
f 1535/15/18 1539/15/18 1538/15/18 1533/15/18
f 1534/15/18 1536/15/18 1539/15/18 1535/15/18
f 1537/15/18 1540/15/18 1536/15/18 1534/15/18
o TAIL
v 0.000000 6.500000 9.000000
v 0.500000 6.500000 9.000000
v 0.000000 5.500000 9.000000
v 0.500000 5.500000 9.000000
v 0.500000 6.000000 9.000000
v 0.000000 6.500000 9.483532
v 0.000000 6.000000 9.483532
v 0.500000 6.500000 9.483532
v 0.000000 5.500000 9.483532
v 0.500000 5.500000 9.483532
v 0.500000 6.000000 9.483532
v 0.500000 7.500000 9.000000
v 0.000000 6.000000 9.000000
v 0.000000 7.500000 9.000000
v 0.500000 7.500000 9.483532
v 0.000000 7.500000 9.483532
v 0.000000 8.500000 9.000000
v 0.000000 8.500000 9.483532
v 0.500000 8.500000 9.483532
v 0.500000 8.500000 9.000000
v 0.000000 9.500000 9.000000
v 0.000000 9.500000 9.483532
v 0.500000 9.500000 9.483532
v 0.500000 9.500000 9.000000
v 0.500000 9.000000 9.483532
v 0.000000 9.000000 9.483532
v 0.000000 9.000000 9.000000
v 0.500000 9.000000 9.000000
v 0.500000 8.000000 9.000000
v 0.500000 8.000000 9.483532
v 0.000000 8.000000 9.000000
v 0.000000 8.000000 9.483532
v 0.500000 7.000000 9.483532
v 0.000000 7.000000 9.483532
v 0.000000 7.000000 9.000000
v 0.500000 7.000000 9.000000
v -1.000000 9.500000 9.000000
v -1.000000 9.500000 9.483532
v -1.000000 9.000000 9.000000
v -1.000000 9.000000 9.483532
v -0.500000 9.000000 9.483532
v -0.500000 9.000000 9.000000
v -0.500000 9.500000 9.000000
v -0.500000 9.500000 9.483532
v -1.500000 8.000000 9.000000
v -1.500000 8.000000 9.483532
v -1.000000 8.000000 9.000000
v -1.000000 8.000000 9.483532
v -1.500000 9.500000 9.483532
v -1.500000 9.000000 9.483532
v -1.500000 9.500000 9.000000
v -1.500000 9.000000 9.000000
v -1.000000 8.500000 9.000000
v -1.000000 8.500000 9.483532
v -1.500000 8.500000 9.000000
v -1.500000 8.500000 9.483532
v -0.474698 8.500000 9.483532
v -0.474698 8.000000 9.483532
v -0.474698 8.000000 9.000000
v -0.474698 8.500000 9.000000
v -0.610555 6.000000 9.483532
v -0.610555 5.500000 9.483532
v -0.610555 5.500000 9.000000
v -0.610555 6.000000 9.000000
vn -0.0000 -0.0000 1.0000
vn -0.0000 -1.0000 -0.0000
vn 1.0000 -0.0000 -0.0000
vn -1.0000 -0.0000 -0.0000
vn -0.0000 -0.0000 -1.0000
vn -0.0000 1.0000 -0.0000
vt 0.625000 0.750000
vt 0.000000 0.000000
s 0
usemtl PINK2
f 1574/16/19 1573/16/19 1555/16/19 1556/16/19
f 1543/16/20 1544/16/20 1550/16/20 1549/16/20
f 1547/16/19 1551/16/19 1548/16/19 1546/16/19
f 1549/16/19 1550/16/19 1551/16/19 1547/16/19
f 1544/16/21 1545/16/21 1551/16/21 1550/16/21
f 1545/16/21 1542/16/21 1548/16/21 1551/16/21
f 1547/16/22 1546/16/22 1541/16/22 1553/16/22
f 1543/16/20 1549/16/20 1602/16/20 1603/16/20
f 1570/16/21 1569/16/21 1560/16/21 1559/16/21
f 1575/16/22 1574/16/22 1556/16/22 1554/16/22
f 1576/17/23 1575/17/23 1554/17/23 1552/17/23
f 1573/16/21 1576/16/21 1552/16/21 1555/16/21
f 1566/16/19 1565/16/19 1563/16/19 1562/16/19
f 1569/17/23 1571/17/23 1557/17/23 1560/17/23
f 1572/16/19 1570/16/19 1559/16/19 1558/16/19
f 1571/16/22 1572/16/22 1558/16/22 1557/16/22
f 1564/16/24 1561/16/24 1562/16/24 1563/16/24
f 1568/17/23 1567/17/23 1561/17/23 1564/17/23
f 1582/16/20 1581/16/20 1580/16/20 1579/16/20
f 1565/16/21 1568/16/21 1564/16/21 1563/16/21
f 1559/16/21 1560/16/21 1568/16/21 1565/16/21
f 1557/16/22 1558/16/22 1566/16/22 1567/16/22
f 1560/17/23 1557/17/23 1567/17/23 1568/17/23
f 1558/16/19 1559/16/19 1565/16/19 1566/16/19
f 1554/16/22 1556/16/22 1572/16/22 1571/16/22
f 1556/16/19 1555/16/19 1570/16/19 1572/16/19
f 1552/17/23 1554/17/23 1571/17/23 1569/17/23
f 1555/16/21 1552/16/21 1569/16/21 1570/16/21
f 1548/16/21 1542/16/21 1576/16/21 1573/16/21
f 1542/17/23 1541/17/23 1575/17/23 1576/17/23
f 1541/16/22 1546/16/22 1574/16/22 1575/16/22
f 1546/16/19 1548/16/19 1573/16/19 1574/16/19
f 1587/16/20 1588/16/20 1586/16/20 1585/16/20
f 1584/16/24 1583/16/24 1577/16/24 1578/16/24
f 1581/16/19 1584/16/19 1578/16/19 1580/16/19
f 1583/17/23 1582/17/23 1579/17/23 1577/17/23
f 1561/17/23 1567/17/23 1582/17/23 1583/17/23
f 1566/16/19 1562/16/19 1584/16/19 1581/16/19
f 1562/16/24 1561/16/24 1583/16/24 1584/16/24
f 1567/16/20 1566/16/20 1581/16/20 1582/16/20
f 1595/17/23 1593/17/23 1587/17/23 1585/17/23
f 1594/16/19 1596/16/19 1586/16/19 1588/16/19
f 1592/16/22 1590/16/22 1589/16/22 1591/16/22
f 1594/16/19 1588/16/19 1598/16/19 1597/16/19
f 1577/17/23 1579/17/23 1592/17/23 1591/17/23
f 1596/16/22 1595/16/22 1585/16/22 1586/16/22
f 1578/16/24 1577/16/24 1591/16/24 1589/16/24
f 1580/16/19 1578/16/19 1589/16/19 1590/16/19
f 1590/16/22 1592/16/22 1595/16/22 1596/16/22
f 1579/16/21 1580/16/21 1594/16/21 1593/16/21
f 1580/16/19 1590/16/19 1596/16/19 1594/16/19
f 1592/17/23 1579/17/23 1593/17/23 1595/17/23
f 1600/16/21 1597/16/21 1598/16/21 1599/16/21
f 1593/16/24 1594/16/24 1597/16/24 1600/16/24
f 1588/16/20 1587/16/20 1599/16/20 1598/16/20
f 1587/17/23 1593/17/23 1600/17/23 1599/17/23
f 1602/16/22 1601/16/22 1604/16/22 1603/16/22
f 1547/16/24 1553/16/24 1604/16/24 1601/16/24
f 1553/17/23 1543/17/23 1603/17/23 1604/17/23
f 1549/16/19 1547/16/19 1601/16/19 1602/16/19
